geographic_id	poi_info
112844	1901766,0.301784,13,3111;1995966,0.116829,13,3111;2015314,0.318057,11,3111;2164580,0.570449,1,3111;2387562,0.190986,1,3111;2438815,0.299483,1,3111;2554317,0.353308,15,1554;2783595,0.241594,16,3111;3005362,0.301043,15,3111;3301355,0.356853,16,3111;3515696,0.243073,3,3111;914839,0.346965,13,3111;930812,0.255426,2,3111;945104,0.19157,1,3111;518700,0.396785,16,3111;589375,0.204081,17,3111;603403,0.315388,2,3111;1162310,0.352031,13,3111;1198673,0.371459,14,3111;4366745,0.452954,14,3111;4278634,0.4004,2,3111;3960079,0.373698,16,3111;3723109,0.298031,1,3111;3734098,0.213434,11,3111;3770110,0.264137,11,3111;3893584,0.356026,13,3111;5540455,0.428334,13,3111;4867710,0.243489,1,3111;6254582,0.320292,11,3111;7042224,0.219357,11,3111;6771885,0.123649,17,3111;6773220,0.599718,15,3111;6158761,0.281021,13,3111;7211232,0.307584,13,3111;6908978,0.272514,13,3111;6616839,0.180328,20,1554;6657991,0.218771,1,3111
306704	1896284,0.393762,16,203;2227117,0.142402,17,203;2255063,0.422748,13,203;2318404,0.368895,14,203;2369153,0.351357,11,203;2567371,0.262293,11,203;2669969,0.573667,14,203;2690216,0.614323,11,203;2747107,0.462397,13,203;2864796,0.268707,5,203;2976362,0.314746,11,203;3100785,0.211671,17,203;3200242,0.353821,1,203;3481503,0.423795,16,203;3497251,0.254888,1,203;3531303,0.363463,14,203;695182,0.077574,11,203;715832,0.36307,1,203;761815,0.496615,2,203;820932,0.435155,16,203;837959,0.304506,17,203;13574,0.312198,1,203;56395,0.068107,13,203;1265856,0.545794,11,203;1318315,0.071547,13,203;268832,0.833565,11,203;355491,0.28567,11,203;483898,0.338505,4,203;501606,0.204568,18,203;1569197,0.306166,15,203;591454,0.485091,8,203;621884,0.27318,4,203;4740567,0.253599,1,203;4765055,0.704335,11,203;4838540,0.692971,11,203;5111795,0.485369,11,203;5282749,0.631124,4,203;3905597,0.077385,11,203;4161683,0.289005,17,203;4192153,0.498714,10,203;4218019,0.375453,16,203;4238658,0.106909,13,203;4282414,0.23194,1,203;3969911,0.760264,8,203;3988787,0.257392,17,203;4070049,0.250197,11,203;4109239,0.28098,17,203;5339279,0.598837,11,203;5382384,0.216066,17,203;5699683,0.214409,1,203;5714836,0.456614,13,203;6744936,0.333552,1,203;6801132,0.601703,11,203;6809459,0.619195,8,203;6461651,0.383705,17,203;6461941,0.276236,11,203;6030279,0.396356,11,203;6157860,0.438527,13,203;5641806,0.135322,11,203;5642017,0.396832,13,203;6519918,0.636371,11,203;6574888,0.438078,11,203;6611900,0.287769,1,203;6969186,0.269559,18,203;7037498,0.392209,17,203;7139193,0.248499,11,203;7147034,0.60584,14,203;7183902,0.163281,13,203;6203371,0.596048,8,203;6208020,0.159424,17,203
1018652	1061331,0.258021,20,174;1063120,0.323356,1,174;1799335,0.323476,13,174;432180,0.428367,2,174;459527,0.301355,20,174;180338,0.178844,17,174;322560,0.355023,4,174;322580,0.066885,1,174;1664969,0.343995,11,174;34779,0.341875,14,174;44399,0.291062,3,174;534857,0.241539,17,174;573857,0.384983,4,174;638274,0.263917,17,174;658214,0.241719,20,174;1252024,0.202253,1,174;1311109,0.369168,3,174;1313691,0.269162,17,174;1325428,0.406021,13,174;1918798,0.258758,17,174;2020369,0.120757,14,174;2051455,0.201651,15,174;2221969,0.304949,20,174;2227666,0.383779,13,174;2252094,0.369306,4,174;2548262,0.160942,1,174;2591944,0.266625,14,174;2596294,0.196081,1,174;2708112,0.368731,7,174;2794118,0.320859,1,174;2841457,0.321179,1,174;2841805,0.212225,3,174;2949414,0.445907,17,174;3032066,0.308078,11,174;3068660,0.190865,4,174;3070844,0.39163,3,174;3136911,0.156566,4,174;3206269,0.359245,14,174;3275088,0.15625,1,174;3283025,0.373727,1,174;3347649,0.168088,13,174;3392923,0.344647,15,174;3470420,0.364451,14,174;3511015,0.37591,20,174;3559173,0.293844,3,174;3575228,0.230108,15,174;3651104,0.196077,11,174;3684556,0.189948,17,174;4139480,0.218573,7,174;4148464,0.259306,11,174;4167808,0.367187,13,174;4228354,0.252941,14,174;4280961,0.424878,1,174;4724712,0.207128,17,174;4739779,0.405495,7,174;4743485,0.46694,2,174;3784387,0.104209,13,174;4804606,0.228442,15,174;5139784,0.273858,17,174;5170688,0.419266,20,174;5172550,0.305827,1,174;5247663,0.276268,13,174;5263808,0.452576,16,174;5267137,0.387586,18,174;5283987,0.214947,7,174;5301871,0.741558,4,174;4329668,0.300608,13,174;4352329,0.693131,14,174;4379745,0.771089,8,174;4437066,0.583754,14,174;4502742,0.429117,20,174;3989788,0.437675,13,174;5407316,0.342381,7,174;7063405,0.331223,17,174;6545598,0.719572,8,174;6573821,0.375893,20,174;6094841,0.307959,17,174;6109020,0.581829,1,174;5594074,0.25982,1,174;6855235,0.299931,13,174;6861648,0.775549,8,174;6735149,0.357866,13,174;5658674,0.441412,15,174;5719895,0.203763,17,174;5773571,0.179044,14,174;5792835,0.342741,17,174;5884425,0.330507,4,174;5940602,0.311248,8,174;7281816,0.245956,11,174
1843846	2418577,0.14916,17,2194;1456104,0.433657,3,2194;891984,0.320036,17,2194;4897872,0.435228,10,2194;6793318,0.352427,17,2194;6490551,0.197786,18,2194;6855768,0.457714,15,2194
2439160	1902374,0.316282,16,1709;1982360,0.269938,11,1709;1990394,0.600736,8,1709;2020044,0.158142,17,1709;2027983,0.430373,4,1709;2061078,0.638424,8,1709;2124518,0.403357,17,1709;2141984,0.513856,16,1709;2144229,0.672029,16,1709;2145075,0.427686,17,1709;2146610,0.297648,1,1709;2181378,0.323366,13,1709;2222048,0.356295,4,1709;2290760,0.20201,3,1709;2328422,0.581285,20,1709;2351256,0.496034,4,1709;2360542,0.624503,16,1709;2370216,0.233698,5,1709;2374461,0.445649,16,1709;2413997,0.241959,9,1709;2422123,0.334141,11,1709;2458299,0.280501,16,1709;2555174,0.095291,1,1709;2607850,0.252051,17,1709;2665632,0.379162,16,1709;2684425,0.298428,16,1709;2693276,0.27034,13,1709;2710749,0.673384,16,1709;2746405,0.3472,3,1709;2824999,0.252102,13,1709;2832885,0.458354,20,1709;2854574,0.332119,3,1709;2884539,0.370719,16,1709;2903048,0.373668,1,1709;2929433,0.28552,4,1709;2939376,0.402015,1,1709;2956284,0.420177,14,1709;3077988,0.25788,1,1709;3087076,0.590235,13,1709;3197381,0.485084,16,1709;3217925,0.446374,4,1709;3233446,0.327675,15,1709;3235708,0.18602,17,1709;3241108,0.532519,16,1709;3258026,0.436312,13,1709;3264470,0.586236,16,1709;3277065,0.195558,1,1709;3295751,0.327529,19,1709;3334435,0.338938,3,1709;3337169,0.307341,16,1709;3358977,0.189926,17,1709;3361913,0.266504,17,1709;3397418,0.46329,13,1709;3400990,0.393899,16,1709;3403752,0.5047,16,1709;3430158,0.636314,16,1709;3440632,0.530438,11,1709;3524416,0.330084,17,1709;3527831,0.541861,11,1709;3620373,0.712749,8,1709;3671933,0.396039,14,1709;217933,0.045724,1,1709;262754,0.326713,17,1709;266661,0.453322,14,1709;328260,0.503612,16,1709;1224532,0.329216,10,1709;1243025,0.354618,17,1709;1250268,0.305859,13,1709;1255475,0.286893,20,1709;1262075,0.320033,5,1709;1281027,0.39199,15,1709;1332968,0.140094,17,1709;1344605,0.333249,18,1709;1368291,0.638057,8,1709;1435165,0.427041,16,1709;1439399,0.323146,16,1709;12209,0.540453,16,1709;15838,0.330445,1,1709;17421,0.205069,17,1709;65864,0.128632,4,1709;88549,0.422391,10,1709;124338,0.302576,17,1709;160292,0.224345,5,1709;351537,0.235197,5,1709;389899,0.154313,9,1709;402686,0.472683,13,1709;547986,0.137862,1,1709;554841,0.337251,1,1709;577225,0.213865,5,1709;581061,0.303986,1,1709;583532,0.358864,16,1709;589746,0.3619,16,1709;637736,0.426565,5,1709;651268,0.27251,10,1709;659511,0.263409,17,1709;673552,0.381441,17,1709;1032755,0.350875,16,1709;1036139,0.521347,4,1709;1045162,0.425133,13,1709;1050267,0.413984,16,1709;1076492,0.244327,1,1709;1096145,0.459488,8,1709;1106375,0.329221,17,1709;1141999,0.325951,16,1709;1150880,0.313795,5,1709;1188184,0.310571,18,1709;687208,0.151971,1,1709;716461,0.244946,15,1709;756079,0.303655,18,1709;756899,0.255239,3,1709;804004,0.391013,18,1709;826143,0.348441,20,1709;1562618,0.38912,13,1709;1566167,0.141861,11,1709;1579474,0.311917,10,1709;1632705,0.344408,13,1709;1682185,0.34517,17,1709;1688743,0.321474,13,1709;1716516,0.402093,16,1709;1740896,0.318464,13,1709;1828040,0.365175,13,1709;1859796,0.33959,16,1709;1872640,0.233766,13,1709;865658,0.402494,13,1709;957422,0.442254,8,1709;1002864,0.166772,1,1709;6400029,0.322674,18,1709;6429110,0.318742,1,1709;6456421,0.511207,16,1709;6473224,0.21442,15,1709;6176965,0.286546,17,1709;6202970,0.345366,16,1709;6307047,0.425574,16,1709;6317246,0.244513,17,1709;6520593,0.113008,1,1709;6621863,0.30683,18,1709;6663515,0.170326,17,1709;7215296,0.191341,17,1709;7222720,0.702087,8,1709;7245358,0.476037,3,1709;7258065,0.479727,16,1709;7261027,0.16801,13,1709;5687711,0.327054,15,1709;5721301,0.149838,17,1709;5738355,0.392794,17,1709;5761830,0.221585,15,1709;6919473,0.286751,15,1709;6920589,0.555057,16,1709;6933135,0.705241,8,1709;6985820,0.363479,15,1709;7004730,0.464938,4,1709;7041981,0.396511,16,1709;7048348,0.166318,1,1709;7064128,0.033501,17,1709;7084738,0.475641,16,1709;7123852,0.590073,13,1709;6718153,0.19511,11,1709;6744731,0.498305,16,1709;6831795,0.418382,8,1709;6836197,0.154014,13,1709;6842429,0.167855,13,1709;6842847,0.322599,15,1709;5890015,0.181772,3,1709;5898806,0.513984,8,1709;5899320,0.313646,1,1709;5906227,0.741579,8,1709;5982592,0.321444,16,1709;6096664,0.341842,7,1709;6137253,0.292865,10,1709;6151805,0.061175,1,1709;6159742,0.355864,13,1709;3777575,0.375714,17,1709;3784137,0.312471,16,1709;3898313,0.548101,1,1709;3907845,0.637602,16,1709;5157649,0.575154,8,1709;5168190,0.395425,16,1709;5277117,0.342685,1,1709;5014972,0.501272,16,1709;5040302,0.45951,16,1709;5101533,0.276147,17,1709;4399103,0.363083,11,1709;4826560,0.24031,11,1709;4849500,0.304422,1,1709;4885770,0.382937,16,1709;4892404,0.282507,13,1709;4908916,0.220603,17,1709;4926092,0.354597,11,1709;4937008,0.335478,17,1709;5539110,0.216633,13,1709;5552244,0.276806,1,1709;5559937,0.169511,17,1709;5561004,0.319797,4,318;5568395,0.55277,16,1709;5576657,0.598142,16,1709;5616707,0.294361,13,1709;5638018,0.738528,8,1709;5349548,0.335497,17,1709;5356209,0.306261,13,1709;5383708,0.173805,17,1709;5479455,0.220482,17,1709;5479968,0.375747,11,1709;4507780,0.222593,17,1709;4523602,0.323376,4,1709;4541869,0.368854,7,1709;4545537,0.257032,17,1709;4621345,0.44862,20,1709;3986766,0.423898,16,1709;4012210,0.168031,13,1709;4042171,0.223086,16,1709;4090514,0.273033,17,1709;4661060,0.231845,17,1709;4710424,0.488878,16,1709;4727954,0.179945,17,1709;4123101,0.548691,16,1709;4128795,0.194378,17,1709;4152728,0.37885,13,1709;4250138,0.41769,18,1709
3846464	1072211,0.836485,0,997
4111869	6372073,0.602569,8,835;6380819,0.296863,13,835;6404034,0.648735,8,835;6470366,0.224576,14,835;6914985,0.317476,17,835;6959647,0.364997,3,835;6531323,0.561157,8,835;6628277,0.403981,13,835;6008971,0.631394,8,835;6020778,0.470385,13,835;6040822,0.254786,13,835;6041450,0.328709,13,835;6043444,0.329961,14,835;6078861,0.326487,1,835;6082470,0.260251,20,835;6114657,0.309282,15,835;6161466,0.264299,3,835;6693669,0.398989,20,835;6697972,0.185182,11,835;6759766,0.194521,17,835;5657402,0.260648,17,835;5666551,0.099266,13,835;5688605,0.181742,3,1121;5723913,0.413494,4,835;5925567,0.243698,1,835;6173888,0.195454,1,835;6244014,0.274717,17,835;6260523,0.217236,1,835;7102299,0.426311,18,835;7122002,0.336226,11,835;7129037,0.132183,13,835;4970707,0.164595,9,1121;5037111,0.462245,8,835;5075616,0.458413,1,835;5096408,0.219721,13,835;5106326,0.232808,3,835;5120900,0.248744,17,835;4143404,0.624643,4,835;4194038,0.428541,20,835;4267596,0.389811,14,835;4281264,0.40356,4,835;3850256,0.403003,3,835;4458164,0.316553,3,835;4521874,0.308912,17,835;4559474,0.285794,17,835;4811865,0.416358,14,835;4835889,0.294662,20,835;4874308,0.399036,15,835;4879272,0.18551,13,835;4931829,0.687747,16,835;4962595,0.265728,20,835;5326268,0.309853,7,835;5378813,0.201842,1,835;5387119,0.364101,15,835;5393893,0.15654,3,835;5401341,0.28926,5,835;5414160,0.070281,20,835;5418027,0.296616,15,835;5520322,0.636084,8,835;5541839,0.178259,1,835;5562602,0.26223,3,835;5638452,0.684208,4,835;5649704,0.318227,17,835;3989883,0.29274,17,835;4007067,0.322038,17,835;4061637,0.154683,11,835;4062991,0.679412,8,835;4082722,0.661456,8,835;4091401,0.204443,1,835;4096850,0.477305,8,835;4634328,0.157005,9,835;4720581,0.357818,20,835;4731755,0.495433,16,835;4760885,0.393258,13,835;4789667,0.296006,14,835;5238976,0.233547,1,835;5269112,0.634344,8,835;5309351,0.171738,3,835;4402672,0.60804,3,835;590337,0.539046,8,835;621996,0.319895,17,835;1726566,0.391328,17,835;1748344,0.321481,13,835;1781602,0.317433,1,835;1854824,0.477279,11,835;362693,0.276737,13,835;388159,0.622664,11,835;471544,0.62599,8,835;486195,0.370716,13,835;1040595,0.283627,11,835;1116073,0.774971,11,835;180574,0.345995,17,835;211942,0.159545,11,835;311852,0.332664,11,835;1544545,0.230015,1,835;1587197,0.2752,3,835;1683959,0.474785,14,835;1686947,0.339444,3,835;712376,0.409777,13,835;747638,0.499128,16,835;808318,0.168163,1,835;819682,0.350212,3,835;36582,0.303576,17,835;66208,0.272792,13,835;142880,0.261607,4,835;882495,0.232544,6,835;945647,0.20243,3,835;1421333,0.310518,11,835;1475028,0.464483,14,835;1242866,0.61717,8,835;1267135,0.123328,11,835;1275190,0.313704,11,835;1331767,0.328097,14,835;1370477,0.360126,17,835;1971902,0.250739,17,835;1993161,0.282985,11,835;1994737,0.255487,3,835;2028279,0.487011,4,1121;2034789,0.574733,0,835;2058465,0.359398,13,835;2059913,0.264068,17,835;2172366,0.291745,14,835;2219799,0.187336,11,835;2248042,0.359993,17,835;2542684,0.553243,14,835;2599386,0.309678,20,835;2675146,0.642854,8,835;2779745,0.32663,3,835;2809576,0.736037,8,835;2881240,0.193268,1,835;2902830,0.20314,11,835;2916286,0.244408,1,1121;2977013,0.216605,7,835;2979417,0.549397,14,835;2999792,0.344644,17,835;3048969,0.297533,17,835;3055136,0.703313,8,1121;3128128,0.190243,3,835;3209393,0.396915,15,835;3328717,0.200263,3,835;3342056,0.202937,4,835;3392486,0.34946,1,835;3461447,0.278013,17,835;3507812,0.261176,17,835;3557397,0.489013,5,835;3567891,0.669609,8,835;3656939,0.605759,8,835;3657658,0.212183,13,835
4339288	6464465,0.259569,1,898;6488734,0.471452,18,898;6856490,0.391171,13,898;6966509,0.234136,3,898;5899508,0.305879,0,898;5974518,0.319712,1,898;6729135,0.530802,13,898;6774921,0.501285,13,898;6821280,0.257142,17,898;6524481,0.158757,3,898;7093757,0.250189,13,898;7122106,0.311908,17,898;5733873,0.22531,18,898;5823178,0.401256,18,898;6049680,0.353105,20,898;5499742,0.085928,3,898;5524680,0.344726,13,898;5555189,0.304395,1,898;4258743,0.287698,3,898;5166893,0.635483,8,898;5189816,0.178459,3,898;5059171,0.293662,10,898;3851530,0.323311,18,898;3721895,0.393914,20,898;3768124,0.495636,1,898;3950439,0.123247,17,898;3961493,0.327199,18,898;4359563,0.197935,17,898;4408963,0.155563,3,898;4434605,0.296328,20,898;4534800,0.296635,15,898;4590791,0.220735,3,898;4618107,0.377424,18,898;896809,0.277091,20,898;26924,0.282149,14,898;132851,0.238925,18,898;147363,0.325299,13,898;389354,0.225054,14,898;410241,0.381492,15,898;462640,0.247066,17,898;795635,0.438946,18,898;803266,0.431882,1,898;1578078,0.140039,3,898;1673911,0.210758,20,898;1777475,0.486193,20,898;1183873,0.173647,20,898;1184734,0.335895,10,898;1281373,0.166104,1,898;571523,0.347365,18,898;1931064,0.176335,14,898;2031715,0.275757,13,898;2068515,0.321546,13,898;2074658,0.268441,17,898;2173726,0.274854,17,898;2203656,0.270544,7,898;2249182,0.337886,18,898;2370737,0.344599,17,898;2383894,0.197636,7,898;2395526,0.286019,7,898;2405437,0.467036,4,898;2425820,0.426353,18,898;2864949,0.314077,16,898;2976373,0.576392,8,898;3219839,0.331526,16,898;3259034,0.408407,13,898;3278763,0.259718,3,898;3284226,0.404013,13,898;3563712,0.444377,14,898;3574775,0.245288,18,898
4594886	5319777,0.428218,8,2974;5411686,0.311695,9,2974;5443025,0.4192,1,2974;5456376,0.442707,13,2974;5459984,0.1821,9,2974;5507726,0.291905,13,2974;5510107,0.248582,17,2974;5528757,0.351086,17,2974;5539389,0.620703,15,2974;5541504,0.169754,1,2974;5562023,0.39354,17,2974;5577298,0.416999,20,2974;5588359,0.315139,1,2974;5599052,0.387957,1,2974;5603023,0.270834,17,2974;5603308,0.28408,3,2974;5629817,0.222426,13,2974;4987575,0.21295,11,2974;4997536,0.655712,11,2974;5002598,0.551162,8,2974;5035930,0.507619,15,2974;5047891,0.621502,4,2974;5049412,0.643328,8,2974;5068153,0.346441,1,2974;5086036,0.285601,4,2974;5107754,0.301551,1,2974;3949116,0.647311,18,2974;3979541,0.4119,17,2974;3989076,0.183024,1,2974;4059362,0.32912,17,2974;4072890,0.590835,8,2974;4080884,0.23447,9,2974;4099775,0.374907,17,2974;4107683,0.404432,17,2974;5142204,0.513721,1,2974;5181106,0.27701,13,2974;5201818,0.40794,17,2974;5204881,0.542131,16,2974;5233619,0.172077,1,2974;5239588,0.481613,13,2974;5274980,0.274972,3,2974;5290776,0.364398,13,2974;3773716,0.321435,4,2974;3778800,0.363197,2,2974;3792765,0.289339,17,2974;3921835,0.379003,17,2974;4479228,0.538817,16,2974;4487785,0.287172,7,2974;4492370,0.380172,17,2974;4516353,0.359773,8,2974;4540017,0.342995,3,2974;4553353,0.362804,17,2974;4577782,0.350095,15,2974;4625891,0.350933,1,2974;4116985,0.217041,17,2974;4143932,0.252059,1,2974;4149964,0.447048,15,2974;4195352,0.279214,17,2974;4220792,0.425449,17,2974;4236686,0.531712,11,2974;4240855,0.15968,17,2974;4241604,0.602607,8,2974;4269525,0.28633,17,2974;4279662,0.678483,14,2974;4667625,0.550823,16,2974;4676863,0.461759,17,2974;4695815,0.36688,3,2974;4724030,0.221278,3,2974;4772987,0.466105,10,2974;4774548,0.114563,17,2974;4781267,0.527555,17,2974;4291893,0.494307,2,2974;4305121,0.216227,1,2974;4328010,0.397642,17,2974;4355269,0.295002,11,2974;4428360,0.455694,17,2974;4440619,0.530207,15,2974;4441112,0.488718,3,2974;4810832,0.39685,17,2974;4815052,0.320153,3,2974;4835253,0.64834,8,2974;4887802,0.33407,13,2974;4908794,0.249292,9,2974;4926173,0.369672,17,2974;4940486,0.319212,13,2974;6863293,0.312035,17,2974;6875219,0.369612,3,2974;6884745,0.657688,8,2974;6947581,0.355602,3,2974;6951244,0.232939,3,2974;6996726,0.433103,17,2974;7008879,0.319859,3,2974;5653630,0.499884,8,2974;5724674,0.022415,9,2974;5731062,0.222468,1,2974;5743405,0.404843,17,2974;5772369,0.535061,8,2974;5783620,0.329104,17,2974;5786891,0.272544,11,2974;5797154,0.269769,3,2974;5797772,0.291142,17,2974;7028833,0.222865,17,2974;7046073,0.542953,8,2974;7069951,0.654991,8,2974;7074876,0.486233,8,2974;7117722,0.285257,17,2974;7147522,0.273937,9,2974;7164864,0.350371,8,2974;7190645,0.446342,17,2974;5830856,0.296103,3,2974;5846556,0.448898,17,2974;5848521,0.238317,3,2974;5853559,0.311144,3,2974;5874370,0.493631,3,2974;5889588,0.418406,13,2974;5917516,0.313644,17,2974;5921214,0.537833,8,2974;5978330,0.202963,11,2974;5979046,0.313034,17,2974;7220531,0.557769,17,2974;7223251,0.543417,4,2974;6175025,0.329483,17,2974;6184133,0.305544,9,2974;6194276,0.400872,17,2974;6215282,0.3279,13,2974;6242088,0.247596,1,2974;6278166,0.257103,1,2974;6285614,0.244022,17,2974;6326764,0.397075,15,2974;6329023,0.362431,3,2974;6527663,0.469059,17,2974;6544360,0.595265,8,2974;6559596,0.329084,1,2974;6605394,0.317529,17,2974;6361465,0.474596,20,2974;6430448,0.332272,1,2974;6447268,0.583868,17,2974;6468038,0.58708,4,2974;6004384,0.740108,8,2974;6005234,0.582218,17,2974;6032118,0.38821,1,2974;6069132,0.35716,1,2974;6070102,0.380479,1,2974;6079546,0.268755,1,2974;6084519,0.429512,13,2974;6098852,0.116418,3,2974;6129472,0.174965,1,2974;6134658,0.29957,1,2974;6136963,0.408981,14,2974;6694843,0.262628,17,2974;6705171,0.341623,17,2974;6768070,0.463928,4,2974;6770948,0.481571,8,2974;6772333,0.422153,7,2974;6779754,0.469861,10,2974;6804261,0.449606,17,2974;6821178,0.322846,13,2974;6825274,0.438244,8,2974;6834279,0.36704,17,2974;6838265,0.218325,17,2974;6847715,0.480321,2,2974;376722,0.309271,11,2974;388708,0.337753,2,2974;422537,0.31504,17,2974;432207,0.508826,1,2974;441767,0.318497,11,2974;463437,0.474015,8,2974;480943,0.445358,17,2974;493045,0.40273,10,2974;499917,0.320709,13,2974;512805,0.176694,17,2974;1393148,0.280283,11,2974;1410030,0.503484,8,2974;1428806,0.424224,3,2974;1441141,0.298833,11,2974;1456759,0.581837,8,2974;1469083,0.224745,4,2974;1475736,0.36218,10,2974;1476159,0.49842,13,2974;1500425,0.614081,8,2974;1502897,0.242629,17,2974;1504654,0.331684,17,2974;515255,0.459027,8,2974;573441,0.222429,1,2974;583413,0.454114,17,2974;595200,0.428043,2,2974;606940,0.278966,15,2974;609328,0.297288,17,2974;633234,0.189558,11,2974;640152,0.654203,8,2974;654282,0.524538,10,2974;673156,0.37158,13,2974;1203727,0.14066,17,2974;1237312,0.421185,17,2974;1276361,0.369103,11,2974;1298060,0.712778,8,2974;1330472,0.371715,17,2974;1336293,0.644763,8,2974;1354854,0.656815,8,2974;1371241,0.122289,17,2974;2763,0.289133,13,2974;75590,0.184196,14,2974;83505,0.4738,8,2974;88755,0.317009,17,2974;92580,0.175286,1,2974;131040,0.493876,17,2974;138575,0.66929,8,2974;151414,0.162101,1,2974;153266,0.23697,17,2974;163455,0.337844,17,2974;195045,0.210285,17,2974;242874,0.398073,20,2974;256865,0.65372,8,2974;296411,0.391472,3,2974;307640,0.431572,17,2974;308769,0.445501,2,2974;335584,0.293388,9,2974;337241,0.524187,16,2974;337589,0.712825,8,2974;1132467,0.377588,9,2974;1145229,0.339615,3,2974;1157600,0.397373,17,2974;1169936,0.384522,16,2974;1188862,0.384654,3,2974;1193712,0.463958,4,2974;1197607,0.237087,8,2974;1769822,0.330495,8,2974;1775543,0.304713,11,2974;1782195,0.160265,3,2974;1783876,0.374579,17,2974;1543481,0.217036,17,2974;1564166,0.575282,15,2974;1606366,0.350311,17,2974;1652187,0.367823,11,2974;1659999,0.199292,3,2974;1674610,0.32335,11,2974;867529,0.415324,13,2974;891830,0.574185,8,2974;917849,0.201499,1,2974;927736,0.609169,8,2974;950857,0.30159,3,2974;983476,0.337186,17,2974;986450,0.512397,15,2974;754413,0.426958,3,2974;760870,0.457865,8,2974;770936,0.420524,17,2974;789800,0.180414,3,2974;851253,0.373684,13,2974;1938378,0.420152,13,2974;1947446,0.632166,8,2974;1958628,0.616404,8,2974;1959563,0.576928,8,2974;1960470,0.558441,14,2974;1983328,0.326251,13,2974;1988046,0.14999,11,2974;2004858,0.185572,9,2974;2031406,0.327477,13,2974;2061690,0.305049,4,2974;2065883,0.330028,17,2974;2112830,0.354161,16,2974;2118436,0.368889,17,2974;2119082,0.226973,3,2974;2152745,0.329008,17,2974;2166121,0.602549,8,2974;2205560,0.342918,1,2974;2246903,0.472805,17,2974;2270726,0.203368,1,2974;2282927,0.310122,1,2974;2291567,0.341553,17,2974;2292823,0.569261,8,2974;2309061,0.348523,2,2974;2337379,0.326054,17,2974;2359994,0.499273,15,2974;2384909,0.462722,8,2974;2434546,0.205749,17,2974;2460041,0.348592,17,2974;2513446,0.253091,17,2974;2527728,0.324886,14,2974;2564224,0.384332,17,2974;2581048,0.451262,8,2974;2592454,0.578282,8,2974;2592535,0.390969,17,2974;2600833,0.247083,9,2974;2611548,0.337339,11,2974;2612532,0.354827,17,2974;2635566,0.297781,4,2974;2687703,0.540027,11,2974;2696758,0.563001,3,2974;2699404,0.323262,9,2974;2701930,0.38713,17,2974;2710736,0.455738,13,2974;2740408,0.294601,4,2974;2743817,0.35951,15,2974;2744871,0.110477,1,2974;2745091,0.181679,9,2974;2754032,0.38085,3,2974;2800398,0.603561,8,2974;2802674,0.226382,1,2974;2841349,0.144225,1,2974;2841532,0.383352,17,2974;2869246,0.293702,13,2974;2879448,0.253536,17,2974;2888196,0.566824,17,2974;2889441,0.418539,13,2974;2901939,0.205272,3,2974;2948299,0.161225,3,2974;2964144,0.300336,17,2974;2967380,0.26412,12,2974;2971437,0.228835,1,2974;2984726,0.347826,3,2974;2992201,0.656023,4,2974;3006118,0.434263,8,2974;3019848,0.403972,13,2974;3050017,0.33091,8,2974;3053835,0.534803,8,2974;3106413,0.126936,1,2974;3111770,0.310639,10,2974;3112223,0.670158,8,2974;3132221,0.458813,13,2974;3133391,0.379795,8,2974;3141068,0.329879,13,2974;3168026,0.260706,17,2974;3184684,0.277734,4,2974;3218825,0.186178,3,2974;3245180,0.432405,20,2974;3254008,0.416353,2,2974;3259687,0.370217,8,2974;3276900,0.299793,3,2974;3282068,0.505714,17,2974;3295015,0.279034,10,2974;3310782,0.352311,17,2974;3323311,0.31186,1,2974;3335586,0.377162,13,2974;3347586,0.601345,8,2974;3350335,0.381853,17,2974;3371575,0.499181,13,2974;3397621,0.309203,11,2974;3490055,0.453366,8,2974;3519878,0.289291,13,2974;3522922,0.416382,13,2974;3531042,0.651079,8,2974;3543896,0.312326,13,2974;3600342,0.044317,9,2974;3612678,0.368931,17,2974;3613576,0.286407,9,2974;3627777,0.27319,9,2974;3662542,0.617603,1,2974;3670766,0.481225,8,2974;3682757,0.184365,11,2974;3706853,0.387142,10,2974;3724918,0.323773,4,2974;3738136,0.206225,3,2974
4641532	6288958,0.31711,10,2422;5003239,0.262197,4,2422;1682117,0.800314,4,2422;140085,0.313864,15,2422;2005591,0.180773,10,2422;2750824,0.71484,4,2422
4649817	5379015,0.378287,17,437;5380284,0.225993,20,437;5459524,0.500027,2,437;3831144,0.391933,1,437;3925303,0.528239,10,437;4749737,0.36098,2,437;4765278,0.539007,8,437;4986612,0.389394,20,437;4995832,0.158095,17,437;5068170,0.468151,2,437;5113605,0.200279,1,437;4821056,0.049804,1,437;4844276,0.289815,9,437;4942619,0.623844,16,437;4947985,0.413225,17,437;4322713,0.321711,13,437;5191860,0.218993,3,437;5193007,0.378362,4,437;5250396,0.201649,9,437;5304793,0.199756,9,437;4484130,0.385876,18,437;4561368,0.288696,3,437;3988245,0.435243,8,437;4030317,0.302939,3,437;6678714,0.30108,3,437;6180690,0.300626,4,437;6191595,0.234113,13,437;6288085,0.174313,17,437;6338404,0.231677,17,437;5883697,0.242339,0,437;5936132,0.32635,2,437;5947238,0.326109,1,437;5980027,0.291232,3,437;5989471,0.334487,1,437;6796865,0.265789,3,437;6804349,0.241574,17,437;6846514,0.364393,11,437;5635657,0.220927,17,437;6032079,0.352522,17,437;6057646,0.27185,20,437;6062676,0.36723,17,437;6856805,0.096466,17,437;6891897,0.240397,17,437;6963339,0.290341,17,437;6969950,0.193729,17,437;7197529,0.391299,8,437;7235617,0.209997,17,437;7274362,0.55268,8,437;7126885,0.636843,8,437;2123621,0.331801,20,437;2254215,0.206481,17,437;2273584,0.327497,13,437;2413241,0.202404,1,437;2429947,0.626064,8,437;2513967,0.206527,15,437;2574016,0.237251,3,437;2610459,0.190353,17,437;2619571,0.379051,20,437;2649995,0.302022,1,437;2717255,0.434779,13,437;2766950,0.197468,1,437;2882915,0.284462,3,437;2890652,0.058571,3,437;2898722,0.222338,5,437;2988807,0.297783,14,437;2988843,0.408475,8,437;3001265,0.439424,14,437;3020026,0.502243,0,437;3220581,0.346667,17,437;3279021,0.236532,17,437;3578739,0.592741,14,437;3644931,0.486278,20,437;3695236,0.340983,4,437;3699076,0.280029,2,437;3720260,0.281424,1,437;1094373,0.229088,3,437;1113198,0.296099,11,437;897118,0.232599,13,437;930581,0.321512,14,437;943672,0.393413,17,437;966401,0.515498,4,437;982492,0.670089,8,437;1001534,0.669262,8,437;425163,0.373042,3,437;510606,0.595153,8,437;751064,0.199212,17,437;776692,0.671097,8,437;1409214,0.211177,17,437;1550556,0.321929,4,437;1681935,0.400916,11,437;1727336,0.203273,15,437;1764848,0.363288,14,437;1835989,0.237906,3,437;250708,0.63622,8,437;310137,0.320798,4,437;324881,0.452046,3,437
5606961	1897784,0.550125,1,1826;1903638,0.369788,17,1826;1916714,0.41479,16,1826;1922815,0.009893,1,1826;1927921,0.090225,13,1826;1953839,0.349815,9,1826;1991158,0.515046,1,1826;2010706,0.313686,14,1826;2058659,0.104546,1,1826;2060679,0.158372,17,1826;2063824,0.105369,9,1826;2071304,0.636867,1,1826;2101634,0.262486,16,1826;2111741,0.351251,3,1826;2131759,0.476772,16,1826;2144948,0.461736,17,1826;2146482,0.592219,16,1826;2152033,0.249431,17,1826;2183318,0.356869,1,1826;2207758,0.380209,3,1826;2218619,0.12354,17,1826;2239243,0.211525,3,1826;2241566,0.447057,3,1826;2257349,0.322682,3,1826;2287605,0.293097,7,1826;2309068,0.289693,3,1826;2312093,0.560168,13,1826;2323943,0.203569,9,1826;2328024,0.371668,1,1826;2356439,0.28432,9,1826;2364826,0.276116,1,1826;2365924,0.186374,15,1826;2370771,0.304683,9,1826;2416484,0.18826,1,1826;2418766,0.216607,3,1826;2452004,0.57849,13,1826;2481665,0.472584,11,1826;2486603,0.088782,9,1826;2514840,0.330061,1,1826;2547625,0.253729,9,1826;2549678,0.384874,17,1826;2560682,0.375829,13,1826;2567210,0.20011,4,1826;2624373,0.256105,3,1826;2667904,0.45096,10,1826;2677223,0.315104,17,1826;2699624,0.788541,1,1826;2711508,0.333156,1,1826;2716433,0.416936,3,1826;2761352,0.462905,16,1826;2777778,0.394656,16,1826;2803399,0.578289,8,1826;2825242,0.502063,3,1826;2864984,0.193835,4,1826;2869638,0.448015,16,1826;2891654,0.321394,17,1826;2898405,0.40359,13,1826;2965775,0.245698,9,1826;2967127,0.232581,3,1826;3053337,0.457641,16,1826;3053917,0.302927,1,1826;3090773,0.289166,9,1826;3102181,0.296501,4,1826;3113540,0.356289,17,1826;3133384,0.369517,17,1826;3139809,0.451663,13,1826;3143922,0.184348,16,1826;3152701,0.409767,17,1826;3166266,0.292104,13,1826;3178332,0.304945,1,1826;3213132,0.503878,2,1826;3215233,0.660631,16,1826;3248121,0.458404,16,1826;3259290,0.172239,9,1826;3275180,0.388449,1,1826;3296180,0.127393,9,1826;3320329,0.158792,13,1826;3353379,0.272529,3,1826;3356706,0.227158,1,1826;3380679,0.369993,13,1826;3398786,0.455484,3,1826;3401344,0.389029,10,1826;3401553,0.26914,9,1826;3404891,0.396295,7,1826;3408174,0.170693,3,1826;3419950,0.417884,13,1826;3493225,0.163654,1,1826;3500147,0.440308,17,1826;3505909,0.329809,11,1826;3535358,0.310584,17,1826;3537592,0.757676,1,1826;3542344,0.34606,3,1826;3547280,0.220203,15,1826;3555858,0.140518,0,1826;3597223,0.607408,8,1826;3610917,0.40621,1,1826;3623246,0.258833,16,1826;3629739,0.280381,3,1826;3653486,0.321526,17,1826;3654772,0.447986,17,1826;3693346,0.548901,11,1826;3714792,0.614461,17,1826;3736578,0.276408,1,1826;3755555,0.160515,1,1826;3758274,0.401601,17,1826;3765425,0.548822,17,1826;870237,0.46377,3,1826;900487,0.459339,16,1826;930999,0.478902,3,1826;949446,0.197335,2,1826;961036,0.424603,13,1826;977689,0.322809,3,1826;984886,0.365233,7,1826;521496,0.393273,17,1826;524755,0.254065,17,1826;577639,0.309173,1,1826;596171,0.12755,17,1826;635161,0.273461,1,1826;644435,0.380956,17,1826;645041,0.165174,13,1826;651224,0.236115,13,1826;653358,0.278269,17,1826;664046,0.388557,17,1826;666614,0.323644,14,1826;671788,0.572764,17,1826;672740,0.564548,7,1826;1559889,0.347766,17,1826;1580303,0.314179,1,1826;1588549,0.515666,15,1826;1618052,0.566739,14,1826;1635805,0.57722,8,1826;1680045,0.214475,3,1826;1690669,0.378269,16,1826;1691763,0.500217,10,1826;1698520,0.31789,1,1826;1708885,0.27358,3,1826;188405,0.271081,9,1826;207532,0.120452,17,1826;213177,0.310861,9,1826;250008,0.361271,1,1826;261395,0.400759,17,1826;274534,0.256587,9,1826;279077,0.496267,16,1826;280229,0.454118,16,1826;284034,0.348756,1,1826;324046,0.521335,3,1826;326291,0.397166,16,1826;4386,0.467167,14,1826;15135,0.151015,1,1826;23757,0.459858,14,1826;24656,0.233241,13,1826;77010,0.352004,1,1826;85442,0.482175,13,1826;92315,0.312567,3,1826;102090,0.651576,10,1826;147500,0.442947,10,1826;170950,0.338528,3,1826;1715161,0.286323,17,1826;1733741,0.32791,11,1826;1738766,0.30298,17,1826;1744130,0.128953,17,1826;1744229,0.554769,11,1826;1759682,0.237899,17,1826;1783042,0.412538,3,1826;1805849,0.378675,16,1826;1806807,0.295733,13,1826;1859364,0.295374,1,1826;1867734,0.313798,13,1826;1871519,0.277002,13,1826;691001,0.607684,3,1826;699555,0.062339,3,1826;710924,0.541366,1,1826;711967,0.227545,13,1826;719026,0.395304,3,1826;727915,0.364596,3,1826;779018,0.445698,16,1826;793737,0.308789,17,1826;794218,0.260998,3,1826;796144,0.801811,1,1826;796273,0.59539,15,1826;828027,0.382392,16,1826;842155,0.295653,9,1826;1203392,0.39983,14,1826;1212891,0.31742,1,1826;1231875,0.493876,16,1826;1259111,0.31028,10,1826;1286745,0.50248,16,1826;1296706,0.102289,3,1826;1302657,0.290272,8,1826;1326624,0.573851,10,1826;1334281,0.524836,16,1826;1368143,0.189594,3,1826;1371790,0.432754,16,1826;1380313,0.400197,16,1826;1407678,0.422782,3,1826;1419491,0.648799,11,1826;1449868,0.37353,3,1826;1475638,0.258827,4,1826;1485282,0.352562,13,1826;1530251,0.110016,11,1826;1532547,0.363554,17,1826;1535498,0.519686,2,1826;1541905,0.662049,1,1826;1125430,0.364327,17,1826;1154992,0.131016,17,1826;1155456,0.346389,3,1826;1172359,0.490667,4,1826;1179704,0.288387,1,1826;353148,0.258201,9,1826;367629,0.476118,3,1826;374680,0.411861,3,1826;385839,0.245548,16,1826;390140,0.452521,3,1826;405976,0.244208,3,1826;6535773,0.214402,1,1826;6550137,0.431236,17,1826;6553789,0.269505,14,1826;6557186,0.348237,14,1826;6579474,0.307717,17,1826;6597297,0.307766,1,1826;6602110,0.186606,16,1826;6606961,0.060456,9,1826;6633885,0.320042,7,1826;6646481,0.475618,14,1826;6654321,0.428232,14,1826;6659635,0.288655,3,1826;6661755,0.427465,13,1826;6673074,0.426048,9,1826;6873598,0.421485,17,1826;6878505,0.439098,17,1826;6886813,0.357425,3,1826;6902794,0.389931,3,1826;6967156,0.152679,13,1826;6976839,0.482109,13,1826;7003750,0.422665,16,1826;7018364,0.412253,3,1826;7019587,0.746027,8,1826;7022643,0.243849,14,1826;6170682,0.326212,17,1826;6173589,0.411493,16,1826;6234592,0.505559,10,1826;6261011,0.224999,4,1826;6263126,0.198416,9,1826;6275975,0.372003,16,1826;6687820,0.518605,8,1826;6702727,0.38006,14,1826;6709748,0.204302,3,1826;6721347,0.332234,9,1826;6726726,0.138621,13,1826;6753866,0.282954,17,1826;6755115,0.209617,6,1826;6815375,0.452092,2,1826;6848768,0.332043,13,1826;5832280,0.391408,1,1826;5847157,0.40106,7,1826;5854074,0.296821,16,1826;5864938,0.311796,1,1826;5893550,0.272679,1,1826;5902376,0.506315,1,1826;5911073,0.349801,3,1826;5916797,0.138708,13,1826;5932209,0.233179,3,1826;5947184,0.43123,14,1826;5951696,0.402871,1,1826;5963260,0.29314,17,1826;5972241,0.377446,1,1826;6341171,0.556715,16,1826;6348708,0.127153,1,1826;6349909,0.437054,17,1826;6365811,0.398511,16,1826;6398194,0.204834,13,1826;6401216,0.354293,3,1826;6402494,0.699104,8,1826;6430752,0.318202,1,1826;6432128,0.234654,17,1826;6462385,0.199924,11,1826;6467164,0.325657,9,1826;6471035,0.22469,14,1826;6478595,0.280641,14,1826;6480855,0.243968,9,1826;7044621,0.317966,4,1826;7070464,0.345535,3,1826;7086382,0.236548,17,1826;7097766,0.203054,3,1826;7103417,0.106612,1,1826;7111041,0.406033,1,1826;7125265,0.096646,9,1826;7126914,0.41748,1,1826;7134853,0.503598,3,1826;7143345,0.316739,17,1826;7164984,0.359622,17,1826;7173980,0.339101,9,1826;7175280,0.279724,9,1826;5997714,0.448914,14,1826;6007499,0.598485,3,1826;6014362,0.445705,16,1826;6018836,0.207489,1,1826;6019896,0.300508,17,1826;6020291,0.336573,3,1826;6037225,0.42105,14,1826;6108873,0.36089,17,1826;6151556,0.258222,3,1826;6161955,0.487348,3,1826;7198256,0.202315,1,1826;7206483,0.171448,4,1826;7217764,0.186371,1,1826;7218942,0.328818,1,1826;7232008,0.284765,17,1826;7234837,0.3781,17,1826;7273098,0.480593,8,1826;7284880,0.676658,16,1826;7290145,0.659307,8,1826;5653679,0.505277,16,1826;5669803,0.329414,9,1826;5695291,0.141137,1,1826;5709474,0.109563,13,1826;5725161,0.440953,16,1826;5743153,0.246662,8,1826;5746411,0.497722,16,1826;5747167,0.333668,1,1826;5765249,0.419977,16,1826;5774073,0.426289,3,1826;5803920,0.491588,16,1826;5805681,0.461197,3,1826;5810753,0.398868,7,1826;5818320,0.43716,3,1826;3949905,0.258003,1,1826;3984579,0.427624,3,1826;3985852,0.197138,9,1826;3989031,0.056896,9,1826;3990090,0.443305,17,1826;4024533,0.287837,13,1826;4029411,0.422773,17,1826;4060265,0.3184,13,1826;4066097,0.342716,17,1826;4098591,0.388642,14,1826;4798219,0.498622,14,1826;4804122,0.351941,13,1826;4804479,0.390192,13,1826;4834055,0.233142,18,1826;4845364,0.338719,3,1826;4891972,0.466536,17,1826;4899917,0.320206,3,1826;4910882,0.159499,1,1826;4941894,0.342007,16,1826;4949465,0.238539,7,1826;3795110,0.195875,3,1826;3796054,0.479828,17,1826;3798965,0.739254,1,1826;3824354,0.457631,16,1826;3835652,0.166759,13,1826;3865022,0.1617,3,1826;3875173,0.350645,17,1826;3915693,0.422183,16,1826;4119018,0.117759,17,1826;4161278,0.476525,2,1826;4220833,0.555554,1,1826;4227523,0.41399,9,1826;4232422,0.505577,17,1826;4242208,0.433001,3,1826;4252369,0.367079,16,1826;4252902,0.626219,14,1826;4970864,0.340076,3,1826;4980986,0.346607,3,1826;5065288,0.195521,9,1826;5067505,0.319966,13,1826;5071547,0.423684,17,1826;5080897,0.480964,13,1826;5082699,0.30025,10,1826;5102842,0.329929,17,1826;5111034,0.425306,2,1826;5143218,0.393824,16,1826;5143280,0.317885,1,1826;5157837,0.232035,3,1826;5168244,0.435305,16,1826;5175608,0.593963,13,1826;5178259,0.231154,3,1826;5221949,0.295554,9,1826;5226517,0.60094,17,1826;5239458,0.439115,14,1826;5246885,0.262776,9,1826;5268488,0.408886,1,1826;5296210,0.563471,8,1826;5296340,0.369226,1,1826;5318493,0.410669,1,1826;5346956,0.536612,17,1826;5365337,0.254677,9,1826;5368055,0.588363,13,1826;5371168,0.7832,8,1826;5386494,0.501669,2,1826;5406255,0.298724,17,1826;5407591,0.370409,13,1826;5413256,0.315937,1,1826;5426832,0.464993,1,1826;5438186,0.473196,10,1826;5456832,0.176598,3,1826;5459818,0.328519,1,1826;5464584,0.32061,1,1826;5479793,0.342672,3,1826;4638014,0.386954,3,1826;4654516,0.235296,14,1826;4683830,0.281385,9,1826;4701443,0.424812,13,1826;4734892,0.319225,16,1826;4741384,0.469128,13,1826;4752426,0.52389,17,1826;4756939,0.335439,1,1826;4790945,0.17667,17,1826;4793379,0.39579,20,1826;5499974,0.445103,1,1826;5516707,0.512081,8,1826;5572697,0.03848,13,1826;5575412,0.399325,16,1826;5589940,0.629465,16,1826;5619274,0.370635,11,1826;5639101,0.308483,17,1826;4481622,0.325875,3,1826;4483372,0.519489,17,1826;4501288,0.259372,9,1826;4516122,0.443949,9,1826;4540333,0.215372,1,1826;4541972,0.458772,10,1826;4542256,0.358665,17,1826;4555120,0.275202,16,1826;4577020,0.363325,3,1826;4583752,0.546863,16,1826;4583963,0.346795,3,1826;4586405,0.429731,17,1826;4612383,0.466608,17,1826;4616485,0.223419,1,1826;4304397,0.550527,1,1826;4316001,0.339173,3,1826;4319464,0.636327,8,1826;4342013,0.719097,10,1826;4352631,0.315864,9,1826;4359648,0.204232,1,1826;4371531,0.315157,8,1826;4393556,0.452125,13,1826;4393709,0.690047,4,1826;4403498,0.491368,3,1826;4433791,0.569055,4,1826;4438806,0.417094,17,1826
5615504	691924,0.28079,17,1709;716455,0.229992,17,1709;730577,0.359343,16,1709;749068,0.341093,5,1709;825285,0.343326,1,1709;836027,0.280108,10,1709;847941,0.111922,17,1709;851914,0.508333,5,1709;1744513,0.472618,4,1709;1776284,0.786446,16,1709;1807803,0.668932,4,1709;1869494,0.308496,1,1709;1042467,0.384721,16,1709;1056468,0.34486,5,1709;1086895,0.345857,4,1709;1147900,0.387913,19,1709;1267908,0.216804,17,1709;1305694,0.136917,13,1709;1306750,0.382467,16,1709;1337852,0.341993,17,1709;1346974,0.560312,16,1709;1583863,0.277068,17,1709;1584620,0.403652,16,1709;1628606,0.482515,16,1709;1644658,0.133717,17,1709;1680791,0.588963,16,1709;569123,0.35142,5,1709;579367,0.497577,16,1709;591215,0.567976,4,1709;626103,0.280467,19,1709;661438,0.394718,16,1709;217119,0.383114,17,1709;242007,0.4816,3,1709;246703,0.354412,16,1709;266925,0.184553,1,1709;1385573,0.128129,13,1709;1392930,0.353577,17,1709;1397650,0.402259,16,1709;1408032,0.132176,13,1709;1421482,0.346276,16,1709;1431593,0.146799,17,1709;1431639,0.230053,17,1709;1462606,0.549979,4,1709;1475424,0.126499,13,1709;1486180,0.286109,4,1709;365662,0.437739,16,1709;422421,0.308212,5,1709;442586,0.336358,16,1709;445173,0.471199,16,1709;467849,0.546637,1,1709;496731,0.248427,5,1709;927632,0.159998,13,1709;954465,0.391485,4,1709;973892,0.346617,5,1709;985061,0.458064,19,1709;987192,0.425714,16,1709;1015035,0.341492,16,1709;1024146,0.326421,15,1709;61417,0.275403,4,1709;88961,0.36166,16,1709;98485,0.208172,11,1709;107178,0.332419,17,1709;119641,0.457344,16,1709;165443,0.24709,16,1709;1936938,0.357186,16,1709;1952808,0.412264,17,1709;1955623,0.446551,16,1709;1983942,0.367336,4,1709;2001625,0.161729,13,1709;2064939,0.23451,13,1709;2068965,0.368606,5,1709;2086968,0.433095,16,1709;2090535,0.363209,16,1709;2146633,0.329733,13,1709;2171819,0.394985,16,1709;2173224,0.323322,4,1709;2183465,0.168229,13,1709;2202858,0.266014,5,1709;2203740,0.29448,18,1709;2278732,0.281032,4,1709;2301203,0.261428,17,1709;2314135,0.43584,5,1709;2333648,0.162551,13,1709;2343961,0.511776,16,1709;2347677,0.535503,16,1709;2351852,0.271183,4,1709;2404542,0.361501,17,1709;2435679,0.44047,16,1709;2454557,0.24278,15,1709;2512873,0.203998,15,1709;2538689,0.371307,11,1709;2564083,0.4588,17,1709;2570342,0.063024,1,1709;2676725,0.159405,17,1709;2694016,0.383209,17,1709;2722119,0.448575,5,1709;2729009,0.304734,4,1709;2750122,0.491404,13,1709;2752322,0.334789,13,1709;2796473,0.479355,2,1709;2879760,0.457244,5,1709;2880120,0.312984,17,1709;2904962,0.264412,5,1709;2941703,0.517911,4,1709;2945179,0.325953,5,1709;3005884,0.693533,4,1709;3016712,0.240725,1,1709;3021913,0.325516,1,1709;3029361,0.403588,1,1709;3089732,0.346866,16,1709;3094497,0.497324,16,1709;3100870,0.503389,5,1709;3122589,0.44655,16,1709;3187392,0.309128,13,1709;3188635,0.255773,19,1709;3211946,0.517446,16,1709;3224861,0.617408,4,1709;3234988,0.490146,16,1709;3242226,0.356993,5,1709;3253315,0.235344,5,1709;3316174,0.404074,13,1709;3320126,0.114302,13,1709;3403219,0.366868,5,1709;3518258,0.466595,17,1709;3520779,0.819802,4,1709;3526446,0.885023,4,1709;3528576,0.386337,5,1709;3566554,0.540655,4,1709;3574497,0.341079,4,1709;3614694,0.38205,4,1709;3649037,0.186801,17,1709;3662443,0.425024,16,1709;3688703,0.245804,19,1709;3688907,0.122442,13,1709;3710817,0.584923,14,1709;3715636,0.485436,5,1709;3730562,0.326329,17,1709;3732399,0.195798,4,1709;3737606,0.313927,17,1709;3737921,0.358908,5,1709;3740309,0.18416,15,1709;3766387,0.420612,16,1709;7038144,0.532542,4,1709;7056214,0.311845,17,1709;7095803,0.444975,5,1709;7112613,0.410922,4,1709;7128124,0.332203,5,1709;7135833,0.46596,16,1709;7138861,0.159705,13,1709;7143629,0.213662,17,1709;7182314,0.464654,5,1709;5666646,0.374209,19,1709;5697852,0.407717,16,1709;5703297,0.373587,16,1709;5726843,0.679105,4,1709;5731955,0.537569,16,1709;5740023,0.45265,16,1709;5746368,0.3608,8,1709;5766171,0.331142,4,1709;5782764,0.343084,4,1709;6345409,0.520648,6,1709;6355351,0.415771,16,1709;6356885,0.376444,16,1709;6377648,0.291783,5,1709;6425672,0.438519,16,1709;6507548,0.454221,16,1709;6689944,0.376695,17,1709;6690235,0.365665,5,1709;6705923,0.286263,5,1709;6768931,0.281751,1,1709;6778893,0.4902,4,1709;6789703,0.415714,16,1709;6838751,0.464043,5,1709;6846670,0.242209,13,1709;7206279,0.149268,13,1709;7212343,0.371801,5,1709;7221499,0.266474,20,1709;6172447,0.226807,16,1709;6179110,0.465094,16,1709;6183866,0.400902,16,1709;6191288,0.272111,4,1709;6222150,0.32596,4,1709;6229872,0.177672,17,1709;6240606,0.170001,1,1709;6252204,0.404248,5,1709;6301559,0.429879,16,1709;6317919,0.253134,17,1709;6319823,0.279808,17,1709;6020896,0.624911,8,1709;6029329,0.518871,4,1709;6065484,0.415472,13,1709;6075573,0.385751,5,1709;6131424,0.38602,5,1709;6574661,0.372909,16,1709;6581562,0.460315,16,1709;6606629,0.327003,0,1709;6606971,0.428143,16,1709;6611706,0.632015,4,1709;6621619,0.552358,5,1709;6633573,0.555771,16,1709;5834860,0.382814,13,1709;5838649,0.263744,20,1709;5865467,0.255685,1,1709;5953846,0.157518,1,1709;5994711,0.648764,5,1709;6904203,0.295293,15,1709;6917619,0.444202,16,1709;6929013,0.482083,16,1709;6946693,0.351442,5,1709;6951449,0.139112,13,1709;6990863,0.560541,16,1709;6991476,0.655084,5,1709;6999392,0.458788,16,1709;4316619,0.176265,16,1709;4352481,0.311681,17,1709;4401334,0.62688,13,1709;4406494,0.336518,16,1709;4424649,0.319511,5,1709;4453188,0.413952,16,1709;5153008,0.208007,13,1709;5162864,0.469323,16,1709;5218216,0.492801,16,1709;5258461,0.433997,16,1709;5263070,0.513198,16,1709;5267776,0.228578,13,1709;3952472,0.43625,1,1709;3993602,0.433339,16,1709;4023417,0.416096,16,1709;4062674,0.692059,4,1709;4087925,0.21624,13,1709;4111738,0.235129,4,1709;4181142,0.357624,5,1709;4222608,0.243113,17,1709;4816640,0.470657,5,1709;4816935,0.836447,4,1709;4840385,0.487445,16,1709;4841061,0.367678,17,1709;4903838,0.318215,17,1709;4941147,0.523816,5,1709;4947077,0.334549,5,1709;5488363,0.14322,4,1709;5526251,0.218935,17,1709;5528331,0.429605,5,1709;5545124,0.660926,16,1709;5549903,0.482349,4,1709;5594029,0.115627,17,1709;5642001,0.321855,1,1709;4638423,0.14171,17,1709;4643261,0.995647,4,1709;4655147,0.253985,19,1709;4658748,0.4362,16,1709;4666870,0.510145,16,1709;4711482,0.445655,17,1709;4743491,0.683465,8,1709;4485785,0.224053,17,1709;4529636,0.424082,5,1709;4531068,0.526014,1,1709;4583390,0.26726,16,1709;4603492,0.416805,4,1709;5013077,0.347273,5,1709;5032724,0.458562,4,1709;5065664,0.241953,9,1709;5066645,0.198901,10,1709;5073665,0.298104,5,1709;5077060,0.307408,5,1709;5106697,0.351495,16,1709;5328942,0.119389,17,1709;5424935,0.431238,15,1709;5444596,0.352413,5,1709;3779755,0.136518,13,1709;3785806,0.380099,20,1709;3797818,0.523572,16,1709;3829511,0.456909,16,1709;3914696,0.264655,17,1709
6380030	1933496,0.386583,3,1121;1946888,0.267807,11,1121;2002710,0.260657,20,1121;2056034,0.444773,1,1121;2069652,0.20553,17,1121;2103467,0.370637,14,1121;2125248,0.311349,13,1121;2132634,0.648355,8,1121;2145805,0.400311,13,1121;2155355,0.43288,13,1121;2177987,0.256452,17,1121;2250506,0.378131,9,1121;2272517,0.314023,20,1121;2281957,0.450722,8,1121;2393583,0.273975,14,1121;2424539,0.055688,3,1121;2430304,0.264428,3,1121;2436741,0.061258,3,1121;2454604,0.31182,3,1121;2470132,0.473082,4,1121;2472065,0.541402,4,1121;2484378,0.346138,13,1121;2490412,0.321061,1,1121;2613972,0.378396,3,1121;2624171,0.437338,17,1121;2659355,0.419868,20,1121;2700165,0.349523,20,1121;2702098,0.721665,8,1121;2723611,0.455605,7,1121;2773445,0.456645,17,1121;2782225,0.414743,20,1121;2798367,0.487114,1,1121;2807613,0.722662,8,1121;2816860,0.329749,1,1121;2824505,0.812339,1,1121;2874321,0.451845,11,1121;2909502,0.454217,1,1121;2933195,0.369934,17,1121;2941867,0.159986,1,1121;2950000,0.239045,9,1121;2998196,0.207838,20,1121;3019958,0.302405,1,1121;3070275,0.403001,15,1121;3086272,0.227911,13,1121;3090335,0.318515,17,1121;3100160,0.392527,1,1121;3108318,0.222502,17,1121;3142821,0.131168,13,1121;3168401,0.181271,13,1121;3198956,0.492915,8,1121;3203840,0.184038,1,1121;3218469,0.504673,1,1121;3396956,0.272165,1,1121;3463800,0.220109,17,1121;3494466,0.310667,1,1121;3502651,0.429335,17,1121;3508763,0.208781,13,1121;3523117,0.468062,17,1121;3525292,0.195435,1,1121;3531170,0.382855,1,1121;3539402,0.315998,11,1121;3555511,0.455618,1,1121;3568126,0.332034,13,1121;3613706,0.342599,1,1121;3640610,0.360023,17,1121;3673547,0.27925,2,1121;3683371,0.729156,11,1121;3724247,0.594071,8,1121;3763647,0.530909,14,1121;1720681,0.548352,7,1121;1753874,0.35859,4,1121;1774165,0.647817,4,1121;1799865,0.33519,7,1121;1834789,0.394257,17,1121;1850691,0.243584,13,1121;1207076,0.328478,14,1121;1213234,0.30487,11,1121;1239015,0.414951,6,1121;1264652,0.341279,18,1121;1355079,0.533857,6,1121;700538,0.272444,7,1121;717262,0.446554,14,1121;799129,0.336701,17,1121;1054916,0.321296,4,1121;1066417,0.467546,14,1121;1094845,0.441562,14,1121;1106302,0.22149,1,1121;1120251,0.320277,3,1121;1140191,0.641856,8,1121;1154927,0.470516,17,1121;1156812,0.081155,17,1121;1164006,0.413527,9,1121;1196096,0.319236,10,1121;1570338,0.496816,14,1121;1616855,0.288674,17,1121;1625850,0.339125,3,1121;1633263,0.278143,13,1121;1636316,0.333922,17,1121;1702867,0.159198,9,1121;1711888,0.542808,4,1121;342914,0.587435,11,1121;354705,0.736249,8,1121;357213,0.481188,2,1121;361504,0.32687,11,1121;427272,0.3696,1,1121;428299,0.432683,13,1121;455501,0.577301,8,1121;480339,0.515983,17,1121;189945,0.48175,17,1121;198502,0.278333,17,1121;212812,0.401252,17,1121;214459,0.104682,13,1121;256317,0.583328,16,1121;304419,0.486139,2,1121;337955,0.353588,13,1121;1391556,0.324869,11,1121;1398174,0.544128,17,1121;1407201,0.385974,13,1121;1410963,0.448635,15,1121;1425165,0.432817,4,1121;1485859,0.467518,15,1121;1486073,0.24044,14,1121;1500562,0.427635,17,1121;1533753,0.511904,2,1121;28916,0.335396,10,1121;78307,0.099547,17,1121;638305,0.359492,14,1121;639392,0.265735,3,1121;655018,0.433132,14,1121;660386,0.304278,11,1121;675739,0.643967,17,1121;684657,0.124057,17,1121;877516,0.712653,8,1121;923010,0.373845,13,1121;943412,0.146291,13,1121;956033,0.255679,9,1121;958180,0.219416,14,1121;972150,0.628038,8,1121;1000404,0.378141,2,1121;4636621,0.121132,7,1121;4640552,0.656686,14,1121;4717511,0.191359,1,1121;4756534,0.385637,17,1121;4772973,0.430987,17,1121;4787852,0.401744,17,1121;3864657,0.634883,8,1121;3877827,0.253826,7,1121;3909559,0.462646,2,1121;5027820,0.334154,11,1121;5048473,0.339545,17,1121;5065829,0.279716,9,1121;5115610,0.353868,13,1121;5129919,0.314154,1,1121;5517228,0.478701,15,1121;5525278,0.399312,16,1121;5558842,0.300388,17,1121;5559574,0.422605,13,1121;5590004,0.407317,14,1121;5619095,0.671267,8,1121;4129032,0.609783,8,1121;4133306,0.339933,15,1121;4177077,0.353358,14,1121;4190038,0.432709,2,1121;4215748,0.344908,1,1121;4465065,0.688466,8,1121;4481587,0.362271,1,1121;4622405,0.50294,10,1121;4625353,0.193236,1,1121;4438631,0.112719,11,1121;5317557,0.325011,1,1121;5340887,0.325852,1,1121;5400101,0.378623,14,1121;5408837,0.36082,1,1121;3955775,0.223568,9,1121;3972231,0.523046,16,1121;3980887,0.280401,1,1121;4038277,0.239147,3,1121;4057535,0.31269,11,1121;4825605,0.355815,2,1121;4933807,0.173338,1,1121;5146374,0.389066,1,1121;5149544,0.330067,11,1121;5152589,0.333341,1,1121;5158707,0.328055,17,1121;5195438,0.30802,17,1121;5202523,0.387066,17,1121;5267815,0.358683,9,1121;5296687,0.344629,13,1121;5678647,0.42378,1,1121;5692057,0.387745,3,1121;5696047,0.448375,17,1121;5723052,0.328335,14,1121;5742970,0.56051,17,1121;5747348,0.431562,2,1121;5751280,0.250249,3,1121;5778306,0.126762,17,1121;5802074,0.430408,17,1121;5803485,0.264244,1,1121;6891263,0.230805,17,1121;6917727,0.268516,3,1121;6929397,0.33068,1,1121;6943395,0.497901,15,1121;7010934,0.232556,14,1121;7224596,0.273495,17,1121;7229087,0.439107,7,1121;7238152,0.330672,13,1121;7247231,0.131542,17,1121;7252636,0.332545,1,1121;7279216,0.564425,11,1121;6347186,0.675325,8,1121;6396781,0.389098,14,1121;6428030,0.396898,13,1121;6464413,0.265118,0,1121;6699435,0.525853,2,1121;6713469,0.484388,10,1121;6759637,0.551406,1,1121;6783517,0.328896,1,1121;6848453,0.124097,1,1121;6063352,0.685612,6,1121;6072796,0.081264,11,1121;6074247,0.465151,11,1121;5828823,0.454379,7,1121;5831158,0.353448,2,1121;5837685,0.388807,1,1121;5839703,0.068261,7,1121;5855830,0.502783,20,1121;5865728,0.051741,17,1121;5887335,0.31975,17,1121;5932838,0.441276,17,1121;5945146,0.534226,8,1121;5992898,0.332155,1,1121;7057523,0.487349,1,1121;7086875,0.139189,1,1121;7129771,0.697625,14,1121;7171002,0.300752,14,1121;6240908,0.483573,6,1121;6264262,0.207193,4,1121;6283799,0.156045,1,1121;6284109,0.170265,1,1121;6301479,0.276936,1,1121;6325529,0.391252,1,1121;6338421,0.315513,1,1121;6544558,0.367207,17,1121;6548276,0.475746,17,1121;6651349,0.406814,13,1121
6774758	5348344,0.348777,2,2974;5377554,0.296304,17,2974;5379302,0.488891,18,2974;5429603,0.375712,17,2974;5463700,0.481113,1,2974;4025010,0.494458,7,2974;4075866,0.309072,13,2974;4460263,0.371452,15,2974;4516144,0.305292,17,2974;4578476,0.233497,17,2974;5002059,0.663081,8,2974;5018426,0.328082,17,2974;5028065,0.315514,14,2974;5125483,0.302565,11,2974;5167631,0.40541,17,2974;5282595,0.119611,13,2974;3832134,0.638098,13,2974;3883201,0.241067,11,2974;3929325,0.554343,13,2974;4844146,0.346014,7,2974;4896421,0.643713,15,2974;4933667,0.300923,20,2974;4962502,0.264366,17,2974;4341057,0.247019,17,2974;4408356,0.222148,14,2974;4416284,0.350331,10,2974;4194015,0.514861,14,2974;4212717,0.437261,15,2974;4233321,0.390346,1,2974;6354658,0.666612,11,2974;6372412,0.165178,1,2974;6481250,0.192186,9,2974;6487684,0.505629,10,2974;6507452,0.212546,11,2974;7225209,0.335424,17,2974;7244084,0.311323,10,2974;5772584,0.349908,1,2974;5790377,0.312284,11,2974;6511012,0.597863,8,2974;6534363,0.509704,16,2974;6621831,0.497709,1,2974;6651035,0.097178,13,2974;6651361,0.239693,9,2974;6870267,0.511572,8,2974;6898972,0.357951,13,2974;6941502,0.686222,8,2974;6997470,0.409594,17,2974;6998968,0.756295,8,2974;7011070,0.405872,1,2974;6174937,0.312141,11,2974;6190336,0.36159,20,2974;6245493,0.233468,17,2974;6264212,0.622936,18,2974;6683242,0.271995,17,2974;6727108,0.352523,17,2974;6792753,0.306895,1,2974;6037746,0.375528,17,2974;6055964,0.423833,10,2974;6127221,0.238455,18,2974;5846526,0.310675,17,2974;5984472,0.333177,0,2974;7079559,0.770581,4,2974;5567392,0.286308,10,2974;1564553,0.165702,13,2974;1601192,0.321575,15,2974;1835608,0.254819,11,2974;1850979,0.422404,4,2974;745137,0.323819,17,2974;759751,0.342381,18,2974;814529,0.508596,14,2974;821217,0.387088,18,2974;194479,0.268028,17,2974;216995,0.300195,17,2974;218410,0.39943,4,2974;222178,0.347652,1,2974;256044,0.267301,17,2974;257171,0.314771,17,2974;275979,0.543459,20,2974;304636,0.226874,11,2974;617663,0.621498,8,2974;622880,0.214819,3,2974;684863,0.227195,3,2974;1200528,0.327039,4,2974;1233678,0.400853,17,2974;1295673,0.225515,3,2974;1325923,0.210891,1,2974;906437,0.39521,13,2974;935892,0.285067,17,2974;973052,0.48617,14,2974;1402662,0.422952,4,2974;1409772,0.281014,13,2974;1436596,0.361219,17,2974;1446334,0.286145,17,2974;359454,0.467219,4,2974;421453,0.4685,15,2974;429713,0.132198,4,2974;1129247,0.229814,18,2974;32254,0.365651,17,2974;41948,0.323473,17,2974;56116,0.27326,17,2974;71206,0.173881,9,2974;120548,0.72563,8,2974;160185,0.134878,17,2974;170353,0.490918,3,2974;1909305,0.580444,18,2974;1961305,0.324462,13,2974;1977821,0.394987,1,2974;2044696,0.290334,17,2974;2100336,0.272417,18,2974;2154058,0.452436,15,2974;2273702,0.408274,2,2974;2308753,0.361975,13,2974;2312617,0.283387,18,2974;2358046,0.63376,8,2974;2422191,0.391801,1,2974;2481388,0.516441,8,2974;2652757,0.333518,15,2974;2659991,0.416745,20,2974;2669829,0.258187,1,2974;2670348,0.727897,8,2974;2697465,0.411869,10,2974;2698574,0.442348,8,2974;2713982,0.299722,17,2974;2745679,0.403575,17,2974;2832076,0.496398,11,2974;2863038,0.42443,13,2974;2874371,0.590497,14,2974;2874901,0.299814,1,2974;2911799,0.199253,18,2974;2943150,0.313241,17,2974;2986737,0.5316,16,2974;3005708,0.296246,17,2974;3030719,0.428799,17,2974;3035367,0.490672,15,2974;3126900,0.379433,14,2974;3155271,0.203651,13,2974;3155319,0.458228,17,2974;3256341,0.373003,3,2974;3278769,0.301401,1,2974;3290534,0.726366,14,2974;3338964,0.254566,3,2974;3384648,0.433486,0,2974;3422996,0.347255,10,2974;3677451,0.266604,17,2974;3722299,0.27161,17,2974;3750740,0.180608,3,2974;3764994,0.311719,17,2974
6792870	3774236,0.20607,17,835;3776896,0.460462,1,835;3777628,0.392223,3,835;3789343,0.229209,1,835;3789869,0.35611,3,835;3796738,0.357164,10,835;3798254,0.347683,3,835;3799171,0.447839,1,835;3804450,0.359188,18,835;3804758,0.210918,17,835;3836208,0.168562,11,835;3858702,0.199267,3,835;3859720,0.311169,1,835;3867852,0.339408,3,835;3871979,0.340616,17,835;3872174,0.289782,3,835;3876952,0.22724,17,835;3890788,0.359123,7,835;3914005,0.198992,17,835;3923692,0.354825,17,835;3926653,0.501766,17,835;5157018,0.468608,1,835;5162737,0.17792,17,835;5166981,0.710442,8,835;5168074,0.306711,8,835;5199981,0.306695,13,835;5219876,0.155668,1,835;5226533,0.226192,1,835;5232091,0.315374,18,835;5246634,0.356227,14,835;5250398,0.16996,9,835;5252450,0.14055,3,835;5254638,0.28669,17,835;5255678,0.340051,17,835;5270870,0.416561,17,835;5287459,0.473821,17,835;5296406,0.308963,17,835;5307999,0.427577,1,835;4826288,0.694623,8,835;4840352,0.416419,3,835;4846377,0.303799,1,835;4870237,0.394351,13,835;4876101,0.336943,1,835;4880303,0.550796,3,835;4886535,0.219034,5,835;4890499,0.238942,1,835;4893569,0.428251,1,835;4908498,0.401668,1,835;4953192,0.446385,17,835;4287792,0.609184,11,835;4303648,0.32191,13,835;4309435,0.425953,17,835;4316737,0.396896,17,835;4328178,0.186689,17,835;4337187,0.359631,13,835;4340070,0.383156,9,835;4345785,0.217001,17,835;4351660,0.535942,3,835;4375327,0.374205,17,835;4375453,0.346475,17,835;4377961,0.355489,1,835;4396326,0.63486,11,835;4412001,0.405917,1,835;4421681,0.408129,17,835;4449221,0.269335,17,835;3948086,0.36097,2,835;3957836,0.262967,1,835;3967510,0.286045,15,835;4002238,0.093443,17,835;4010897,0.602816,1,835;4023144,0.595598,17,835;4028458,0.373442,17,835;4045287,0.489283,17,835;4045877,0.329871,17,835;4047525,0.109332,12,835;4047757,0.072031,17,835;4083458,0.443314,17,835;4108536,0.325591,3,835;5356344,0.357237,20,835;5359578,0.357562,13,835;5363912,0.294586,1,835;5364583,0.576862,14,835;5366080,0.399947,17,835;5374580,0.340353,3,835;5378602,0.425009,20,835;5381926,0.440154,17,835;5396136,0.338044,9,835;5400707,0.479081,13,835;5402335,0.191275,7,835;5408779,0.395297,8,835;5410729,0.126103,1,835;5416011,0.227499,13,835;5419006,0.474281,2,835;5451177,0.617953,8,835;5453285,0.331187,17,835;5454457,0.252064,13,835;5457842,0.313844,17,835;5464875,0.227568,9,835;5466021,0.344518,15,835;5466584,0.162467,16,835;5480227,0.267036,9,835;4992441,0.136392,13,835;4994344,0.247017,3,835;5000065,0.30228,9,835;5010810,0.228057,1,835;5025363,0.196707,1,835;5051381,0.104612,3,835;5061266,0.48529,14,835;5100732,0.382533,17,835;5103516,0.378814,15,835;5104682,0.337606,3,835;5107250,0.285738,18,835;5111214,0.200763,1,835;5131051,0.406569,17,835;5135577,0.257494,3,835;4139929,0.315473,5,835;4151929,0.322138,15,835;4159788,0.437669,17,835;4178067,0.366684,13,835;4195293,0.425807,17,835;4204685,0.489794,17,835;4208879,0.258199,17,835;4219890,0.225679,17,835;4239539,0.486716,17,835;4255479,0.43935,17,835;4261465,0.451603,15,835;4276856,0.397612,13,835;4637484,0.291466,3,835;4638214,0.480104,17,835;4640808,0.363344,17,835;4642906,0.283016,3,835;4662810,0.559553,8,835;4663691,0.44357,17,835;4663824,0.385158,17,835;4666493,0.176311,16,835;4706385,0.547749,8,835;4711853,0.384344,17,835;4721218,0.210676,1,835;4729906,0.26331,1,835;4747380,0.350677,1,835;5482383,0.28262,9,835;5491487,0.366689,11,835;5500397,0.138586,13,835;5506561,0.431603,17,835;5537632,0.432399,13,835;5539673,0.433379,1,835;5550529,0.364749,14,835;5566877,0.222399,1,835;5579725,0.333337,1,835;5582227,0.402621,17,835;5585797,0.262725,9,835;5591753,0.27375,14,835;5607097,0.609473,2,835;5633749,0.280357,12,835;4458262,0.32758,17,835;4462377,0.501168,16,835;4477137,0.350501,17,835;4520959,0.325166,17,835;4531742,0.351696,1,835;4551933,0.315395,17,835;4552956,0.347984,1,835;4567521,0.514428,8,835;4608961,0.279877,17,835;4624556,0.320424,17,835;6862827,0.4426,1,835;6869556,0.418083,8,835;6878331,0.275318,11,835;6890294,0.521653,13,835;6891695,0.48172,11,835;6896161,0.248705,4,835;6905142,0.374278,17,835;6909761,0.335299,10,835;6939588,0.210151,9,835;6945775,0.296408,18,835;6948859,0.421278,4,835;6964624,0.077792,11,835;6970237,0.224845,5,835;6984389,0.265923,3,835;6991181,0.652475,16,835;6993607,0.491734,15,835;7006653,0.227879,17,835;7008987,0.429756,17,835;7203162,0.389691,13,835;7205017,0.231554,15,835;7207648,0.360881,13,835;7208692,0.479212,17,835;7231249,0.150731,3,835;7234141,0.301656,3,835;7252857,0.355756,17,835;7264896,0.465526,1,835;7265912,0.3406,17,835;7276247,0.290789,17,835;7284457,0.52187,2,835;6683315,0.567747,8,835;6730156,0.301956,11,835;6733081,0.600857,17,835;6780393,0.381331,17,835;6783859,0.265368,17,835;6784568,0.460274,3,835;6785746,0.38596,15,835;6785876,0.401423,16,835;6794422,0.339853,17,835;6809312,0.334315,17,835;6821181,0.838552,1,835;6828212,0.374142,13,835;6512885,0.551908,8,835;6528772,0.234552,16,835;6536478,0.382909,13,835;6539665,0.258538,7,835;6555803,0.771592,8,835;6559717,0.522734,13,835;6569239,0.564322,4,835;6574296,0.430495,17,835;6588027,0.156731,3,835;6600014,0.315691,17,835;6604221,0.274665,13,835;6631286,0.370802,17,835;6646634,0.396566,14,835;6653886,0.308735,1,835;6670678,0.200152,1,835;6180797,0.3316,1,835;6187603,0.14441,3,835;6200108,0.368419,9,835;6205332,0.498618,17,835;6220850,0.392309,17,835;6229431,0.391002,1,835;6237756,0.347834,17,835;6238174,0.389294,17,835;6248790,0.395523,3,835;6274670,0.366755,18,835;6275457,0.356516,9,835;6277665,0.272613,20,835;6280046,0.166329,3,835;5654755,0.360484,3,835;5671016,0.531598,3,835;5672613,0.286364,1,835;5672696,0.245107,1,835;5673797,0.398099,17,835;5701895,0.252041,13,835;5733643,0.22322,17,835;5758841,0.318454,10,835;5777285,0.240316,1,835;5784210,0.44934,17,835;5800500,0.351228,1,835;5808459,0.299555,13,835;5822520,0.218991,4,835;7027561,0.397104,14,835;7042230,0.146651,3,835;7046051,0.180162,16,835;7049212,0.312821,17,835;7054460,0.23188,9,835;7054783,0.206096,1,835;7068861,0.423533,17,835;7075099,0.391413,17,835;7084632,0.17414,13,835;7105387,0.425979,17,835;7110683,0.283244,20,835;7111469,0.346311,1,835;7136288,0.291073,3,835;7137535,0.347007,17,835;7137986,0.496821,17,835;7142949,0.328488,3,835;7163901,0.496447,7,835;7192475,0.377715,13,835;7195647,0.322532,9,835;6346594,0.170581,17,835;6365466,0.349703,1,835;6370691,0.436145,4,835;6372035,0.278819,3,835;6378150,0.386316,17,835;6403441,0.309915,1,835;6413773,0.368763,3,835;6427062,0.351713,3,835;6433309,0.276977,13,835;6437444,0.572423,8,835;6437805,0.236612,9,835;6440243,0.595509,8,835;6448725,0.213471,18,835;6461711,0.406986,17,835;5999119,0.3689,13,835;6010061,0.367212,3,835;6016926,0.179842,1,835;6023363,0.175716,9,835;6026872,0.467401,11,835;6055770,0.387053,20,835;6106926,0.511897,1,835;6133430,0.161359,17,835;6160999,0.363804,18,835;6166051,0.410453,17,835;5862454,0.269201,17,835;5887266,0.272805,9,835;5893748,0.389295,3,835;5904426,0.360146,17,835;5923355,0.541673,1,835;5924584,0.396975,17,835;5934996,0.40865,17,835;5945214,0.379461,13,835;5946477,0.39201,13,835;5953633,0.308314,1,835;5977624,0.444387,1,835;5987902,0.388069,20,835;5993791,0.292168,9,835;171993,0.144605,3,835;178248,0.169883,13,835;187766,0.305864,4,835;212594,0.341262,14,835;215477,0.381501,7,835;223222,0.454131,9,835;229684,0.624506,8,835;247291,0.335719,17,835;264027,0.427954,20,835;293381,0.411962,17,835;294141,0.501727,3,835;334389,0.353138,17,835;338120,0.243492,8,835;1398583,0.412711,8,835;1442767,0.426407,1,835;1443928,0.105776,9,835;1451327,0.239387,9,835;1458381,0.414518,9,835;1483996,0.67606,8,835;1503103,0.2519,9,835;1516783,0.205485,3,835;1538051,0.248731,15,835;1538859,0.315761,3,835;1539631,0.484787,16,835;1540077,0.701412,17,835;349257,0.309056,7,835;371260,0.382809,17,835;373708,0.425341,17,835;373928,0.172383,17,835;378321,0.48443,17,835;380329,0.413946,1,835;390381,0.375335,13,835;398359,0.367813,17,835;400014,0.312088,17,835;430422,0.482627,1,835;434912,0.406966,17,835;451320,0.255116,17,835;463681,0.384692,1,835;469186,0.044114,16,835;472015,0.430435,13,835;486446,0.382344,2,835;488473,0.553344,1,835;508139,0.733892,8,835;695461,0.481602,13,835;705871,0.397642,14,835;718848,0.445712,1,835;720994,0.257012,3,835;740466,0.130978,17,835;752581,0.251657,17,835;758511,0.397037,13,835;814629,0.260455,13,835;839425,0.274816,11,835;841992,0.440106,17,835;853300,0.39932,1,835;1207249,0.404366,13,835;1211252,0.090392,17,835;1219595,0.312077,1,835;1256939,0.432788,1,835;1258622,0.288113,1,835;1296125,0.399053,17,835;1317479,0.388613,3,835;1344011,0.35036,9,835;1347809,0.428053,14,835;1351693,0.206784,9,835;1354088,0.122921,9,835;1371991,0.587766,8,835;860529,0.290924,13,835;885689,0.356409,20,835;894490,0.181433,3,835;896886,0.327871,17,835;900261,0.559472,1,835;925420,0.281571,1,835;937299,0.279078,3,835;953390,0.423678,13,835;994035,0.393528,16,835;1020702,0.213321,13,835;1020912,0.45353,17,835;1035508,0.319975,17,835;1071032,0.370067,17,835;1083151,0.488373,17,835;1086324,0.33469,4,835;1098464,0.669104,8,835;1109893,0.349652,1,835;1138727,0.506433,10,835;1144041,0.261075,11,835;1156767,0.489394,17,835;1161967,0.290403,13,835;1187512,0.300385,7,835;1188013,0.442598,17,835;1193993,0.319392,14,835;1543686,0.322524,3,835;1556996,0.448574,13,835;1557728,0.497424,17,835;1563721,0.435966,17,835;1571515,0.256527,11,835;1572034,0.219709,9,835;1583912,0.163101,17,835;1590242,0.225975,13,835;1607817,0.372562,17,835;1614156,0.254196,17,835;1631775,0.213579,17,835;1648962,0.133364,13,835;1649413,0.424945,1,835;1652390,0.244538,17,835;1657971,0.112741,1,835;1697016,0.199101,1,835;1701284,0.348454,17,835;22784,0.301943,17,835;23559,0.528784,17,835;23856,0.255699,3,835;25353,0.302976,11,835;31281,0.218837,9,835;45668,0.228165,17,835;60940,0.554906,17,835;103640,0.40829,4,835;110088,0.144463,4,835;120879,0.022326,1,835;128496,0.36717,17,835;154793,0.406635,16,835;168361,0.309208,1,835;519930,0.42631,3,835;522406,0.325436,17,835;543277,0.491223,1,835;560523,0.130896,13,835;582279,0.201951,17,835;601830,0.544143,1,835;603077,0.211428,13,835;604710,0.327788,1,835;615982,0.367344,13,835;619771,0.429925,11,835;648575,0.567999,8,835;673341,0.299063,1,835;681806,0.080286,12,835;1719661,0.272719,3,835;1722094,0.431574,3,835;1724335,0.482893,3,835;1747716,0.585349,17,835;1751729,0.244319,1,835;1776921,0.335861,17,835;1797830,0.350031,3,835;1798471,0.750265,8,835;1804418,0.435586,1,835;1810112,0.128387,17,835;1835426,0.093178,9,835;1836452,0.365991,4,835;1845581,0.2114,1,835;1868135,0.585542,17,835;1874075,0.29341,1,835;1876528,0.287964,3,835;1880151,0.184042,11,835;1880844,0.362106,17,835;1896292,0.353956,1,835;1936254,0.450736,1,835;1936461,0.401439,9,835;1968593,0.328837,13,835;1999427,0.299852,9,835;1999748,0.419966,17,835;2017481,0.146183,9,835;2042085,0.340913,17,835;2048149,0.322292,8,835;2050400,0.306494,9,835;2054884,0.570725,17,835;2072312,0.529845,17,835;2077942,0.302321,4,835;2090312,0.242304,1,835;2106949,0.24231,1,835;2109055,0.268107,17,835;2127320,0.460425,17,835;2148178,0.416443,17,835;2181570,0.351911,3,835;2182308,0.310086,14,835;2188999,0.372638,17,835;2190251,0.136527,13,835;2192756,0.190996,17,835;2199124,0.241138,16,835;2211467,0.30287,1,835;2233473,0.139948,1,835;2236096,0.422736,1,835;2236443,0.306805,1,835;2248110,0.176935,1,835;2264121,0.407012,17,835;2267478,0.35578,1,835;2271433,0.340655,14,835;2280710,0.260246,0,835;2301192,0.293147,17,835;2347259,0.25412,13,835;2349656,0.258218,9,835;2376461,0.148056,13,835;2378741,0.331031,7,835;2428187,0.549621,16,835;2428774,0.433253,1,835;2438094,0.169616,16,835;2444270,0.341527,7,835;2444697,0.297485,17,835;2456968,0.451771,20,835;2470461,0.375065,17,835;2487500,0.378114,17,835;2510560,0.237851,9,835;2564894,0.176988,3,835;2579829,0.559309,17,835;2603431,0.220574,13,835;2630166,0.303189,17,835;2641538,0.46692,17,835;2643038,0.268227,1,835;2643624,0.326618,1,835;2654796,0.330178,1,835;2659387,0.433944,13,835;2675455,0.342167,3,835;2686003,0.281041,16,835;2731350,0.263906,11,835;2758506,0.320852,17,835;2767326,0.359859,1,835;2772142,0.394944,8,835;2775250,0.307036,17,835;2786008,0.286691,3,835;2787143,0.397704,17,835;2813923,0.172081,3,835;2815465,0.366693,3,835;2821565,0.405848,3,835;2822634,0.069434,9,835;2829099,0.829225,4,835;2835351,0.607126,11,835;2845664,0.349526,1,835;2851261,0.310987,4,835;2853102,0.496286,16,835;2873574,0.380427,3,835;2894607,0.402287,11,835;2914833,0.701241,16,835;2918653,0.270858,17,835;2919784,0.167279,17,835;2921209,0.403335,7,835;2941641,0.305738,1,835;2943871,0.261844,17,835;2945819,0.187116,18,835;2950378,0.336453,9,835;2963946,0.47118,7,835;2973441,0.349805,9,835;2979273,0.204118,1,835;2979737,0.122099,13,835;3015794,0.372777,13,835;3040985,0.295045,1,835;3101192,0.319099,17,835;3102916,0.398253,17,835;3108345,0.31033,17,835;3128473,0.46922,14,835;3139522,0.314672,11,835;3162970,0.230614,15,835;3176723,0.389399,20,835;3188444,0.668251,10,835;3211134,0.165215,3,835;3213284,0.455286,17,835;3218760,0.285009,9,835;3242631,0.271171,17,835;3254709,0.435213,7,835;3261372,0.037398,17,835;3261971,0.30134,9,835;3271600,0.471222,16,835;3275730,0.482939,16,835;3279426,0.425525,17,835;3285834,0.271959,1,835;3296535,0.334542,4,835;3312148,0.7554,8,835;3319711,0.247892,9,835;3339535,0.482439,8,835;3340491,0.386878,1,835;3377284,0.251888,17,835;3379928,0.425767,13,835;3382760,0.415997,17,835;3389878,0.223358,17,835;3391435,0.491996,17,835;3419838,0.321264,1,835;3428098,0.299651,9,835;3428690,0.452135,17,835;3436627,0.254116,3,835;3475478,0.266818,1,835;3484948,0.385149,17,835;3514307,0.39842,13,835;3520094,0.419005,17,835;3576881,0.16893,13,835;3576956,0.183789,13,835;3586993,0.352149,7,835;3611187,0.341205,1,835;3614368,0.341833,17,835;3668361,0.372546,1,835;3723653,0.357057,13,835;3735787,0.459645,1,835;3737455,0.365223,1,835;3752359,0.385648,9,835;3765192,0.228211,17,835;3768770,0.219561,14,835
7021523	5180096,0.2474,18,3111;5236306,0.225789,17,3111;5282614,0.446387,3,3111;5308980,0.358465,13,3111;5346884,0.136185,1,3111;5356884,0.317717,14,3111;5389677,0.383339,17,3111;5413146,0.321478,17,3111;5442957,0.341963,13,3111;5453004,0.189507,11,3111;5467219,0.27798,2,3111;5473866,0.3684,1,3111;5477523,0.207527,17,3111;4165446,0.23434,1,3111;4169767,0.370243,17,3111;4187991,0.330738,1,3111;4200186,0.266803,17,3111;4231404,0.380476,16,3111;4288847,0.35973,1,3111;4326846,0.306738,9,3111;4327395,0.485291,0,3111;4374105,0.239751,4,3111;4391848,0.344952,17,3111;4398203,0.531724,8,3111;4398602,0.096842,3,3111;4401772,0.673117,8,3111;4447128,0.371706,16,3111;4453921,0.515223,17,3111;3770928,0.536478,17,3111;3772471,0.408679,17,3111;3785945,0.391463,18,3111;3826504,0.186667,3,3111;3832070,0.315751,1,3111;3845031,0.300857,7,3111;3872571,0.286286,17,3111;3906094,0.474485,0,3111;3959991,0.337543,16,3111;4011733,0.212973,15,3111;4024658,0.498572,16,3111;4060076,0.394385,1,3111;4060954,0.196535,3,3111;4063855,0.306796,17,3111;4082999,0.240068,17,3111;4104993,0.224749,1,3111;4479990,0.542259,11,3111;4480774,0.128059,9,3111;4507158,0.611307,1,3111;4513274,0.28282,1,3111;4517163,0.16636,9,3111;4533797,0.831222,1,3111;4536813,0.159867,3,3111;4559297,0.340161,17,3111;4604655,0.413716,13,3111;4611704,0.189594,1,3111;4624924,0.417222,17,3111;5523861,0.179719,4,3111;5537449,0.338545,17,3111;5538026,0.354517,18,3111;5550343,0.155464,13,3111;5550742,0.198736,13,3111;5563287,0.250294,3,3111;5617352,0.194373,20,3111;5619245,0.128456,17,3111;5626019,0.224947,1,3111;4844558,0.259213,11,3111;4845214,0.268765,17,3111;4849287,0.257162,13,3111;4852211,0.374398,17,3111;4854767,0.208679,1,3111;4882155,0.291792,17,3111;4924683,0.295142,17,3111;4925663,0.268672,16,3111;4948992,0.317809,1,3111;4974657,0.427258,17,3111;4978304,0.284603,17,3111;4980323,0.251499,1,3111;4984079,0.148254,3,3111;5012362,0.285468,17,3111;5016187,0.481381,13,3111;5033118,0.145826,13,3111;5058839,0.093096,17,3111;5060892,0.084373,3,3111;4634676,0.365517,16,3111;4641587,0.337938,3,3111;4655177,0.320142,17,3111;4673791,0.192564,13,3111;4675209,0.285013,1,3111;4677509,0.284246,20,3111;4677698,0.353375,17,3111;4687927,0.282516,18,3111;4697409,0.244492,17,3111;4702932,0.277946,17,3111;4707156,0.416287,13,3111;4739557,0.124565,1,3111;4744288,0.205253,11,3111;4744758,0.232062,3,3111;4777984,0.490999,3,3111;4793155,0.195744,17,3111;4793931,0.413857,13,3111;5666072,0.438505,4,3111;5673438,0.418489,17,3111;5730864,0.254575,17,3111;5763845,0.26261,17,3111;5780350,0.166552,3,3111;5783486,0.2729,17,3111;5795339,0.345383,1,3111;5813926,0.351158,17,3111;7226840,0.440882,17,3111;7237568,0.440517,17,3111;7239553,0.379887,3,3111;7266942,0.200978,11,3111;6513859,0.296717,17,3111;6567411,0.633891,11,3111;6576993,0.498834,17,3111;6593861,0.461052,17,3111;6620016,0.250866,3,3111;6638459,0.513496,16,3111;6638979,0.342156,16,3111;6653674,0.379362,17,3111;6685245,0.336139,1,3111;6690310,0.805672,8,3111;6693658,0.32743,17,3111;6704580,0.30989,3,3111;6715964,0.440077,11,3111;6755152,0.377418,17,3111;6811280,0.292272,17,3111;6172900,0.105973,3,3111;6187082,0.306851,8,3111;6190799,0.32464,18,3111;6191690,0.143697,17,3111;6230832,0.427121,2,3111;6247504,0.088579,1,3111;6268101,0.29145,17,3111;6274462,0.312131,7,3111;6326017,0.287447,18,3111;7050821,0.428107,17,3111;7093884,0.31944,1,3111;7138785,0.196591,4,3111;7155889,0.510486,13,3111;7162904,0.427518,16,3111;7163264,0.280315,3,3111;7172369,0.472681,3,3111;7172821,0.333647,1,3111;7192321,0.227041,9,3111;6033844,0.324379,1,3111;6114102,0.420522,20,3111;6117348,0.252182,17,3111;6120948,0.271301,17,3111;6121882,0.159897,3,3111;6151964,0.385387,1,3111;5850698,0.291817,17,3111;5853903,0.202557,3,3111;5879854,0.262864,1,3111;5950515,0.239817,3,3111;5972669,0.370294,17,3111;6854477,0.323902,7,3111;6865135,0.164244,0,3111;6949800,0.399341,17,3111;6977744,0.230738,15,3111;6978487,0.329627,17,3111;6339652,0.136221,11,3111;6345206,0.330466,7,3111;6358818,0.399607,1,3111;6378283,0.24746,1,3111;6394870,0.356738,13,3111;6407370,0.329333,1,3111;6421324,0.390112,1,3111;6433098,0.208057,7,3111;6450916,0.265184,1,3111;6463985,0.298113,1,3111;6507939,0.781861,0,3111;1884669,0.229431,11,3111;1898845,0.243682,13,3111;1910744,0.367409,17,3111;1919311,0.334345,1,3111;1920486,0.525077,0,3111;1969069,0.231894,3,3111;1994939,0.320553,4,3111;2005214,0.478922,10,3111;2059127,0.118116,13,3111;2061799,0.580705,8,3111;2073343,0.241868,7,3111;2083744,0.474153,1,3111;2110744,0.456386,17,3111;2120322,0.383085,16,3111;2166555,0.410148,17,3111;2176013,0.277377,1,3111;2177971,0.267417,18,3111;2198974,0.193684,13,3111;2241960,0.138412,17,3111;2246641,0.23376,17,3111;2250799,0.399733,13,3111;2290530,0.491407,1,3111;2328798,0.301915,1,3111;2353766,0.632978,18,3111;2354668,0.184589,1,3111;2360802,0.344023,17,3111;2371729,0.355624,1,3111;2405169,0.356808,17,3111;2411622,0.405221,16,3111;2440793,0.148245,9,3111;2456701,0.314251,4,3111;2463239,0.274868,17,3111;2468033,0.34588,3,3111;2505100,0.142268,17,3111;2543538,0.541418,3,3111;2557671,0.335815,17,3111;2592276,0.731836,8,3111;2624836,0.258758,17,3111;2645016,0.251126,7,3111;2700245,0.390412,3,3111;2705649,0.338533,7,3111;2709585,0.424034,8,3111;2765271,0.319586,7,3111;2770543,0.412938,1,3111;2802999,0.45321,7,3111;2807506,0.560801,2,3111;2810779,0.457134,1,3111;2822829,0.275835,1,3111;2830729,0.268427,17,3111;2831845,0.294794,16,3111;2834667,0.425696,17,3111;2889061,0.458333,17,3111;2898258,0.343711,1,3111;2919554,0.349658,16,3111;2943721,0.314995,0,3111;2957212,0.433411,17,3111;2971774,0.289431,17,3111;2974028,0.13534,13,3111;2990144,0.210839,1,3111;3004120,0.324241,7,3111;3014351,0.373319,16,3111;3019312,0.387386,13,3111;3024533,0.402564,1,3111;3026438,0.510383,2,3111;3052920,0.346746,17,3111;3055775,0.473828,17,3111;3090783,0.277129,3,3111;3132473,0.483519,1,3111;3141370,0.679238,8,3111;3149353,0.533283,14,3111;3226558,0.277379,17,3111;3268851,0.343117,16,3111;3269918,0.237323,7,3111;3278743,0.167573,13,3111;3306861,0.180312,13,3111;3334368,0.477788,1,3111;3344879,0.347719,17,3111;3405803,0.381403,17,3111;3410280,0.29163,13,3111;3418443,0.143072,13,3111;3420526,0.365224,14,3111;3426638,0.497526,20,3111;3427633,0.462811,3,3111;3449080,0.53712,16,3111;3464762,0.232064,17,3111;3484384,0.315736,3,3111;3488583,0.201564,17,3111;3513434,0.657998,8,3111;3521540,0.213433,17,3111;3524974,0.331333,1,3111;3537065,0.380884,1,3111;3539695,0.441724,13,3111;3549228,0.143809,3,3111;3552074,0.395208,13,3111;3555506,0.537797,16,3111;3600131,0.285839,13,3111;3659909,0.168576,1,3111;3678973,0.353563,17,3111;3702151,0.268652,17,3111;3705448,0.223709,1,3111;3706512,0.354828,0,3111;3714879,0.294309,17,3111;3731419,0.242451,13,3111;3749495,0.195166,1,3111;3757154,0.472973,17,3111;3758717,0.43859,13,3111;1378803,0.407687,16,3111;1380915,0.20569,11,3111;1387799,0.205201,9,3111;1400264,0.479596,13,3111;1400923,0.358056,14,3111;1469400,0.344919,17,3111;1496230,0.194743,1,3111;1516308,0.090428,17,3111;1523375,0.263676,5,3111;14459,0.27501,17,3111;18819,0.246122,7,3111;31768,0.276994,15,3111;43105,0.369756,13,3111;53481,0.258639,17,3111;98452,0.161856,13,3111;134573,0.262775,1,3111;147475,0.145833,13,3111;150341,0.260649,7,3111;153078,0.319121,1,3111;160149,0.495253,11,3111;1758045,0.234049,1,3111;1815344,0.282055,0,3111;1829891,0.350756,17,3111;1834532,0.471768,2,3111;1855934,0.247212,13,3111;1879662,0.293868,17,3111;349987,0.309296,17,3111;351394,0.37419,17,3111;360275,0.233908,17,3111;374684,0.157949,17,3111;391282,0.564192,16,3111;400703,0.217882,1,3111;452403,0.212786,11,3111;493939,0.351245,7,3111;509315,0.30423,7,3111;512772,0.170861,1,3111;1544092,0.27841,7,3111;1559153,0.319223,9,3111;1577076,0.369129,18,3111;1586417,0.26938,13,3111;1599541,0.630245,8,3111;1605415,0.256762,7,3111;1607919,0.162637,1,3111;1608509,0.381545,17,3111;1608615,0.448384,17,3111;1670032,0.311059,13,3111;1680306,0.296504,17,3111;1707049,0.319443,16,3111;1228856,0.359889,3,3111;1268720,0.189228,1,3111;1268872,0.46541,1,3111;1277315,0.086187,17,3111;1283412,0.329856,9,3111;1340573,0.266313,17,3111;898372,0.243772,17,3111;914590,0.25386,17,3111;917798,0.325118,1,3111;932723,0.252513,17,3111;948872,0.253991,3,3111;952706,0.577211,4,3111;966591,0.367301,1,3111;973108,0.495905,16,3111;992471,0.485418,13,3111;999465,0.338259,3,3111;1076572,0.253816,17,3111;1077780,0.387761,1,3111;1127096,0.19811,9,3111;1140025,0.510823,1,3111;1165142,0.069874,1,3111;1193438,0.285014,3,3111;528063,0.332298,17,3111;587885,0.199869,13,3111;639633,0.145499,3,3111;683448,0.33214,1,3111;703121,0.166637,1,3111;708791,0.238093,13,3111;719689,0.32205,17,3111;774960,0.367519,3,3111;844883,0.280883,1,3111;191015,0.480163,1,3111;204401,0.248696,17,3111;206898,0.391048,17,3111;208126,0.456261,0,3111;235341,0.451702,17,3111;279649,0.403819,1,3111;291651,0.180297,1,3111
7430820	4493781,0.279239,3,3111;4550100,0.625182,13,3111;1949016,0.238358,15,3111;2573317,0.234833,14,3111;918750,0.673838,3,3111
7514324	6390893,0.59839,16,1709;6469248,0.451496,14,1709;7229209,0.46299,1,1709;7250862,0.39781,16,1709;7280590,0.389062,17,1709;6619111,0.107142,1,1709;6636346,0.413822,18,1709;6662659,0.369699,11,1709;6664724,0.238553,0,1709;6681114,0.581275,8,1709;6699362,0.631924,8,1709;6848107,0.369478,1,1709;5580619,0.414617,13,1709;6219273,0.281437,17,1709;6019355,0.392462,18,1709;6096314,0.307292,17,1709;6111059,0.49112,18,1709;6138557,0.137272,17,1709;6164240,0.252135,10,1709;6873272,0.638508,16,1709;6886690,0.379743,4,1709;7009621,0.516428,2,1709;7030465,0.457163,4,1709;7142502,0.686094,4,1709;7157362,0.638338,4,1709;4954925,0.312418,13,1709;4466220,0.689147,8,1709;4505590,0.252477,18,1709;4538458,0.490734,4,1709;4598753,0.630395,1,1709;5181021,0.283245,13,1709;5226830,0.235799,0,1709;5240131,0.286707,3,1709;3845091,0.347433,4,1709;5335177,0.46263,10,1709;5337068,0.416615,13,1709;5360832,0.593677,2,1709;5419602,0.384656,18,1709;4627280,0.30756,4,1709;4646262,0.64507,8,1709;4653393,0.318392,18,1709;4784933,0.672315,10,1709;4334390,0.281717,18,1709;4351343,0.179966,20,1709;4442320,0.682312,8,1709;4016049,0.339607,13,1709;4047070,0.293536,20,1709;4054880,0.268812,1,1709;4074493,0.203085,13,1709;4091574,0.433814,11,1709;4217448,0.180628,4,1709;4268243,0.467975,10,1709;5017874,0.377706,4,1709;5079724,0.349813,13,1709;5113719,0.341337,13,1709;5121775,0.327566,1,1709;5134151,0.37246,14,1709;3767876,0.302206,1,1709;212526,0.460735,13,1709;279815,0.472422,2,1709;287998,0.322035,4,1709;1274017,0.517725,2,1709;1279280,0.423205,15,1709;1520725,0.284228,18,1709;633270,0.306564,17,1709;1030649,0.637127,10,1709;1060639,0.579474,18,1709;1093265,0.514093,8,1709;1104271,0.405504,3,1709;1576825,0.279033,3,1709;706690,0.181155,3,1709;742582,0.653579,20,1709;778393,0.214024,15,1709;795747,0.345234,17,1709;393749,0.252506,4,1709;1943971,0.107057,11,1709;2073550,0.251487,17,1709;2300862,0.124005,11,1709;2353314,0.169674,18,1709;2491824,0.438881,10,1709;2498376,0.467802,17,1709;2512066,0.398667,13,1709;2631374,0.322255,10,1709;2685152,0.357871,13,1709;2698603,0.260485,17,1709;2767167,0.58931,18,1709;2820714,0.720948,8,1709;2919890,0.644784,8,1709;3015035,0.289061,17,1709;3052367,0.374118,18,1709;3111188,0.38552,10,1709;3113766,0.292212,18,1709;3142367,0.386428,17,1709;3182137,0.393775,15,1709;3297556,0.429928,10,1709;3336876,0.259679,9,1709;3543219,0.336683,17,1709;3565862,0.244396,0,1709
9225998	6624779,0.397232,16,517;6377795,0.372657,16,517;6390574,0.26602,16,517;6397756,0.226548,5,517;6404217,0.389216,16,517;6405388,0.217258,17,517;5906507,0.276167,17,517;5742925,0.490298,16,517;6033187,0.668617,1,517;6123998,0.304516,11,517;6189402,0.451496,16,517;6236769,0.120033,1,517;6239079,0.794644,0,517;6299939,0.29304,13,517;6892141,0.347984,4,517;6980910,0.158932,17,517;6990485,0.666163,16,517;6691493,0.126167,13,517;6797330,0.501986,4,517;4782196,0.58175,16,517;5514874,0.241473,6,517;5519361,0.34997,16,517;5537694,0.382484,3,517;5553376,0.333857,8,517;5556729,0.232919,1,517;5600848,0.386877,4,517;5616530,0.339005,10,517;5628654,0.207272,1,517;5350692,0.430176,16,517;5382641,0.254423,17,517;5392101,0.675975,1,517;5477449,0.433661,0,517;4260598,0.410042,4,517;5215317,0.514125,17,517;3781493,0.398781,16,517;3795650,0.556348,1,517;3803207,0.433955,16,517;3855917,0.433828,1,517;3932157,0.362019,17,517;4543034,0.712708,1,517;4567350,0.188812,17,517;4576319,0.051279,1,517;4990713,0.214768,1,517;5064862,0.334456,17,517;5108252,0.17848,17,517;4302072,0.127265,17,517;4348843,0.290125,17,517;4010046,0.322842,14,517;4066815,0.462223,4,517;4069151,0.360585,17,517;4087745,0.367257,16,517;4108825,0.518391,0,517;2167753,0.728253,1,517;2177991,0.278751,1,517;2329380,0.35931,17,517;2674315,0.394882,1,517;2690017,0.460272,4,517;2758935,0.169306,1,517;2808302,0.838549,4,517;3182897,0.388182,16,517;3224028,0.45158,8,517;3257886,0.329779,1,517;3296497,0.324637,4,517;3362698,0.231791,8,517;3365252,0.560517,0,517;3416354,0.513682,0,517;3448004,0.196341,4,517;3471304,0.247559,15,517;3496930,0.533368,0,517;3498896,0.428107,16,517;3561387,0.358313,17,517;3631363,0.324625,0,517;3633607,0.466717,0,517;3709751,0.708337,16,517;3714589,0.681334,8,517;3728490,0.44449,0,517;3743291,0.240546,0,517;1600647,0.208053,17,517;1636520,0.359301,17,517;1236505,0.313794,13,517;1264262,0.414697,16,517;1306102,0.431442,0,517;743544,0.399607,16,517;775000,0.289053,1,517;849765,0.532657,16,517;446119,0.425169,16,517;466262,0.640284,0,517;1119643,0.374007,3,517;1478017,0.545322,1,517;1488966,0.13202,17,517;212366,0.222164,15,517;270540,0.340913,2,517;280739,0.46707,16,517;590567,0.586395,1,517;668638,0.57903,0,517;675994,0.364309,16,517;683859,0.426129,17,517;1006677,0.454484,16,517;1753597,0.296401,17,517;1757553,0.337854,17,517;1767151,0.402231,17,517;1815565,0.277374,16,517
9669545	3995328,0.12652,17,1826;4028674,0.39425,14,1826;4040338,0.197454,17,1826;4057362,0.323185,17,1826;4086405,0.36044,17,1826;4112750,0.44862,16,1826;4119371,0.472966,2,1826;4135267,0.413895,17,1826;4136487,0.316938,1,1826;4210182,0.350557,1,1826;4224500,0.116403,17,1826;4235254,0.58781,8,1826;4281094,0.242922,9,1826;4630045,0.326537,13,1826;4648573,0.43337,14,1826;4691739,0.147015,13,1826;4691903,0.094666,11,1826;4704083,0.233777,9,1826;4724313,0.54185,17,1826;4725635,0.386549,17,1826;4762095,0.296529,1,1826;4765504,0.440254,1,1826;4779562,0.494163,9,1826;4464405,0.515336,4,1826;4480749,0.659234,17,1826;4507992,0.278623,17,1826;4514921,0.352767,14,1826;4515801,0.513173,11,1826;4530807,0.420811,17,1826;4541966,0.494923,11,1826;4612478,0.261645,17,1826;4978486,0.367059,2,1826;5002125,0.274163,17,1826;5041678,0.380769,1,1826;5050584,0.239422,17,1826;5078205,0.20436,14,1826;5118302,0.307297,11,1826;4806860,0.388492,2,1826;4840948,0.342676,13,1826;4858536,0.33944,1,1826;4893679,0.348732,16,1826;4951463,0.270988,1,1826;5147490,0.275382,1,1826;5230926,0.40365,17,1826;5259876,0.431887,14,1826;5263250,0.280208,1,1826;5263742,0.256981,17,1826;5294593,0.320774,13,1826;5304462,0.427046,1,1826;5315359,0.257591,17,1826;5319441,0.352116,13,1826;5337406,0.508082,16,1826;5347844,0.130204,11,1826;5387642,0.281639,9,1826;5440781,0.346449,13,1826;3797356,0.409925,2,1826;3836370,0.413799,3,1826;3850258,0.307854,1,1826;3935039,0.167621,16,1826;4308033,0.446811,8,1826;4384284,0.301595,11,1826;4384742,0.385388,17,1826;4399340,0.372869,8,1826;4406367,0.347368,11,1826;4414207,0.522192,0,1826;4423997,0.367676,13,1826;4433637,0.58546,16,1826;4447959,0.23134,9,1826;4451727,0.231423,3,1826;5512440,0.35733,1,1826;5515466,0.364604,17,1826;5550261,0.387658,17,1826;5569948,0.187837,17,1826;5575424,0.352054,17,1826;5589300,0.417099,17,1826;5639143,0.26732,15,1826;5650920,0.658532,10,1826;5654425,0.521709,10,1826;5667434,0.465122,13,1826;5701176,0.275798,3,1826;5714266,0.38355,14,1826;5752344,0.700747,16,1826;5776767,0.6982,16,1826;5786260,0.408399,13,1826;5808689,0.265156,17,1826;5810449,0.354926,17,1826;5814822,0.694877,14,1826;6682955,0.329587,10,1826;6737966,0.234703,17,1826;6741104,0.543066,17,1826;6746432,0.242955,1,1826;6748802,0.692115,8,1826;6787337,0.434762,16,1826;6791916,0.231118,17,1826;6792073,0.310283,13,1826;6817200,0.271508,1,1826;6848955,0.328085,0,1826;6225547,0.3793,16,1826;6238657,0.157417,17,1826;6263212,0.25759,17,1826;6269846,0.220251,1,1826;6277989,0.607267,8,1826;6292629,0.270436,11,1826;6295881,0.292273,17,1826;6296981,0.376263,1,1826;6311472,0.203411,4,1826;6328665,0.425222,0,1826;6038411,0.322329,1,1826;6067107,0.514168,19,1826;6099408,0.276706,17,1826;6134864,0.427027,13,1826;6155649,0.356051,4,1826;6156810,0.639144,8,1826;5826498,0.701219,16,1826;5854972,0.224145,17,1826;5868231,0.285033,10,1826;5871761,0.391721,13,1826;5880090,0.650986,16,1826;5934198,0.332965,1,1826;5948661,0.288533,13,1826;5992569,0.305457,17,1826;6340914,0.555072,15,1826;6392059,0.261256,9,1826;6417917,0.427036,17,1826;6439550,0.341696,3,1826;6456004,0.154713,1,1826;6459900,0.352958,16,1826;6484222,0.149534,1,1826;6499452,0.413094,1,1826;6544702,0.392359,17,1826;6599584,0.717477,14,1826;6630100,0.414587,8,1826;6637668,0.435362,17,1826;6669236,0.371293,8,1826;6670730,0.206426,4,1826;6901087,0.880507,0,1826;6909466,0.444091,2,1826;6950662,0.392929,2,1826;6964649,0.463707,3,1826;7000658,0.259145,5,1826;7014453,0.455366,17,1826;7019318,0.244278,17,1826;7202163,0.208782,11,1826;7204025,0.151665,17,1826;7233413,0.706565,14,1826;7280043,0.431905,1,1826;7281737,0.264648,8,1826;7025760,0.249091,14,1826;7032750,0.424693,17,1826;7048591,0.19673,1,1826;7059962,0.275477,17,1826;7101117,0.683933,17,1826;7101137,0.425151,11,1826;7107929,0.285993,14,1826;7123068,0.612342,17,1826;7192641,0.453467,3,1826;1920988,0.333909,1,1826;1946733,0.300072,17,1826;1960268,0.361433,16,1826;1966419,0.276708,14,1826;1966431,0.368015,17,1826;1981415,0.44685,3,1826;1982779,0.427077,11,1826;1987829,0.123756,17,1826;1991241,0.31341,1,1826;2022647,0.551611,16,1826;2067969,0.199388,3,1826;2074616,0.180821,1,1826;2093615,0.369987,17,1826;2097193,0.353634,17,1826;2100970,0.293119,8,1826;2114977,0.234914,17,1826;2138373,0.386786,13,1826;2144712,0.352896,17,1826;2163989,0.466589,14,1826;2175756,0.374061,17,1826;2254453,0.613635,16,1826;2270682,0.302987,7,1826;2328445,0.328051,9,1826;2335808,0.237105,17,1826;2341498,0.232095,4,1826;2349859,0.220533,17,1826;2372177,0.460805,16,1826;2426876,0.199918,17,1826;2437579,0.711514,10,1826;2472657,0.345809,4,1826;2493782,0.385935,15,1826;2530260,0.819429,15,1826;2554801,0.590293,8,1826;2589507,0.267898,1,1826;2593528,0.258563,1,1826;2609253,0.178124,11,1826;2629325,0.159535,1,1826;2634326,0.565836,14,1826;2640319,0.280265,1,1826;2647455,0.405756,3,1826;2753125,0.176097,1,1826;2754728,0.33219,13,1826;2764759,0.684915,16,1826;2790700,0.367339,17,1826;2829224,0.452243,1,1826;2845957,0.737855,8,1826;2901542,0.281578,10,1826;2932518,0.436916,2,1826;2942410,0.372053,2,1826;2992525,0.239367,13,1826;2993512,0.67171,8,1826;3031533,0.365975,17,1826;3056507,0.311632,1,1826;3060689,0.35877,4,1826;3073268,0.356779,11,1826;3117992,0.029261,1,1826;3138773,0.296829,13,1826;3139284,0.314963,10,1826;3194248,0.632483,16,1826;3203502,0.241215,17,1826;3222633,0.305464,1,1826;3228153,0.370644,11,1826;3266548,0.264371,3,1826;3310634,0.343632,3,1826;3314011,0.271883,9,1826;3317360,0.321064,13,1826;3329729,0.618102,11,1826;3371910,0.450547,16,1826;3414542,0.385746,17,1826;3515611,0.354856,3,1826;3582028,0.587575,16,1826;3582942,0.38071,17,1826;3588817,0.276107,2,1826;3626932,0.368906,1,1826;3669695,0.178125,4,1826;3674609,0.269979,2,1826;3731260,0.504586,16,1826;3746494,0.254312,1,1826;3750913,0.44543,13,1826;3763888,0.358482,13,1826;3766602,0.401328,3,1826;1213384,0.603796,0,1826;1230189,0.317304,0,1826;1260974,0.341774,13,1826;1264662,0.792233,8,1826;1265134,0.422104,16,1826;1298149,0.463051,11,1826;1337724,0.280624,17,1826;1345485,0.577461,16,1826;285285,0.29344,17,1826;312978,0.465654,13,1826;733679,0.410397,13,1826;750101,0.169764,11,1826;767936,0.055717,1,1826;771872,0.385107,8,1826;799764,0.265464,17,1826;803518,0.251571,17,1826;808773,0.49401,14,1826;517330,0.372055,9,1826;526825,0.449231,2,1826;637243,0.318399,3,1826;644110,0.6354,13,1826;682895,0.522154,11,1826;877887,0.492575,16,1826;907528,0.326295,17,1826;927105,0.509925,14,1826;988262,0.254255,17,1826;996318,0.469543,17,1826;1001744,0.253554,13,1826;1719638,0.342279,8,1826;1720465,0.249052,17,1826;1730825,0.300886,11,1826;1736591,0.530299,17,1826;1749734,0.497342,18,1826;1761140,0.366855,17,1826;1806557,0.339776,17,1826;1853924,0.679542,16,1826;1854908,0.243085,13,1826;1874773,0.113332,17,1826;1875886,0.373687,8,1826;48839,0.347083,11,1826;53471,0.487726,16,1826;61105,0.686643,8,1826;82458,0.507708,16,1826;94107,0.280145,11,1826;96951,0.154644,17,1826;100068,0.399574,11,1826;126952,0.226481,5,1826;130347,0.471767,16,1826;132077,0.412615,17,1826;139117,0.443823,2,1826;155022,0.363069,13,1826;162035,0.552399,8,1826;162723,0.346677,17,1826;166842,0.383016,1,1826;1546803,0.443212,17,1826;1553112,0.241017,7,1826;1560304,0.502678,10,1826;1573608,0.592878,4,1826;1679628,0.3426,1,1826;1409249,0.350464,17,1826;1413858,0.15574,17,1826;1420046,0.420099,17,1826;1460945,0.334139,17,1826;1463336,0.467781,10,1826;1476675,0.198656,17,1826;1491622,0.534789,10,1826;1494100,0.385914,17,1826;1512996,0.43293,10,1826;1533478,0.352309,1,1826;1540128,0.205474,1,1826;1055065,0.653184,8,1826;1074338,0.406089,8,1826;1082577,0.280268,7,1826;1109573,0.60254,8,1826;1127842,0.550968,8,1826;1142218,0.418842,16,1826;1180560,0.323082,9,1826;1183170,0.397514,8,1826;1187139,0.296609,17,1826;1191399,0.374699,4,1826;376130,0.58449,13,1826;381029,0.486548,11,1826;399885,0.249539,3,1826;407048,0.510556,1,1826;414253,0.45776,13,1826;431591,0.338592,17,1826;448342,0.524501,17,1826;459857,0.475437,10,1826;473337,0.285542,11,1826;475777,0.333364,14,1826;476919,0.365617,17,1826;479089,0.45104,8,1826;485233,0.322619,16,1826;509269,0.746922,14,1826
9798806	1922383,0.128897,16,2882;1983321,0.237329,17,2882;2036272,0.269903,16,2882;2070029,0.211911,16,2882;2111640,0.606266,8,2882;2114848,0.425581,16,2882;2138452,0.336789,16,2882;2161977,0.312736,7,2882;2232314,0.307917,1,2882;2233310,0.21541,17,2882;2259823,0.671141,1,2882;2276964,0.327079,17,2882;2286632,0.229035,15,2882;2293216,0.43416,13,2882;2380606,0.282872,9,2882;2399574,0.362506,16,2882;2421246,0.125368,3,2882;2473912,0.316971,18,2882;2514907,0.383074,13,2882;2630323,0.480182,11,2882;2649280,0.279065,3,2882;2684943,0.431411,17,2882;2761295,0.307921,17,2882;2778011,0.406173,1,2882;2808959,0.225685,1,2882;2825041,0.303156,17,2882;2830931,0.216147,17,2882;2845075,0.352337,17,2882;2856037,0.340795,17,2882;2942924,0.302057,17,2882;2976733,0.217375,11,2882;2985428,0.284312,17,2882;2995028,0.387759,2,2882;3025465,0.440583,17,2882;3058192,0.494829,16,2882;3119153,0.335795,8,2882;3128285,0.448172,1,2882;3185450,0.437129,8,2882;3281462,0.249718,17,2882;3304864,0.377602,1,2882;3335703,0.410348,11,2882;3398503,0.334608,16,2882;3424037,0.251261,17,2882;3470834,0.276924,17,2882;3471864,0.282556,11,2882;3490213,0.341714,16,2882;3497951,0.374212,13,2882;3559829,0.087091,16,2882;3601540,0.37679,17,2882;3640943,0.387693,17,2882;3690921,0.245038,9,2882;3696478,0.197783,16,2882;3723335,0.103218,1,2882;3735161,0.371813,13,2882;3760687,0.230149,16,2882;1558895,0.10585,17,2882;1568573,0.259767,17,2882;1597525,0.276887,1,2882;1676410,0.304775,1,2882;221277,0.335701,1,2882;226675,0.26411,16,2882;1201571,0.370287,1,2882;1203495,0.464548,2,2882;1242328,0.295723,18,2882;1264040,0.514245,16,2882;1277938,0.303907,14,2882;1283620,0.312448,17,2882;1316842,0.326984,14,2882;375267,0.296084,17,2882;375984,0.457494,8,2882;447256,0.215046,17,2882;459900,0.274253,17,2882;473954,0.357622,17,2882;486107,0.333199,1,2882;496529,0.123666,17,2882;500459,0.27424,17,2882;1722988,0.364923,17,2882;1746487,0.116892,1,2882;1773513,0.23167,13,2882;1838145,0.16184,13,2882;1842596,0.310675,17,2882;1856266,0.196906,17,2882;1398571,0.224479,1,2882;1409377,0.398059,17,2882;1474703,0.222681,1,2882;1030990,0.247613,17,2882;1084572,0.517105,16,2882;1132185,0.424145,3,2882;1132356,0.24824,17,2882;1136881,0.431682,9,2882;1149491,0.329196,17,2882;1152500,0.305749,18,2882;1159773,0.333102,17,2882;1165832,0.374236,1,2882;1183919,0.226787,17,2882;1198392,0.196689,16,2882;89219,0.283077,3,2882;102589,0.473177,8,2882;542106,0.333046,17,2882;631030,0.423107,8,2882;870650,0.313075,16,2882;870715,0.321724,1,2882;876976,0.457482,15,2882;918952,0.443492,15,2882;992233,0.363291,17,2882;999252,0.228074,13,2882;698133,0.292882,16,2882;715401,0.452855,1,2882;731419,0.401405,2,2882;771420,0.341858,17,2882;779226,0.192473,9,2882;3880550,0.446972,1,2882;3883292,0.158646,11,2882;4629677,0.304247,16,2882;4684224,0.325397,16,2882;4698449,0.367365,17,2882;4756830,0.220726,16,2882;5000729,0.352176,17,2882;5055742,0.263755,1,2882;5115219,0.235122,17,2882;4220633,0.224966,17,2882;4245845,0.261464,1,2882;5209875,0.247655,1,2882;5248949,0.24558,17,2882;5275085,0.217486,17,2882;4805128,0.421135,3,2882;4852886,0.336497,17,2882;4862942,0.325235,18,2882;4865354,0.281457,16,2882;4868043,0.24764,1,2882;4951150,0.277539,16,2882;4952319,0.352125,17,2882;3942307,0.494663,15,2882;4034855,0.388867,3,2882;4303025,0.251692,18,2882;4329543,0.190042,1,2882;4332268,0.45778,18,2882;4373118,0.328662,17,2882;4374507,0.151768,1,2882;4413955,0.313347,17,2882;4463215,0.346587,1,2882;4566392,0.206232,17,2882;4578069,0.443417,8,2882;5443361,0.26586,17,2882;5453717,0.459371,3,2882;5481405,0.344749,8,2882;5493959,0.131796,1,2882;5503102,0.274268,17,2882;5540234,0.361611,16,2882;5609011,0.249584,17,2882;5632185,0.382458,10,2882;6861545,0.309175,14,2882;6961432,0.259357,3,2882;6969459,0.29226,20,2882;5675573,0.302529,16,2882;5688361,0.376913,17,2882;5707388,0.267904,17,2882;5734392,0.302214,17,2882;5763144,0.582598,8,2882;5769872,0.243879,17,2882;5797212,0.260834,9,2882;5811727,0.257819,1,2882;6725706,0.39647,16,2882;6727236,0.334359,16,2882;6745753,0.289422,7,2882;6806804,0.358952,17,2882;6818765,0.380231,13,2882;6619434,0.27228,17,2882;6628517,0.369739,9,2882;6170039,0.277862,18,2882;6215230,0.107942,13,2882;6236907,0.279473,16,2882;6239038,0.231523,5,2882;7056944,0.49858,14,2882;7102653,0.309874,17,2882;7137376,0.322233,17,2882;7141658,0.422193,17,2882;6388264,0.386456,1,2882;6390611,0.317153,3,2882;6391978,0.207631,3,2882;6411689,0.325868,7,2882;6415218,0.37601,17,2882;6502034,0.304409,17,2882;6088034,0.296384,17,2882;6132236,0.208732,9,2882;6163116,0.252025,1,2882;6163882,0.516732,18,2882;6165070,0.127053,16,2882;5903630,0.419437,1,2882;5912864,0.197212,17,2882;5954609,0.324211,17,2882;7198254,0.299902,18,2882;7229039,0.31184,7,2882
9851296	4000953,0.635907,15,2244;6116610,0.544734,4,2244;7032778,0.462266,10,2244;2467164,0.410632,10,2244;2774422,0.132474,1,2244
11176417	389515,0.52071,4,2244;3528005,0.742651,4,2244
11674256	7210279,0.226156,17,433;7217843,0.21197,15,433;7220303,0.410925,17,433;7269670,0.607867,4,433;7271176,0.096071,1,433;7286615,0.257265,8,433;6854834,0.683913,10,433;6856530,0.53998,17,433;6859567,0.31395,3,433;6870224,0.415008,17,433;6877299,0.359599,17,433;6883214,0.413061,3,433;6887593,0.544049,1,433;6911328,0.292049,13,433;6918994,0.261571,7,1392;6936720,0.263654,6,433;6959797,0.392548,1,433;6987155,0.351951,1,433;7003183,0.812837,1,433;7018966,0.517572,17,433;6736407,0.139414,1,433;6790424,0.425348,15,433;6795322,0.403252,17,433;6795338,0.355752,3,433;6801724,0.409484,1,433;6839606,0.222922,1,433;6168506,0.329226,10,433;6177374,0.309324,0,433;6191142,0.421002,17,433;6193716,0.40025,17,433;6213438,0.243837,16,433;6214607,0.740767,8,433;6226765,0.426964,17,433;6289110,0.340898,11,433;6299806,0.278215,16,433;6315955,0.080169,1,433;7029320,0.452048,13,1392;7040189,0.338791,3,433;7048685,0.233041,17,433;7164647,0.638188,17,433;7192423,0.438671,17,433;5832878,0.402236,1,433;5843666,0.314847,1,433;5851730,0.531657,11,1392;5955772,0.499451,16,433;5966286,0.445896,2,433;5970215,0.284559,17,433;6352576,0.361467,17,433;6379142,0.219147,8,1392;6461604,0.353849,10,433;6488668,0.378877,18,433;6537954,0.341307,17,433;6539052,0.702961,16,433;6563455,0.31907,1,433;6572027,0.348072,20,433;6581998,0.347291,17,433;6614381,0.366023,14,1392;6673461,0.157236,1,433;5653282,0.224969,13,433;5662744,0.442569,1,433;5669641,0.393066,17,433;5675496,0.421715,17,433;5680058,0.377547,17,433;5691905,0.280622,1,433;5716835,0.162205,1,433;5757327,0.265151,0,433;5798124,0.330186,13,1392;5821615,0.296449,17,433;5998985,0.287496,1,433;6051044,0.242818,1,433;6127796,0.498869,2,1392;6151582,0.432758,17,433;4465961,0.225941,13,433;4478672,0.243455,15,433;4540692,0.515338,14,433;4550965,0.478394,3,433;4559452,0.432121,17,433;4566285,0.322734,3,433;4573095,0.111202,1,1392;4605910,0.666703,15,433;4170767,0.376025,14,433;4232364,0.334852,4,433;4234933,0.230474,13,433;4242946,0.580337,1,433;5342103,0.249643,1,433;5352487,0.30884,1,433;5381503,0.235187,17,433;5454701,0.429203,8,1392;5465008,0.217305,13,433;5468941,0.457131,7,433;5472479,0.348877,1,433;5489439,0.253452,7,433;5496355,0.640297,3,433;5527309,0.389794,17,433;5547527,0.54541,17,433;5553954,0.503785,17,433;5577420,0.283506,13,433;5581852,0.647935,8,433;5607596,0.484984,1,433;5621905,0.332118,13,433;5646775,0.243024,15,433;3954825,0.115182,1,433;4022161,0.326147,13,433;4043756,0.331622,1,433;4055395,0.391561,17,433;4074173,0.390601,17,433;4081741,0.382932,17,433;4978994,0.532634,8,433;4982491,0.293542,9,433;4989698,0.354807,7,433;5062407,0.350932,10,433;5072296,0.247036,17,433;5096779,0.243412,17,433;5174559,0.293906,17,433;5178776,0.43671,17,433;5209757,0.578839,17,433;5210942,0.450195,8,433;5213613,0.472002,17,433;5238284,0.278708,1,433;5246204,0.53567,17,433;5268037,0.245499,11,433;5280869,0.486191,13,433;5287146,0.294891,17,433;5291546,0.371988,3,433;4641135,0.311545,17,433;4672249,0.318242,1,433;4703872,0.378483,18,433;4705529,0.551441,1,433;4724957,0.372302,17,433;4750127,0.132895,1,433;4776245,0.159661,13,433;4783161,0.308171,14,433;3843858,0.481499,17,433;3879081,0.160596,11,433;3885258,0.26061,7,433;3896100,0.358644,2,1392;3909932,0.456123,3,433;3912697,0.502236,1,433;3924926,0.301598,17,433;3925961,0.429437,8,433;3937487,0.389934,17,433;4833664,0.388775,17,433;4840839,0.273093,17,433;4842209,0.323949,10,433;4847170,0.219256,7,1392;4864256,0.268099,10,433;4893098,0.240317,13,433;4896077,0.432184,13,433;4903777,0.28091,8,433;4323571,0.242315,17,433;4336625,0.224217,17,433;4339773,0.504081,3,433;4344492,0.163438,13,433;4381190,0.516833,17,433;4416994,0.310369,3,433;4433371,0.316721,3,433;4441240,0.267407,8,433;4446298,0.456749,11,433;691495,0.412479,13,433;691653,0.340539,1,433;749979,0.377989,17,433;812699,0.380362,16,433;814495,0.420843,13,433;816269,0.148485,13,433;1721244,0.370476,8,433;1828968,0.432273,17,433;1842462,0.517972,14,433;1842714,0.351546,17,433;1851912,0.297411,1,433;1860226,0.297105,16,433;1862420,0.233173,1,433;1862977,0.503599,3,433;868779,0.230925,13,433;878381,0.2631,4,433;899807,0.432905,17,433;907776,0.761909,1,433;913966,0.354137,8,433;931314,0.334713,13,433;932239,0.660411,1,433;948045,0.425956,17,433;948999,0.24862,17,433;995950,0.202506,11,433;1001159,0.463396,13,1392;1011120,0.363554,13,433;1012562,0.181021,13,433;1020496,0.396522,2,433;1021755,0.141882,13,433;1075793,0.428752,3,433;1077852,0.328558,3,433;1082200,0.443406,3,433;1124288,0.365799,17,433;1143559,0.248401,5,433;1146878,0.158592,17,1392;1157421,0.415845,2,433;1173629,0.241064,13,433;1192810,0.241697,1,433;1194879,0.312304,17,433;1208951,0.286557,3,433;1223603,0.331092,9,433;1235478,0.327049,13,433;1282195,0.135303,13,433;1294889,0.324186,10,433;1322741,0.332675,20,433;357809,0.645387,8,433;369049,0.328438,17,433;376387,0.254997,17,433;413682,0.104015,17,433;449287,0.216877,8,1392;450979,0.335443,2,433;464896,0.246874,17,433;477109,0.24646,16,433;481070,0.233357,1,433;505795,0.37371,17,433;509900,0.470341,18,433;48291,0.418018,4,433;61886,0.264197,1,433;67748,0.289073,14,1392;147874,0.363636,2,1392;163302,0.329176,1,433;1398885,0.323302,16,433;1442305,0.335062,0,433;1449744,0.340389,1,433;1499401,0.429403,17,433;1507090,0.297608,16,433;1526823,0.431207,2,433;610139,0.316632,18,433;648588,0.525335,13,433;682752,0.25594,11,433;1567234,0.361847,13,433;1585833,0.68695,8,433;1628022,0.23638,9,433;1708070,0.244006,1,433;175581,0.187996,11,433;176937,0.581891,1,433;197796,0.277173,1,433;212114,0.240618,13,433;231377,0.423037,17,433;245821,0.369038,2,1392;273213,0.514348,1,433;337420,0.578837,17,433;1937265,0.431326,17,433;1959123,0.117165,16,433;1969133,0.552764,8,433;1981781,0.324698,9,433;2014578,0.20905,11,433;2065366,0.423427,1,433;2080300,0.831092,0,433;2155724,0.192219,7,433;2208167,0.382576,8,1392;2217150,0.392184,0,433;2274829,0.286046,13,433;2281581,0.492725,1,433;2298613,0.258167,9,433;2325178,0.116055,1,433;2359370,0.344892,17,433;2369059,0.248893,15,433;2378939,0.033705,1,433;2399101,0.657088,4,433;2446059,0.332274,1,433;2524029,0.348269,14,433;2580297,0.313163,4,433;2589874,0.601201,14,1392;2606232,0.323612,17,433;2621453,0.439754,1,433;2629450,0.671909,0,433;2661237,0.307184,1,433;2688484,0.261399,17,433;2746308,0.294154,17,433;2794191,0.389828,17,433;2799090,0.390061,17,433;2842129,0.420723,3,433;2858727,0.533194,14,1392;2875351,0.2688,9,433;2888686,0.216367,8,433;2894871,0.009711,9,433;2922804,0.448164,17,433;2961636,0.546961,6,433;2997326,0.485167,1,433;3007880,0.312167,17,433;3016096,0.271681,1,433;3022051,0.386176,3,433;3041594,0.447914,1,433;3087809,0.337487,17,433;3100446,0.158953,16,433;3100895,0.471308,2,1392;3119255,0.418365,13,433;3129607,0.167164,9,433;3145129,0.333965,0,433;3187364,0.263287,17,433;3246229,0.146623,13,433;3272751,0.252188,13,433;3292581,0.18317,20,1392;3313732,0.462452,1,433;3330845,0.278558,17,433;3372519,0.412315,2,433;3373136,0.604443,1,433;3445856,0.326717,1,433;3457099,0.286296,7,1392;3502778,0.611619,17,433;3553875,0.319504,7,433;3593606,0.394693,17,1392;3630914,0.305678,17,433;3646634,0.628392,8,433;3661800,0.418086,1,433;3683755,0.500833,1,433;3710822,0.348711,1,433;3718596,0.36232,18,433;3742343,0.461718,17,433;3753376,0.309387,17,433
11955211	7241322,0.425902,18,1723;7044507,0.451562,10,1723;6464438,0.228145,15,1723;4781611,0.302782,15,1723;3725583,0.304916,15,1723;2167110,0.441237,8,1723;2636653,0.541434,4,1723;3364874,0.263964,4,1723;37269,0.222277,10,1723;1745433,0.31488,1,1723;1853006,0.25024,15,1723;1452352,0.468074,18,1723;1005483,0.243834,18,1723
12198512	1917824,0.324742,14,2381;2115814,0.593202,4,2381;3049971,0.702249,4,2381;1744249,0.659734,4,2381;862073,0.34093,15,2381
13755845	2015713,0.444847,16,835;2029384,0.302552,17,835;2426323,0.202277,20,835;2438148,0.166441,3,835;2497721,0.395747,4,835;2602646,0.723518,8,835;2645196,0.224511,4,835;3068694,0.335146,16,835;3082807,0.235371,7,835;3247494,0.186545,17,835;3471918,0.263005,14,835;3529467,0.302643,3,835;1251236,0.220836,17,835;460563,0.357309,13,835;495031,0.094911,1,835;1602562,0.286117,1,835;871714,0.263133,13,835;975624,0.290529,1,835;4602237,0.177039,1,835;3977788,0.323278,13,835;4080472,0.688759,8,835;4660666,0.118378,1,835;4663832,0.140018,1,835;4720883,0.187992,3,835;5150012,0.294218,1,835;5206440,0.678804,14,835;5292997,0.281389,4,835;5083808,0.367298,4,835;4312340,0.2197,15,835;4167400,0.382424,20,835;7220435,0.221818,13,835;7242382,0.506766,8,835;6440247,0.198106,1,835;5857770,0.207152,1,835;5951259,0.259023,17,835;5964644,0.272993,2,835;6510218,0.246648,13,835;6547826,0.337526,16,835;6655253,0.062653,13,835
13935059	1932225,0.368127,17,297;2011523,0.695393,8,297;2121133,0.43923,8,297;2134503,0.553222,1,297;2142375,0.258072,1,297;2264392,0.306285,13,297;2344260,0.374527,13,297;2489490,0.381427,20,297;2499051,0.193503,17,297;2527626,0.463175,8,297;2552817,0.385132,18,297;2706985,0.367195,13,297;2743454,0.47161,7,297;2756786,0.472093,8,297;2865532,0.469994,2,297;2867294,0.712383,8,297;3035832,0.298968,13,297;3053391,0.43167,18,297;3055389,0.390419,17,297;3108701,0.357842,4,297;3215326,0.334645,8,297;3227469,0.349646,13,297;3236147,0.471989,13,297;3277545,0.295621,1,297;3382354,0.190467,17,297;3400257,0.28752,8,297;3469361,0.328181,18,297;3472708,0.637456,13,297;3634053,0.645073,8,297;3697389,0.265064,17,297;625275,0.293187,13,297;629141,0.620833,8,297;726228,0.279083,0,297;1275965,0.371495,18,297;1300071,0.423234,18,297;1304075,0.551155,16,297;1331667,0.657204,18,297;1475621,0.475313,17,297;1483026,0.552391,16,297;1489039,0.248217,14,297;436981,0.218781,20,297;1557094,0.23571,17,297;1599458,0.161093,13,297;1631357,0.422747,10,297;1681635,0.513542,16,297;1073613,0.324057,17,297;1081799,0.689857,8,297;1081989,0.43115,2,297;1085069,0.2005,1,297;1085333,0.333234,17,297;1098027,0.319035,17,297;1731104,0.244604,17,297;1755493,0.357987,14,297;1822272,0.407085,13,297;1852447,0.673201,16,297;1875198,0.353357,7,297;185594,0.334593,1,297;194519,0.365807,18,297;215798,0.265149,11,297;238847,0.312686,8,297;17960,0.260204,1,297;114400,0.371327,20,297;120080,0.566266,2,297;138968,0.527552,16,297;168593,0.255104,1,297;890634,0.431131,17,297;902306,0.217178,16,297;926060,0.210512,17,297;5770057,0.297671,7,297;5805540,0.173056,16,297;5814661,0.463996,18,297;6475208,0.160453,9,297;6197694,0.676365,0,297;6219916,0.659402,16,297;6252874,0.279228,7,297;6272272,0.472449,18,297;6334617,0.402147,16,297;5835361,0.339435,13,297;5850678,0.051243,1,297;5906292,0.449034,15,297;5985874,0.480189,16,297;7030587,0.453461,16,297;7049730,0.24879,1,297;7184745,0.485985,16,297;6695575,0.511833,3,297;6754386,0.487343,16,297;6776831,0.296135,0,297;6809858,0.326894,4,297;7283378,0.651099,16,297;6129250,0.561718,15,297;6969734,0.450597,16,297;4305037,0.278174,17,297;4311871,0.377652,18,297;4343747,0.430409,18,297;5319992,0.17633,9,297;5347909,0.432057,20,297;5375410,0.40126,3,297;5385976,0.695295,8,297;5469432,0.281926,18,297;5221568,0.529873,16,297;4116120,0.366135,16,297;4125977,0.500349,8,297;4174519,0.37573,2,297;4246427,0.178416,18,297;4253639,0.418794,2,297;3771340,0.348513,20,297;3791581,0.33581,13,297;3829977,0.314978,16,297;3870183,0.448483,8,297;3878973,0.384101,17,297;3886107,0.166601,17,297;3909028,0.454243,1,297;3929710,0.26741,4,297;3938294,0.253474,5,297;5491398,0.381844,16,297;5510026,0.546875,20,297;4641209,0.412689,4,297;4690446,0.347328,18,297;4753844,0.159618,1,297;4785671,0.366223,6,297;5045796,0.345396,18,297;5067994,0.326427,16,297;5124305,0.386773,7,297;4856893,0.279075,13,297;4861624,0.529505,14,297;4869862,0.359176,17,297;4873915,0.170614,17,297;4948458,0.3183,18,297
14108876	1704353,0.229983,5,2359
14492686	2551306,0.432012,16,313;2787936,0.209285,15,313;2824619,0.756809,8,313;2957536,0.476896,8,313;3063328,0.322532,4,313;3199251,0.288515,17,313;3338550,0.41159,17,313;3468159,0.674428,8,313;3478459,0.459383,18,313;3630765,0.610521,16,313;3701240,0.071582,4,313;988457,0.254312,13,313;1655841,0.327392,4,313;1223834,0.180098,20,313;1301376,0.536553,11,313;559232,0.315482,13,313;1427724,0.309233,16,313;1503022,0.574167,4,313;1847509,0.332399,1,313;5396162,0.411642,8,313;4850281,0.258522,11,313;4949791,0.386435,14,313;5075781,0.246112,17,313;5829676,0.601809,8,313;6761802,0.260109,1,313;6187746,0.14505,11,313
15064702	6365045,0.443131,4,2848;2673242,0.597053,10,2848;2681994,0.390209,14,2848;3673230,0.571197,15,2848
15361911	1219774,0.587617,17,2974;1226870,0.494735,20,2974;1305124,0.121394,3,2974;1366950,0.669996,2,2974;1558474,0.140446,20,2974;1631953,0.434694,2,2974;1635758,0.599681,17,2974;1646657,0.391726,1,2974;1661312,0.37987,16,2974;1676838,0.399603,15,2974;1700708,0.567087,17,2974;1700719,0.508318,16,2974;1409300,0.431939,3,2974;1434355,0.521157,18,2974;1437222,0.580152,16,2974;1448503,0.10303,11,2974;1463283,0.581962,11,2974;1527097,0.324245,18,2974;194354,0.258222,13,2974;1074450,0.420835,4,2974;747412,0.632515,2,2974;753856,0.341748,17,2974;783312,0.393719,18,2974;815850,0.586439,2,2974;830460,0.098496,13,2974;1796954,0.349466,17,2974;1829793,0.411453,4,2974;24695,0.326575,2,2974;111012,0.380773,13,2974;157668,0.399407,13,2974;887778,0.203372,1,2974;922692,0.320232,12,2974;949565,0.588533,16,2974;971132,0.416299,6,2974;971952,0.248629,17,2974;972130,0.744349,3,2974;981683,0.392308,13,2974;549300,0.439221,15,2974;556028,0.700936,8,2974;600681,0.347313,1,2974;616310,0.548681,13,2974;621194,0.37136,1,2974;629491,0.669996,2,2974;352272,0.380878,18,2974;379672,0.195082,1,2974;449876,0.296456,3,2974;1926210,0.5143,3,2974;1965077,0.504641,2,2974;1987561,0.29268,3,2974;1988511,0.427135,8,2974;2015905,0.233557,18,2974;2023326,0.448886,12,2974;2099861,0.313158,13,2974;2122848,0.433579,1,2974;2131250,0.249024,13,2974;2200264,0.265363,1,2974;2234023,0.441904,17,2974;2338830,0.233648,3,2974;2395781,0.671295,8,2974;2415591,0.343407,0,2974;2483942,0.393237,13,2974;2590298,0.368429,13,2974;2597660,0.249603,1,2974;2621360,0.551086,4,2974;2720892,0.717251,2,2974;2771391,0.393988,15,2974;2825737,0.348971,1,2974;2859101,0.561095,13,2974;2894147,0.717251,2,2974;2908051,0.611072,17,2974;2916589,0.360787,4,2974;2921239,0.497467,11,2974;2981008,0.381755,1,2974;2982735,0.452705,18,2974;2987301,0.439758,17,2974;3014516,0.457475,17,2974;3030315,0.537746,14,2974;3084320,0.311675,17,2974;3086554,0.277141,8,2974;3089965,0.103866,1,2974;3153572,0.365569,17,2974;3156669,0.384903,17,2974;3175699,0.190874,15,2974;3197301,0.243379,3,2974;3374954,0.504428,17,2974;3400221,0.193702,17,2974;3441274,0.386328,18,2974;3445830,0.261341,17,2974;3516266,0.267322,18,2974;3533740,0.280968,3,2974;3549931,0.571669,17,2974;3596041,0.301916,4,2974;3695201,0.315695,4,2974;3697961,0.347225,4,2974;3731540,0.290763,4,2974;6702281,0.46151,11,2974;6733171,0.233715,12,2974;6769764,0.392819,17,2974;6802029,0.388661,18,2974;6820932,0.31007,13,2974;5659156,0.188617,17,2974;5669407,0.184328,17,2974;5773924,0.517915,17,2974;5776792,0.432888,4,2974;5811151,0.417387,13,2974;7206550,0.378255,13,2974;7240507,0.553785,17,2974;7248873,0.33167,14,2974;7273582,0.173741,17,2974;6540239,0.236235,18,2974;6014563,0.276558,10,2974;6028606,0.119076,13,2974;6089583,0.587988,16,2974;6104766,0.551176,1,2974;6120074,0.231711,17,2974;7033549,0.483409,4,2974;7064512,0.604054,13,2974;7069863,0.376629,17,2974;7179480,0.439428,18,2974;5859915,0.669671,16,2974;5988196,0.333086,3,2974;6940131,0.661263,4,2974;6978283,0.31124,9,2974;6372451,0.434622,17,2974;6487446,0.657043,8,2974;6178723,0.366912,1,2974;6195833,0.551939,16,2974;6203441,0.433276,4,2974;6257345,0.369665,1,2974;6294262,0.308935,1,2974;4868606,0.380377,20,2974;4880113,0.398225,17,2974;4962362,0.33705,18,2974;5087533,0.357039,1,2974;5120696,0.44095,4,2974;4158200,0.39594,13,2974;3950931,0.420447,17,2974;3959140,0.726002,4,2974;4047614,0.508011,18,2974;4049779,0.367884,17,2974;4057196,0.379085,18,2974;4082696,0.181767,17,2974;3809146,0.239313,3,2974;3831910,0.3251,15,2974;3833268,0.22702,17,2974;3911587,0.273836,17,2974;3929433,0.571692,17,2974;5500309,0.224692,14,2974;5514464,0.414811,17,2974;5543204,0.341189,13,2974;5595692,0.553169,3,2974;5630293,0.169116,16,2974;4474100,0.19069,17,2974;4491166,0.264848,18,2974;4497535,0.046031,17,2974;4513317,0.511732,17,2974;4589695,0.351291,17,2974;4295589,0.679804,16,2974;4410135,0.664066,2,2974;4452249,0.727744,8,2974;5166066,0.441883,4,2974;5303910,0.697743,2,2974;5322801,0.272384,4,2974;5338355,0.218188,13,2974;5410972,0.271636,13,2974;5419261,0.336164,3,2974;4630206,0.412068,4,2974;4769214,0.444617,16,2974
15583308	1958139,0.36582,13,1554;2012323,0.211886,17,1554;2035419,0.397781,1,1554;2076549,0.632744,8,1554;2083091,0.270422,7,1554;2114970,0.316041,13,1554;2257056,0.347795,11,1554;2281679,0.270506,11,1554;2463423,0.622866,16,1554;2496926,0.385388,2,1554;2514792,0.142719,11,1554;2542058,0.204036,17,1554;2546365,0.297287,15,1554;2552736,0.308707,1,1554;2567983,0.471824,1,1554;2583415,0.433789,11,1554;2636847,0.289601,11,1554;2644299,0.584365,8,1554;2656389,0.338213,4,1554;2658711,0.256136,17,1554;2715865,0.250554,17,1554;2716560,0.233041,20,1554;2744621,0.325887,8,1554;2781414,0.360458,13,1554;2835580,0.362952,1,1554;2860862,0.540313,11,1554;2966508,0.604585,8,1554;2986192,0.312484,11,1554;2992743,0.257175,17,1554;3068311,0.373781,1,1554;3202276,0.383839,13,1554;3221227,0.367312,3,1554;3230024,0.178151,11,1554;3246320,0.441938,13,1554;3289488,0.286073,17,1554;3340713,0.273345,13,1554;3382364,0.02839,3,1554;3436072,0.255546,17,1554;3475487,0.288694,13,1554;3496306,0.566849,16,1554;3499629,0.233934,17,1554;3523064,0.606686,8,1554;3543537,0.315944,4,1554;3627138,0.32234,7,1554;3651991,0.303472,2,1554;3652905,0.28586,13,1554;3719001,0.295949,1,1554;3734955,0.401406,16,1554;1211731,0.44574,17,1554;1237955,0.207421,11,1554;1280021,0.277083,11,1554;1321414,0.446581,1,1554;1366651,0.353933,17,1554;722003,0.364512,11,1554;727661,0.229236,1,1554;731278,0.421771,15,1554;775516,0.365708,13,1554;806479,0.415927,11,1554;1389802,0.4762,16,1554;1401371,0.624469,8,1554;1438302,0.628194,8,1554;1446255,0.17446,1,1554;1462207,0.319506,1,1554;1528808,0.256518,17,1554;1532967,0.682435,15,1554;366261,0.413995,15,1554;378713,0.468918,8,1554;389103,0.269192,17,1554;415521,0.510165,11,1554;513408,0.357496,14,1554;1071120,0.519039,8,1554;1083088,0.464857,1,1554;1144724,0.301448,13,1554;1147593,0.310751,15,1554;1163367,0.277745,17,1554;102416,0.244263,3,1554;1830589,0.607661,8,1554;883269,0.449749,8,1554;904320,0.521175,8,1554;929886,0.197784,17,1554;993589,0.475005,11,1554;1012362,0.237817,17,1554;1027230,0.616775,15,1554;1634788,0.681398,8,1554;1635527,0.307948,8,1554;1665858,0.364675,11,1554;1693717,0.65673,8,1554;518019,0.384627,17,1554;526268,0.634148,8,1554;534458,0.330348,15,1554;541264,0.272137,17,1554;568521,0.260015,1,1554;595406,0.382613,1,1554;599738,0.459455,11,1554;186823,0.483641,17,1554;315939,0.17508,3,1554;5334571,0.245475,1,1554;5349997,0.260779,11,1554;5354854,0.171997,3,1554;5382617,0.376263,17,1554;5433054,0.348533,1,1554;4717853,0.455184,13,1554;4726148,0.316289,17,1554;4793423,0.27072,2,1554;4983100,0.267748,7,1554;4989004,0.328132,17,1554;4993010,0.274429,20,1554;4994126,0.284729,18,1554;5026738,0.073411,13,1554;5089488,0.306105,15,1554;5092094,0.401546,4,1554;4169756,0.404655,1,1554;4191010,0.344369,1,1554;4220258,0.266486,1,1554;4222890,0.492013,4,1554;4240232,0.265786,1,1554;4261212,0.342051,17,1554;4300777,0.379006,2,1554;4341861,0.136413,3,1554;4370201,0.295825,20,1554;4381613,0.432142,2,1554;4449484,0.56114,2,1554;5188754,0.42287,11,1554;5275374,0.327481,1,1554;5276354,0.460777,13,1554;3957579,0.40321,20,1554;3960851,0.177072,3,1554;3985948,0.234969,3,1554;4026245,0.150014,1,1554;4055944,0.332089,13,1554;4075521,0.255885,17,1554;4088534,0.373674,13,1554;4092661,0.136062,1,1554;4889202,0.331804,11,1554;4900244,0.282209,1,1554;4907345,0.563837,15,1554;4935913,0.435848,14,1554;4958294,0.632921,14,1554;5499362,0.460906,8,1554;5591257,0.221033,1,1554;5602868,0.193314,12,1554;5603411,0.244716,13,1554;5613306,0.105295,20,1554;5637164,0.479853,4,1554;5638622,0.802317,4,1554;4477944,0.274314,16,1554;4501265,0.300577,3,1554;4526314,0.27871,1,1554;4528026,0.379846,13,1554;4535488,0.821864,11,1554;4536130,0.299437,17,1554;4585961,0.150724,11,1554;6015720,0.146588,3,1554;6023883,0.281494,17,1554;6065315,0.273283,17,1554;6076032,0.274153,1,1554;6133281,0.470101,1,1554;6164926,0.315596,14,1554;6250393,0.549995,8,1554;6264910,0.246714,1,1554;6329867,0.573596,3,1554;5889178,0.548421,11,1554;5925195,0.150622,17,1554;5929123,0.194295,3,1554;5932006,0.359501,1,1554;6519059,0.236534,20,1554;6564576,0.207305,4,1554;6606988,0.284516,17,1554;6878563,0.434924,2,1554;6897859,0.146526,3,1554;6906021,0.446157,11,1554;6935075,0.361164,1,1554;6982160,0.411947,4,1554;6995243,0.233,9,1554;7000000,0.309071,20,1554;7005573,0.504559,3,1554;7012971,0.472968,15,1554;7019039,0.368437,13,1554;5674178,0.377416,4,1554;5674931,0.611575,8,1554;5680752,0.284793,1,1554;5742939,0.577623,8,1554;5745037,0.243828,1,1554;5759544,0.071335,13,1554;5804959,0.602058,11,1554;6705067,0.454108,1,1554;6737164,0.375028,13,1554;6381613,0.226489,11,1554;6439769,0.299278,8,1554;6447535,0.209169,11,1554;6486072,0.588846,14,1554;6507596,0.292477,3,1554;7039167,0.268452,11,1554;7062711,0.375481,1,1554;7066929,0.312254,11,1554;7136918,0.183871,17,1554;7162953,0.22744,17,1554;7208912,0.301104,11,1554;7220095,0.218066,17,1554;7271277,0.280011,4,1554
15678119	3388664,0.109991,17,2808;3666583,0.310251,15,2808;3699044,0.534263,15,2808
16502349	1942252,0.266821,20,1121;2235737,0.310762,18,1121;3357938,0.279663,14,1121;1581946,0.606749,8,1554;375023,0.410995,18,1554;5359512,0.284502,14,1121;4174118,0.098867,3,1554;5969118,0.717076,14,1121
17002944	6357245,0.370818,16,2974;6395156,0.613779,4,2974;6434441,0.415775,1,2974;6476563,0.508134,4,2974;6488480,0.32278,4,2974;6229283,0.2562,1,2974;6311409,0.418941,11,2974;6323580,0.48142,20,2974;6332040,0.312686,13,2974;6551407,0.657223,8,2974;6582253,0.232591,13,2974;6586320,0.420313,16,2974;6587260,0.153853,3,2974;7197398,0.383853,20,2974;6014926,0.366529,20,2974;6018751,0.390037,17,2974;6052137,0.331757,11,2974;6052723,0.164412,13,2974;5667096,0.453754,1,2974;5677713,0.435038,7,2974;5701958,0.325685,17,2974;5706385,0.30967,17,2974;5765417,0.132846,13,2974;5869992,0.430127,1,2974;5920674,0.381469,17,2974;7075827,0.490615,17,2974;7099268,0.300169,17,2974;7155291,0.286736,1,2974;5511457,0.508558,1,2974;5532053,0.440884,17,2974;5585387,0.158778,3,2974;5645088,0.222141,17,2974;5325512,0.526655,3,2974;5362359,0.423313,16,2974;5365998,0.311032,17,2974;5389997,0.499339,20,2974;5434385,0.380094,13,2974;5459512,0.315368,20,2974;5468831,0.058419,1,2974;4276321,0.210398,1,2974;4977458,0.192286,17,2974;5003677,0.262412,16,2974;5011407,0.355303,16,2974;5031683,0.334653,1,2974;5058724,0.225812,5,2974;5061288,0.337698,0,2974;5211972,0.097817,4,2974;5282635,0.331242,3,2974;5285516,0.164877,11,2974;5286927,0.358441,17,2974;3961016,0.372919,18,2974;4008655,0.341867,17,2974;4061094,0.34507,17,2974;4061620,0.375577,4,2974;3916088,0.657289,8,2974;3932558,0.68513,8,2974;4798636,0.269073,13,2974;4829843,0.320719,20,2974;4888554,0.564353,8,2974;4919208,0.650934,8,2974;4945343,0.377964,16,2974;4356595,0.241774,17,2974;4397143,0.373786,4,2974;4412414,0.212991,1,2974;4420642,0.279597,1,2974;4707694,0.288885,3,2974;4744983,0.674942,4,2974;4752894,0.341744,1,2974;4478403,0.270162,3,2974;4494079,0.36654,13,2974;4623446,0.209879,17,2974;1893424,0.217476,4,2974;1900415,0.816001,4,2974;1926869,0.368748,16,2974;2003692,0.279436,17,2974;2116931,0.417801,13,2974;2200177,0.290469,16,2974;2245521,0.325455,16,2974;2319277,0.346666,12,2974;2627660,0.345759,14,2974;2631979,0.443376,17,2974;2649333,0.339201,16,2974;2658254,0.245372,17,2974;2705634,0.76993,4,2974;2721090,0.420288,17,2974;2749714,0.398386,4,2974;2803227,0.336444,16,2974;2865698,0.368,7,2974;2931315,0.264006,3,2974;2953955,0.421479,13,2974;3056290,0.239598,1,2974;3066259,0.25835,17,2974;3071534,0.46442,1,2974;3108526,0.495701,4,2974;3159780,0.35401,13,2974;3281141,0.292871,1,2974;3298066,0.117987,13,2974;3336045,0.382682,3,2974;3357361,0.351387,1,2974;3409773,0.109336,3,2974;3421786,0.427704,20,2974;3450306,0.136602,20,2974;3487767,0.241809,11,2974;3565920,0.324491,8,2974;3587128,0.324998,13,2974;3607368,0.353645,16,2974;3691793,0.390022,15,2974;3756627,0.3751,16,2974;3761721,0.255008,17,2974;562410,0.280686,3,2974;567069,0.291796,17,2974;576509,0.265888,14,2974;681390,0.268018,17,2974;682998,0.285261,0,2974;686976,0.348055,20,2974;705381,0.339537,13,2974;713566,0.279101,11,2974;769664,0.344062,16,2974;780688,0.240518,3,2974;789980,0.372212,17,2974;793532,0.380341,16,2974;1555657,0.301646,15,2974;1615354,0.329275,1,2974;1796664,0.193909,1,2974;1819901,0.45948,1,2974;1863612,0.346759,14,2974;1381604,0.525647,4,2974;1387833,0.20319,13,2974;253979,0.41943,8,2974;273071,0.316979,1,2974;278064,0.238369,17,2974;328000,0.357198,16,2974;1216759,0.548891,15,2974;1338569,0.152359,9,2974;1354173,0.347583,17,2974;348020,0.290291,5,2974;371625,0.383129,17,2974;464225,0.622628,8,2974;489797,0.307828,13,2974;512591,0.154013,1,2974;33415,0.217528,13,2974;111552,0.324523,13,2974;157574,0.325243,17,2974;1047919,0.238558,17,2974;1099923,0.473627,8,2974;1125312,0.281106,17,2974
17093165	1897441,0.470205,3,1392;1934124,0.413315,10,1392;1937901,0.504875,14,1392;1996089,0.345543,8,1392;2041985,0.355567,4,1392;2062221,0.341684,11,1392;2106599,0.32541,1,1392;2172717,0.308441,17,1392;2218275,0.363759,1,1392;2224815,0.211965,1,1392;2235970,0.478818,14,1392;2310998,0.618698,8,1392;2506155,0.471144,20,1392;2520510,0.332256,10,1392;2542373,0.48119,13,1392;2585164,0.291236,3,1392;2585637,0.226771,4,1392;2662100,0.270166,2,1392;2715102,0.397396,0,1392;2822118,0.378564,13,1392;2897399,0.384859,8,1392;2912494,0.179815,17,1392;2930098,0.268987,17,1392;2932579,0.210286,16,1392;2993496,0.407568,16,1392;3043126,0.246643,11,1392;3101776,0.425554,16,1392;3167073,0.407407,11,1392;3351676,0.111691,17,1392;3353652,0.335306,11,1392;3389948,0.356435,1,1392;3479301,0.380179,17,1392;3492935,0.152479,3,1392;3606000,0.602344,2,1392;3655453,0.676783,0,1392;3655996,0.309496,16,1392;3742963,0.443644,14,1392;26162,0.238187,0,1392;48664,0.309892,1,1392;96606,0.354256,0,1392;131045,0.387825,12,1392;906879,0.354254,16,1392;915613,0.371647,16,1392;947272,0.190333,17,1392;955517,0.331322,15,1392;1096038,0.339052,10,1392;1140430,0.721881,8,1392;1194316,0.28334,10,1392;1734647,0.536701,17,1392;1758562,0.403695,10,1392;1767984,0.322991,17,1392;1777720,0.596782,8,1392;1797110,0.283763,17,1392;1797691,0.640061,17,1392;1867594,0.426138,6,1392;387217,0.271291,13,1392;432807,0.230386,5,1392;454020,0.267094,11,1392;1380060,0.08543,1,1392;1426319,0.448744,13,1392;1493958,0.473073,0,1392;1534031,0.310951,11,1392;737393,0.835256,0,1392;760275,0.329668,20,1392;775334,0.383704,17,1392;775756,0.227059,8,1392;828365,0.294885,10,1392;838890,0.417377,17,1392;1599640,0.311553,13,1392;1603559,0.248627,4,1392;1637698,0.389041,11,1392;1651618,0.439697,3,1392;1664944,0.573001,11,1392;273074,0.361326,1,1392;304836,0.403303,13,1392;1226378,0.160417,9,1392;1243931,0.309853,16,1392;1302261,0.347129,2,1392;1306380,0.268489,18,1392;1336672,0.442513,8,1392;516226,0.258706,3,1392;572420,0.380127,14,1392;588078,0.514311,8,1392;656938,0.353136,1,1392;666058,0.247037,13,1392;6701491,0.328152,17,1392;6724009,0.229086,4,1392;6731766,0.162085,1,1392;6737503,0.34021,14,1392;6767365,0.566801,8,1392;6792982,0.472506,8,1392;6838201,0.467173,15,1392;6542064,0.29073,17,1392;6544655,0.549405,10,1392;6615759,0.289194,8,1392;6635724,0.220272,13,1392;6233586,0.224156,17,1392;6245021,0.631874,4,1392;6245065,0.373334,11,1392;6247762,0.318947,17,1392;6250275,0.340497,13,1392;6305153,0.242056,17,1392;6035666,0.419803,13,1392;6050246,0.440754,16,1392;6072284,0.472984,4,1392;6148239,0.179351,17,1392;5669467,0.381071,17,1392;5674455,0.330341,17,1392;5687569,0.390217,10,1392;5780287,0.385963,8,1392;6859934,0.250261,13,1392;6976307,0.241541,1,1392;7024438,0.083612,13,1392;7056101,0.235355,17,1392;7158237,0.285875,16,1392;7185270,0.155024,3,1392;6356153,0.479279,10,1392;6384075,0.48811,3,1392;6450028,0.525384,8,1392;6461476,0.529176,8,1392;7230456,0.586446,8,1392;7247552,0.420755,8,1392;7262847,0.561282,8,1392;3787847,0.408439,13,1392;3805632,0.663652,8,1392;3814633,0.329843,4,1392;3834235,0.203839,8,1392;3919468,0.19717,0,1392;3948244,0.472478,13,1392;3961988,0.466659,15,1392;3974481,0.272759,1,1392;4056749,0.441153,0,1392;5312610,0.284261,17,1392;5332932,0.283336,16,1392;5356870,0.112597,1,1392;5461306,0.294122,9,1392;5464524,0.360198,14,1392;5477567,0.459695,17,1392;4490639,0.317783,13,1392;4519039,0.479537,2,1392;4522603,0.318169,13,1392;4553767,0.182071,0,1392;4579168,0.321296,0,1392;4582899,0.363993,17,1392;4597150,0.399219,3,1392;5495623,0.270759,8,1392;5529241,0.271007,15,1392;5589191,0.23577,17,1392;5593400,0.436775,17,1392;5636191,0.419684,13,1392;5644779,0.351499,13,1392;5646407,0.397019,10,1392;4117589,0.511123,8,1392;4139816,0.415425,17,1392;4155158,0.713039,15,1392;4171870,0.621399,4,1392;4194451,0.394919,16,1392;4203007,0.219609,3,1392;4208889,0.355662,16,1392;4216138,0.259314,13,1392;4252814,0.59593,8,1392;4260702,0.161747,1,1392;4287979,0.276005,17,1392;4307131,0.300277,1,1392;4367948,0.678903,8,1392;4378708,0.537124,8,1392;4419216,0.39217,13,1392;5201213,0.41384,17,1392;5208085,0.508116,8,1392;5252246,0.241344,11,1392;5252593,0.511393,8,1392;4808089,0.068351,12,1392;4842998,0.351929,13,1392;4866447,0.348313,1,1392;4895698,0.114176,13,1392;4954769,0.334025,17,1392;4647355,0.597965,14,1392;4682101,0.465195,16,1392;4682704,0.495312,17,1392;4795831,0.410187,17,1392;4972291,0.180394,3,1392;4978376,0.607426,8,1392;5017287,0.23521,0,1392;5065940,0.287097,15,1392;5071732,0.439317,17,1392;5120820,0.42499,13,1392;5126206,0.346977,4,1392
17529650	6905831,0.263018,3,1554;6906704,0.296352,17,1554;6932235,0.275975,18,1554;6935837,0.469355,3,1554;6992344,0.283348,1,1554;6007611,0.276004,1,1554;6015405,0.191816,11,1554;6022977,0.383972,17,1554;6023669,0.335167,10,1554;6073805,0.537234,1,1554;6135800,0.263595,1,1554;6142160,0.607079,16,1554;6162446,0.206611,17,1554;6167427,0.24861,3,1554;6550599,0.290772,7,1554;6606711,0.09011,1,1554;6616566,0.179035,13,1554;6635798,0.45187,18,1554;5826018,0.42086,4,1554;5844475,0.626354,10,1554;5854085,0.290576,10,1554;5860947,0.150091,17,1554;5874591,0.509055,1,1554;5904068,0.375425,18,1554;5943104,0.359619,13,1554;5960366,0.426177,1,1554;5969939,0.293889,3,1554;5971877,0.510313,4,1554;5990742,0.389539,12,1554;7270603,0.40335,4,1554;7274205,0.800423,1,1554;7050627,0.369723,13,1554;7173254,0.355984,17,1554;7191085,0.364538,17,1554;6690883,0.296559,9,1554;6694844,0.437451,20,1554;6722752,0.346207,13,1554;6733969,0.277157,17,1554;6745633,0.32371,3,1554;6749424,0.699199,10,1554;6805268,0.43433,17,1554;6825060,0.24822,3,1554;6848118,0.483997,17,1554;5684106,0.468662,1,1554;5730508,0.46657,17,1554;5760251,0.255872,3,1554;5785352,0.227695,17,1554;5786985,0.454991,17,1554;5803276,0.288616,11,1554;5807557,0.468169,20,1554;5814917,0.328737,1,1554;6196700,0.353508,14,1554;6224047,0.583372,1,1554;6276068,0.389957,17,1554;6298032,0.248782,10,1554;6318786,0.080734,1,1554;6360632,0.431464,17,1554;6404401,0.089609,16,1554;6407701,0.400544,13,1554;6416362,0.382247,1,1554;6430912,0.512855,1,1554;6433441,0.524282,10,1554;6456917,0.582778,3,1554;6486502,0.519839,2,1554;6492505,0.517726,0,1554;5343175,0.36979,1,1554;5470635,0.423198,15,1554;3778392,0.371837,17,1554;3783886,0.14201,3,1554;3794656,0.267338,10,1554;3864665,0.370562,13,1554;3870139,0.461063,1,1554;3900126,0.489607,1,1554;3921175,0.340944,17,1554;4128785,0.391166,1,1554;4195635,0.381394,17,1554;4204084,0.739351,8,1554;4245864,0.494295,7,1554;4253150,0.576869,11,1554;4264130,0.612905,17,1554;4280188,0.537621,10,1554;3700643,0.349733,3,1554;3704438,0.397139,17,1554;3722480,0.13917,13,1554;3728205,0.44624,17,1554;3744998,0.447204,4,1554;4473287,0.429413,4,1554;4558735,0.281588,10,1554;4569734,0.357855,1,1554;4630583,0.309982,4,1554;4669691,0.014635,16,1554;4696387,0.385734,14,1554;4737323,0.623666,18,1554;4760098,0.393804,14,1554;5520004,0.21709,13,1554;5525860,0.498959,18,1554;5544605,0.258583,13,1554;5557274,0.470083,14,1554;5585555,0.479185,10,1554;5615559,0.43962,10,1554;5633082,0.297621,3,1554;5641498,0.314708,1,1554;4973823,0.364418,17,1554;5020758,0.254567,3,1554;5090348,0.243218,1,1554;5106967,0.347496,18,1554;5218626,0.443852,1,1554;4824210,0.252694,1,1554;4836658,0.289545,7,1554;4854982,0.377633,17,1554;4859091,0.769894,8,1554;4860934,0.422771,15,1554;4870766,0.408419,3,1554;4895879,0.160004,13,1554;4933395,0.649419,3,1554;4955469,0.378055,1,1554;4290456,0.399886,1,1554;4336881,0.255552,1,1554;4368032,0.46036,17,1554;4375497,0.411721,10,1554;4395642,0.295616,1,1554;4426201,0.257332,1,1554;4445047,0.427822,17,1554;3981862,0.22283,3,1554;3983544,0.150867,11,1554;3990725,0.378822,17,1554;4050833,0.233499,20,1554;4056910,0.443635,3,1554;528133,0.379844,1,1554;548996,0.568486,18,1554;571950,0.2691,10,1554;579071,0.354744,4,1554;589964,0.521161,17,1554;599233,0.278986,7,1554;641234,0.679825,16,1554;658033,0.253661,15,1554;663649,0.404412,17,1554;1032388,0.509662,1,1554;1045844,0.464795,17,1554;1145525,0.14854,13,1554;1193995,0.377104,17,1554;1412506,0.378979,16,1554;1437769,0.72448,10,1554;1447803,0.375885,20,1554;1454085,0.341638,20,1554;1502720,0.311102,13,1554;1513698,0.328911,3,1554;1205325,0.422721,3,1554;1239109,0.428317,10,1554;1268883,0.415081,17,1554;1313431,0.314382,1,1554;1315098,0.285831,1,1554;691364,0.332993,13,1554;720966,0.351131,13,1554;753398,0.18895,13,1554;779164,0.282118,2,1554;1718805,0.391643,17,1554;1745922,0.434135,4,1554;1762682,0.533108,16,1554;1825310,0.410313,17,1554;1827169,0.572947,16,1554;1849610,0.450692,1,1554;1869563,0.384903,8,1554;32363,0.343534,17,1554;37256,0.513528,17,1554;38854,0.33429,4,1554;70604,0.303364,17,1554;82938,0.43928,7,1554;92427,0.468141,17,1554;152078,0.314905,17,1554;163227,0.226187,15,1554;910877,0.299116,10,1554;915425,0.307259,17,1554;919847,0.295542,17,1554;965089,0.463837,17,1554;965749,0.398048,17,1554;989609,0.448596,1,1554;1566410,0.36251,1,1554;1589040,0.333641,9,1554;1604399,0.1313,17,1554;345562,0.367358,3,1554;355247,0.309169,17,1554;365677,0.514504,14,1554;430535,0.220207,17,1554;474781,0.236175,1,1554;501449,0.126498,13,1554;502627,0.307934,11,1554;186468,0.321018,17,1554;267164,0.265008,1,1554;316109,0.186581,1,1554;324906,0.282026,3,1554;339819,0.33456,17,1554;1892607,0.324898,9,1554;1950176,0.313368,11,1554;1956670,0.500218,8,1554;1978142,0.213389,17,1554;1987168,0.441512,17,1554;1990782,0.37011,9,1554;1999130,0.30958,4,1554;2000293,0.207208,11,1554;2004718,0.187483,16,1554;2045202,0.385946,17,1554;2075985,0.330724,7,1554;2078090,0.160113,1,1554;2131012,0.283794,1,1554;2143004,0.18515,3,1554;2158239,0.297053,1,1554;2191497,0.464681,3,1554;2229832,0.264288,10,1554;2237238,0.386424,9,1554;2242380,0.213681,1,1554;2298273,0.21067,9,1554;2313262,0.302285,17,1554;2323140,0.192787,15,1554;2330787,0.386028,20,1554;2348374,0.2104,17,1554;2451892,0.408473,4,1554;2467818,0.352552,17,1554;2471992,0.43739,1,1554;2506394,0.541993,1,1554;2563277,0.485891,1,1554;2574131,0.396934,2,1554;2594498,0.391872,2,1554;2610111,0.172299,13,1554;2669094,0.306731,4,1554;2677253,0.289557,1,1554;2688654,0.499791,7,1554;2720691,0.281708,17,1554;2739647,0.440871,14,1554;2746735,0.455828,13,1554;2814529,0.33907,4,1554;2821568,0.88919,15,1554;2853346,0.223694,15,1554;2887911,0.346057,18,1554;2907513,0.815153,4,1554;2956630,0.266636,17,1554;3002117,0.264628,3,1554;3007682,0.32327,1,1554;3093934,0.339417,17,1554;3117612,0.47838,13,1554;3147658,0.277378,3,1554;3165695,0.428216,17,1554;3198431,0.480688,2,1554;3208560,0.45074,17,1554;3241462,0.255333,10,1554;3253384,0.261955,15,1554;3353521,0.222909,1,1554;3360488,0.297698,17,1554;3370134,0.346768,7,1554;3410544,0.462332,2,1554;3412631,0.497127,1,1554;3455320,0.395834,17,1554;3477810,0.559586,11,1554;3480212,0.464576,11,1554;3510643,0.711135,18,1554;3514741,0.355022,14,1554;3515786,0.366336,13,1554;3519915,0.288972,17,1554;3536345,0.475586,2,1554;3544617,0.444789,11,1554;3565059,0.577984,8,1554
18862909	4823494,0.355131,13,433;4858394,0.381792,17,433;4938986,0.325334,3,433;4168942,0.201033,13,433;4177109,0.351495,3,433;4199235,0.303682,7,433;4206565,0.617841,1,433;4309093,0.552301,0,433;4334958,0.615144,8,433;4404251,0.316387,1,433;4427248,0.29905,15,433;3804110,0.300601,1,433;3822539,0.518112,4,1392;3863238,0.483501,10,433;3886865,0.366235,3,433;3934615,0.467585,17,1392;5481538,0.490212,16,1392;5505758,0.400525,17,433;5514966,0.550315,8,433;5524073,0.498679,17,433;5574602,0.313044,3,433;5597954,0.505252,8,433;5612918,0.10628,17,433;5615762,0.594209,17,433;5639093,0.222268,8,433;4986015,0.268799,3,433;5025856,0.502042,4,1392;5080011,0.285794,13,433;5114310,0.214266,15,433;5138949,0.417537,17,1392;3957268,0.237199,1,433;3960795,0.388355,0,433;3998236,0.404319,18,433;4014876,0.411315,3,433;4051315,0.620541,3,433;4103391,0.314301,1,433;4665617,0.332889,1,433;4669438,0.658207,18,433;4676036,0.181185,13,433;4683662,0.640995,0,1392;4771213,0.29628,1,433;5324799,0.329218,15,433;5339303,0.368556,15,433;5386821,0.341501,14,433;5393240,0.490013,17,433;5416075,0.216784,17,433;5417286,0.493657,8,433;5430344,0.333895,15,433;5455679,0.436954,16,433;5461781,0.136718,17,433;4511864,0.124118,1,433;4519447,0.275693,1,433;4532422,0.433174,17,433;4566291,0.223297,20,433;4594924,0.230613,1,433;5153117,0.439217,17,433;5201365,0.737809,4,433;5216362,0.26292,4,1392;5265417,0.3633,10,433;5277228,0.367736,17,1392;5283967,0.13293,1,433;7026799,0.173671,16,433;7070625,0.245336,3,433;7072223,0.373317,18,433;7091740,0.253107,1,433;7093517,0.172529,1,433;7139552,0.469216,17,433;7149698,0.153206,1,433;6942394,0.490707,14,433;6984022,0.210645,1,433;7015505,0.473372,13,433;5999687,0.297371,17,433;6078836,0.334602,13,433;6081077,0.183159,1,433;6087014,0.533406,13,433;6119403,0.394379,17,433;6125482,0.271596,13,433;6135186,0.623305,1,433;6161267,0.5294,17,433;6200469,0.471811,13,433;6267641,0.208864,1,433;6278463,0.659873,1,433;6731630,0.549664,3,433;6763611,0.300769,17,433;6838973,0.000028,13,433;6350967,0.714418,8,433;6376646,0.495692,8,433;6465713,0.472594,3,433;6469388,0.343313,2,433;6470865,0.469549,4,433;6491643,0.463328,8,433;6511099,0.669969,16,433;6569212,0.41831,1,433;6570526,0.793472,4,433;6583961,0.280473,4,433;6585367,0.452779,17,433;6649502,0.393838,10,433;6661492,0.355515,13,433;6680007,0.235982,8,1392;7230339,0.344411,3,433;5861173,0.684211,1,433;5897340,0.34232,1,433;5916730,0.754204,4,433;5919809,0.46125,3,433;5969335,0.262495,1,433;5971408,0.452444,17,433;5990530,0.269829,1,433;5723506,0.11709,4,433;5808658,0.097661,1,433;1236533,0.478636,16,433;1247159,0.515635,3,433;1281088,0.24541,1,433;1295237,0.384632,17,433;1309301,0.260977,8,433;1319363,0.381065,17,433;1319630,0.299793,7,433;1341718,0.127034,1,433;1346190,0.250013,3,433;1438810,0.347678,13,433;1486480,0.44427,8,433;1525145,0.539725,16,433;1087140,0.351441,13,433;199234,0.207811,15,433;233889,0.64352,16,433;262213,0.458039,17,433;270952,0.200124,13,433;298445,0.3282,3,433;316004,0.349234,13,433;1717638,0.265512,3,433;1795845,0.179722,17,433;1809851,0.477273,11,433;1842837,0.672666,0,433;1847926,0.299365,16,433;1866026,0.575378,16,433;1584613,0.380233,8,433;1606803,0.070395,1,433;1634905,0.440283,17,433;1651263,0.681863,1,433;884487,0.354796,13,433;926614,0.515022,8,433;960946,0.355546,8,433;972999,0.16447,1,433;1005203,0.438302,3,433;1019522,0.264959,17,433;516527,0.446523,17,1392;546361,0.327432,1,433;557131,0.662785,17,433;566341,0.234814,1,433;582588,0.308907,1,433;632257,0.309896,1,433;654634,0.177063,17,433;663147,0.42575,4,433;749653,0.369591,17,433;793651,0.415189,1,433;798232,0.377132,17,433;832688,0.355534,17,433;854492,0.52929,8,433;57179,0.50381,13,433;78171,0.17779,16,1392;160313,0.44967,2,433;379031,0.332093,16,433;401925,0.27026,1,433;428150,0.345439,11,433;431912,0.320197,3,433;467094,0.449156,13,433;498073,0.336905,15,433;1957384,0.723859,8,433;1992121,0.17293,7,433;2018076,0.503187,17,433;2053448,0.278468,1,433;2079179,0.503115,0,433;2091507,0.329724,15,433;2092060,0.5474,16,433;2146869,0.387917,17,433;2169876,0.625234,16,433;2354376,0.258487,17,433;2380533,0.144971,17,433;2397294,0.448203,8,433;2404995,0.450695,13,433;2407264,0.48134,16,433;2446546,0.462546,13,433;2476837,0.270787,8,433;2617111,0.655918,4,1392;2636153,0.626027,16,433;2692065,0.374811,8,433;2693273,0.56187,0,433;2724862,0.48141,11,433;2765063,0.566559,14,433;2833063,0.388059,17,433;2847667,0.327006,18,433;2851255,0.325379,3,433;2868742,0.627409,16,1392;2882520,0.29129,4,433;2983101,0.226569,1,433;3025899,0.586993,17,433;3026083,0.447499,1,433;3041209,0.216596,15,433;3082074,0.388273,8,433;3106189,0.293923,1,433;3112435,0.403214,17,433;3134060,0.226495,3,433;3156863,0.417046,8,433;3166661,0.317663,0,433;3231912,0.452726,1,433;3235542,0.224472,20,1392;3295710,0.233769,1,433;3372468,0.427907,17,433;3443197,0.396037,8,433;3450291,0.284339,1,433;3467376,0.25149,13,433;3500140,0.409953,17,433;3501334,0.328448,1,433;3529706,0.444868,11,433;3564180,0.367209,3,433;3612329,0.270622,13,433;3635654,0.554754,1,433;3650835,0.40492,17,433;3655484,0.249023,4,1392;3738800,0.411062,20,433
18926654	1043538,0.284773,2,2708;1548964,0.268192,1,2708;1567200,0.186558,1,2708;1571057,0.268177,18,2708;1633414,0.516434,8,2708;217698,0.351625,18,2708;916320,0.627821,1,2708;921522,0.431822,18,2708;964908,0.359473,2,2708;429105,0.301006,13,2708;659596,0.253294,13,2708;667453,0.303228,16,2708;672237,0.408925,18,2708;1931849,0.409043,18,2708;2632565,0.243334,18,2708;3360256,0.246238,18,2708;3599045,0.23998,18,2708;3626457,0.3564,18,2708;6741444,0.191876,1,2708;6021315,0.366458,13,2708;6027955,0.385344,2,2708;5919543,0.034083,1,2708;5987784,0.151753,17,2708;6304890,0.566759,18,2708;4158534,0.30133,4,2708;4885457,0.301155,13,2708;5436047,0.261471,17,2708;3973478,0.352326,18,2708;5542571,0.247714,18,2708;4552120,0.121502,17,2708;4796951,0.184461,17,2708
19365904	5146837,0.339777,1,1392;5232565,0.424636,2,1392;5232763,0.187753,3,1392;5248689,0.441826,13,1392;5282861,0.459892,4,1392;5366039,0.375273,20,1392;5373017,0.491627,8,1392;5398028,0.415348,17,1392;5454682,0.549158,2,1392;5455267,0.344296,15,1826;5484916,0.44054,2,1392;5546541,0.485544,11,1392;5648964,0.343695,17,1392;4646923,0.381834,1,1826;4657900,0.384949,1,1392;4712356,0.468405,8,1392;4768321,0.429108,17,1392;4773375,0.429984,1,1392;4792865,0.368652,17,1826;4976409,0.589993,8,1826;4989719,0.267699,17,1392;5045475,0.261271,17,1392;5088282,0.348936,10,1392;5138486,0.169416,17,1392;3787305,0.304683,17,1392;3823181,0.207616,17,1392;3929438,0.468633,3,1392;4152044,0.142418,13,1392;4158884,0.264144,4,1392;4202267,0.370964,13,1392;4252322,0.33226,7,1392;4278867,0.541065,11,1392;4345522,0.312408,1,1826;4349490,0.361172,17,1826;4360782,0.269177,4,1392;4397066,0.419423,1,1392;4408818,0.296851,2,1392;4410028,0.353695,1,1392;4814273,0.40356,17,1392;4815035,0.188926,17,1392;4863754,0.251317,13,1826;4920855,0.277152,4,1392;4456746,0.387927,14,1392;4468568,0.378863,17,1392;4539277,0.250135,18,1826;4583154,0.412673,3,1392;4607705,0.417701,1,1392;3966249,0.293533,1,1392;3966777,0.263652,9,1392;3988811,0.583335,11,1392;4006599,0.540913,8,1392;4028525,0.534725,8,1392;4037343,0.325973,17,1392;4107211,0.243574,1,1392;6341901,0.444145,7,1392;6357387,0.381991,15,1392;6386318,0.242566,12,1392;6491401,0.396771,8,1392;6498971,0.398647,14,1826;6312801,0.351823,13,1392;6317356,0.379174,1,1392;6000011,0.225754,13,1392;6001069,0.331927,17,1392;6053216,0.14144,3,1392;6056796,0.594454,1,1392;6070234,0.357029,1,1392;5832968,0.550516,1,1392;5840924,0.195931,1,1392;5898613,0.35557,11,1392;5921477,0.474784,13,1826;5996318,0.639035,8,1392;6855418,0.785346,8,1392;6860832,0.436089,13,1826;6900670,0.20733,17,1392;6931857,0.282886,13,1392;6948865,0.394954,17,1392;6956161,0.308391,9,1392;6991440,0.480057,3,1392;6698355,0.388423,20,1392;6759315,0.242264,13,1826;6821691,0.456599,6,1826;6840806,0.094331,11,1392;7227250,0.725402,4,1392;7238762,0.330545,1,1392;7241154,0.400871,16,1392;7257566,0.212162,15,1392;7286183,0.204329,1,1392;5677780,0.359974,11,1392;5708402,0.571017,17,1392;5739664,0.281046,1,1392;5748816,0.153363,11,1392;5748833,0.229451,15,1392;5776074,0.239483,4,1392;5781420,0.236014,17,1392;5784012,0.481646,17,1392;5800097,0.363612,13,1392;5817940,0.427037,11,1392;7047868,0.290733,8,1392;7077445,0.698599,8,1826;7129611,0.479376,8,1392;7153905,0.347119,17,1392;7168284,0.342813,11,1392;6544331,0.194008,15,1392;6605767,0.378449,1,1392;6623643,0.337769,17,1392;6632617,0.513207,2,1392;6665835,0.085525,13,1392;1907442,0.327523,17,1392;1918917,0.713944,8,1392;1986976,0.265504,17,1392;2003409,0.306769,11,1392;2012503,0.476778,2,1392;2082135,0.469482,10,1392;2104397,0.158425,17,1392;2121539,0.240196,16,1826;2142898,0.446468,2,1392;2239076,0.587104,8,1392;2260946,0.31261,13,1392;2298153,0.450319,8,1826;2344212,0.404946,17,1392;2369276,0.278715,11,1392;2392705,0.588304,8,1392;2451897,0.488864,17,1392;2453011,0.345702,17,1392;2596378,0.54939,8,1826;2605001,0.365704,15,1392;2649404,0.262352,1,1392;2657978,0.337968,16,1392;2675264,0.222858,17,1392;2783979,0.719793,8,1392;2801152,0.388531,4,1392;2813470,0.441112,17,1392;2813985,0.295902,13,1392;2859533,0.189268,16,1392;2870014,0.384347,4,1392;2884593,0.23662,17,1392;2912591,0.32428,1,1392;2930884,0.249202,10,1392;3041764,0.292131,11,1392;3099553,0.272592,17,1392;3102464,0.211823,7,1392;3121511,0.278502,11,1392;3182020,0.431219,17,1392;3203584,0.230528,13,1392;3240270,0.257622,11,1392;3247848,0.332496,17,1826;3259490,0.211895,9,1392;3282901,0.368918,0,1392;3316465,0.433208,8,1826;3321188,0.298067,20,1392;3326666,0.381545,1,1392;3360866,0.368368,17,1392;3383538,0.338339,11,1392;3400630,0.549287,16,1392;3448660,0.781948,11,1392;3454514,0.56759,14,1392;3497441,0.157244,14,1392;3629321,0.309857,13,1392;3644138,0.530951,5,1392;3668866,0.323738,17,1392;3689697,0.466226,8,1826;906384,0.118909,18,1392;951191,0.324309,13,1392;955327,0.525691,11,1392;1377280,0.24555,3,1392;1387711,0.325965,13,1392;1424743,0.189082,1,1392;1459770,0.288398,11,1392;1502927,0.309042,13,1826;217540,0.50191,8,1392;280828,0.22206,11,1392;288322,0.362544,8,1826;293087,0.364061,13,1392;302259,0.397107,7,1392;318296,0.293497,17,1392;318455,0.644122,17,1392;1244241,0.353751,17,1392;1261316,0.269198,11,1392;1355274,0.497184,11,1392;1361053,0.321042,1,1392;1363114,0.416617,11,1392;1120157,0.74557,8,1392;1161363,0.248448,17,1392;1736386,0.214804,1,1392;1838319,0.606193,4,1392;1851616,0.570837,8,1826;1865115,0.385238,2,1392;1870724,0.333529,1,1392;36565,0.434555,11,1392;49459,0.370957,17,1826;75725,0.257826,11,1392;109397,0.16999,11,1392;1571137,0.411658,4,1392;1604719,0.548374,8,1392;1613144,0.332908,11,1392;1626791,0.328705,13,1392;1671254,0.289736,15,1392;1681536,0.405417,3,1392;688441,0.347353,8,1826;770330,0.449904,18,1392;771144,0.647559,8,1826;785148,0.72189,8,1392;828145,0.565242,8,1826;540917,0.329521,16,1826;580651,0.402692,17,1392;591202,0.111224,11,1826;609643,0.593,8,1392;612565,0.262514,5,1392;641647,0.138313,11,1392;674774,0.384552,17,1392;344688,0.519153,11,1392;397501,0.388215,14,1826;435074,0.284745,17,1392;493491,0.552328,8,1392
22034414	6554904,0.538042,0,2774;3479065,0.817638,4,2774;1811435,0.245067,5,2774;1827327,0.819429,4,2774
22082985	4481470,0.714796,8,1392;4486613,0.41055,2,1392;4510382,0.320041,11,1826;4517300,0.487852,1,1392;4542726,0.091404,1,1826;4572428,0.312078,1,1826;4575799,0.375978,17,1826;4583868,0.466954,17,1392;4593497,0.362573,16,1392;4646220,0.781814,16,1392;4658802,0.522755,3,1826;4678055,0.213005,1,1826;4687251,0.15255,1,1392;4689150,0.450914,8,1826;4700396,0.391679,17,1826;4702472,0.474057,3,1826;4716213,0.283313,10,1392;4741759,0.634157,10,1826;4761557,0.248639,17,1392;4763996,0.599745,11,1826;4769314,0.40002,17,1826;4769615,0.304603,12,1826;4783807,0.270079,1,1826;4795254,0.409195,1,1826;4284178,0.202045,17,1826;4298103,0.090473,17,1826;4298652,0.383948,17,1826;4307926,0.505109,11,1826;4326492,0.272505,7,1826;4358289,0.400874,14,1826;4392941,0.583777,8,1392;4419915,0.279643,4,1392;3807371,0.225525,1,1392;3866193,0.398401,7,1826;3867605,0.46624,16,1826;3870498,0.255853,17,1826;3919257,0.406533,17,1392;3926484,0.377685,13,1392;4995141,0.425833,17,1826;5000292,0.330684,13,1826;5006031,0.450487,3,1826;5010868,0.486447,16,1392;5049539,0.563274,8,1392;5063705,0.332498,7,1826;5081371,0.449472,7,1392;5105108,0.61057,8,1826;5107102,0.298911,13,1826;4149769,0.598998,8,1826;4206434,0.416863,12,1392;4238447,0.143432,6,1826;4256913,0.300048,1,1826;4257284,0.296884,13,1392;4271774,0.396181,3,1826;4809553,0.478998,17,1826;4814269,0.455811,4,1392;4867437,0.644048,1,1392;4879240,0.240329,14,1392;4879613,0.622714,16,1826;4902248,0.41977,17,1392;4902715,0.211982,15,1392;4945544,0.250592,1,1826;4956215,0.370416,3,1826;5322434,0.517381,1,1826;5333430,0.326591,1,1826;5333848,0.327871,13,1392;5384330,0.557222,8,1392;5390432,0.307653,17,1826;5430911,0.171216,13,1826;5444332,0.414024,8,1826;5451065,0.096054,13,1392;5459643,0.453986,17,1826;5478636,0.492475,17,1392;3947866,0.408132,1,1826;4044835,0.657303,8,1392;4057749,0.27997,3,1392;4064373,0.277824,13,1392;5481489,0.421976,2,1392;5495057,0.189038,17,1826;5529266,0.582265,8,1826;5548096,0.542121,8,1392;5555240,0.387312,2,1392;5599076,0.350789,13,1392;5615217,0.289889,11,1826;5621404,0.406251,14,1392;5633407,0.463514,17,1392;5644998,0.697577,8,1392;5645726,0.287645,12,1826;5170490,0.366596,16,1826;5179339,0.511558,16,1826;5198012,0.434548,8,1826;5236633,0.337325,1,1826;5832363,0.484206,8,1392;5835009,0.417848,15,1392;5854289,0.398579,17,1826;5870289,0.453439,17,1392;5921622,0.418592,10,1392;5956614,0.308642,3,1826;5659826,0.217267,2,1392;5660996,0.282765,9,1826;5662996,0.324911,17,1826;5673748,0.479438,8,1826;5715669,0.454412,17,1826;5784059,0.255812,17,1392;5793214,0.308678,10,1826;5812159,0.533639,3,1826;6040188,0.406528,2,1392;6095061,0.464343,8,1392;6128513,0.318665,3,1826;6156540,0.497107,17,1826;6561855,0.352917,13,1392;6563072,0.493502,10,1392;6607556,0.272863,17,1392;6614223,0.292596,8,1392;6615171,0.691917,8,1392;6638864,0.261774,18,1392;6644803,0.328662,13,1826;6672919,0.521979,8,1826;7199126,0.370783,2,1392;7210247,0.644065,8,1392;7220532,0.27939,1,1826;6853318,0.372237,10,1826;6861743,0.515651,17,1392;6881056,0.389761,15,1392;6885990,0.227421,1,1392;6956022,0.307369,11,1392;7011856,0.32792,1,1392;7017196,0.20576,18,1392;7023591,0.636837,8,1392;7042848,0.419699,20,1826;7059960,0.125418,17,1392;7082556,0.500994,18,1826;7096018,0.620543,8,1392;7126258,0.310779,18,1826;7131066,0.583895,4,1392;7137803,0.311269,10,1826;6714090,0.409532,13,1826;6734019,0.54136,14,1826;6769986,0.541921,8,1392;6777578,0.456698,17,1826;6779220,0.693186,8,1826;6781854,0.708094,8,1392;6374149,0.258443,1,1392;6405816,0.287994,13,1392;6199211,0.254497,8,1826;6199758,0.246821,15,1826;6277646,0.289356,20,1392;6294397,0.645921,8,1826;6307488,0.37411,13,1392;6315783,0.232214,5,1392;1418784,0.37542,1,1392;1432761,0.502809,17,1826;1496533,0.337777,1,1826;1531005,0.309186,17,1826;1098395,0.659835,10,1392;1126425,0.405588,17,1392;1177304,0.182274,1,1826;1198593,0.198889,15,1392;1223221,0.576537,3,1392;1224424,0.161515,13,1826;1289883,0.466408,17,1826;1293226,0.420716,3,1826;1328911,0.381334,4,1826;1335143,0.474461,2,1392;1340311,0.412079,14,1826;1347667,0.200016,1,1392;1361892,0.353563,11,1392;1726654,0.361852,4,1392;1769267,0.363178,1,1826;1776815,0.29627,1,1392;1805409,0.248664,13,1826;1807569,0.309667,1,1392;1856741,0.277589,18,1392;1879030,0.448756,1,1826;549899,0.625252,8,1826;555014,0.255053,1,1392;602881,0.301417,4,1392;646754,0.484899,14,1826;659663,0.32572,8,1392;219889,0.296368,7,1826;235164,0.285129,10,1392;250814,0.223485,1,1392;269492,0.223794,1,1392;280681,0.327081,1,1826;326162,0.364292,1,1826;327399,0.438036,7,1826;881918,0.334945,2,1392;892061,0.582704,8,1392;896724,0.277879,10,1392;957570,0.605586,8,1826;964237,0.548664,3,1392;980215,0.334787,17,1826;995584,0.328193,12,1392;1013049,0.484259,2,1826;6492,0.325975,17,1826;16214,0.373596,13,1392;28580,0.461978,1,1392;50960,0.644596,8,1826;87075,0.661631,8,1826;97998,0.604809,16,1826;100700,0.347073,15,1392;131245,0.152656,1,1392;142360,0.431844,4,1392;146505,0.215916,1,1392;160050,0.209519,14,1392;170113,0.412583,2,1392;705642,0.467435,17,1826;725856,0.514391,17,1826;730099,0.298118,1,1826;741134,0.481594,8,1392;756466,0.158941,13,1826;774864,0.495567,8,1826;806743,0.788703,1,1826;825286,0.219144,1,1392;856314,0.361051,11,1392;352700,0.204698,1,1392;363610,0.353928,17,1392;369680,0.517124,17,1826;374042,0.208563,1,1392;396002,0.375301,18,1392;407907,0.341707,17,1392;420213,0.423215,17,1826;457177,0.165443,12,1826;465229,0.440299,13,1826;485245,0.674039,8,1826;1551748,0.3633,3,1392;1571947,0.307742,17,1826;1630604,0.55449,3,1826;1632410,0.567618,14,1392;1638673,0.171391,1,1826;1645815,0.431418,17,1826;1675832,0.429771,18,1392;1693773,0.384906,3,1826;1884345,0.148244,1,1392;1905865,0.462482,13,1392;1908703,0.201071,1,1826;1920705,0.530126,1,1826;1936343,0.305367,2,1826;1956996,0.416085,1,1826;1961875,0.498784,17,1826;1964852,0.326574,11,1392;1974685,0.769074,8,1392;1974834,0.648193,3,1826;2047481,0.26404,8,1392;2063886,0.497909,14,1826;2093010,0.310075,10,1392;2104983,0.663197,11,1392;2258926,0.368471,13,1392;2262126,0.370154,15,1392;2270995,0.472631,8,1826;2302868,0.290621,2,1826;2333050,0.380994,2,1826;2339707,0.302768,18,1826;2355444,0.319088,4,1826;2373221,0.461004,10,1392;2411050,0.228179,13,1826;2436080,0.268102,10,1392;2460966,0.573578,11,1392;2463251,0.685113,8,1392;2499317,0.445043,3,1826;2529915,0.365506,1,1826;2572501,0.156176,1,1392;2626500,0.363665,8,1392;2638567,0.121339,13,1826;2662052,0.474274,2,1392;2675499,0.312724,1,1826;2677062,0.761744,3,1826;2679139,0.345646,1,1826;2704929,0.517582,2,1826;2714022,0.356289,15,1392;2725902,0.320036,1,1826;2736494,0.306665,18,1826;2781348,0.469761,20,1392;2855868,0.343653,2,1826;2863647,0.407146,8,1392;2891375,0.26251,17,1392;2943141,0.218962,3,1826;3054140,0.375999,15,1392;3057378,0.440402,1,1392;3079251,0.178951,1,1826;3093075,0.369864,1,1392;3117869,0.382516,13,1392;3120666,0.66176,17,1392;3150756,0.601924,2,1392;3177193,0.352683,10,1392;3182538,0.202627,13,1392;3202722,0.331414,18,1392;3205780,0.644482,4,1392;3225831,0.331007,17,1826;3254999,0.352708,18,1826;3283334,0.193487,1,1392;3283568,0.441682,2,1392;3299420,0.382542,8,1392;3302660,0.267102,18,1826;3346931,0.172909,8,1392;3362542,0.153912,1,1392;3394396,0.389296,13,1826;3411427,0.336419,7,1826;3476147,0.536906,17,1392;3493883,0.226937,3,1392;3525026,0.430812,17,1392;3530112,0.405167,1,1392;3557958,0.336315,1,1392;3585075,0.393208,17,1826;3601972,0.378932,3,1826;3604144,0.521951,1,1826;3609002,0.218655,1,1392;3618223,0.440819,15,1392;3680532,0.557302,8,1392;3685722,0.637824,4,1392;3699501,0.486602,8,1392;3748894,0.238705,1,1392;3757782,0.607615,16,1392
22581624	1966927,0.610786,8,218;1989413,0.427489,15,218;2164215,0.594079,8,218;2421949,0.487827,4,218;2474150,0.234431,1,218;2684777,0.280257,20,218;2885739,0.406085,20,218;2900091,0.333649,1,218;2912761,0.280017,18,218;2942147,0.254022,20,218;2984394,0.323268,20,218;3042089,0.3557,1,218;3185918,0.433953,8,218;3255399,0.235482,13,218;3337911,0.364709,20,218;3407381,0.506281,7,218;3437268,0.400716,20,218;3679808,0.669427,14,218;3705432,0.317077,18,218;3738874,0.558613,8,218;540386,0.305615,1,218;624943,0.318539,20,218;647691,0.314844,15,218;667023,0.591887,0,218;343682,0.457259,13,218;389558,0.239791,20,218;490159,0.447022,1,218;493613,0.214029,16,218;497014,0.217311,11,218;507867,0.365985,13,218;333623,0.415197,4,218;713538,0.324274,17,218;1548296,0.205201,14,218;1584192,0.604706,18,218;1627870,0.60078,17,218;1643118,0.479232,20,218;1199801,0.318237,4,218;1517124,0.619296,1,218;940666,0.482925,4,218;1301127,0.254345,20,218;1303823,0.606266,18,218;101194,0.511795,20,218;137155,0.38567,17,218;6537215,0.509579,1,218;6185064,0.453011,13,218;6224142,0.290954,20,218;6244182,0.576633,8,218;7130544,0.387444,20,218;7135512,0.424236,18,218;5643306,0.296451,20,218;7201504,0.554985,1,218;7277426,0.628069,8,218;5854702,0.260976,20,218;6905028,0.122577,20,218;6963131,0.504993,13,218;6987388,0.378523,4,218;6384671,0.3695,14,218;6416874,0.542428,8,218;6442197,0.382009,13,218;6777211,0.304376,13,218;6842169,0.422503,20,218;6053356,0.420934,16,218;6129815,0.503779,17,218;6144118,0.369302,17,218;5259268,0.682315,18,218;5290690,0.20858,17,218;4674466,0.369428,17,218;4785038,0.133665,1,218;5114442,0.320485,13,218;4081057,0.124721,1,218;4222356,0.638175,18,218;4266964,0.304527,13,218;4338770,0.206021,16,218
22890747	1893290,0.233824,1,3123;1938330,0.308148,1,3123;2010851,0.611498,16,3123;2075521,0.444299,17,3123;2098392,0.408479,1,3123;2133355,0.251328,11,3123;2136072,0.340946,4,3123;2141278,0.462108,11,3123;2170142,0.48038,17,3123;2176076,0.35152,7,3123;2193263,0.321841,1,3123;2253122,0.460947,4,3123;2278014,0.34972,2,3123;2293623,0.088652,1,3123;2325428,0.323537,3,3123;2387992,0.354843,1,3123;2398033,0.079492,1,3123;2445753,0.110989,1,3123;2469933,0.224473,1,3123;2533979,0.525858,1,3123;2543460,0.41271,17,3123;2556205,0.147489,13,3123;2573901,0.297997,16,3123;2581179,0.381412,17,3123;2600928,0.242984,3,3123;2636723,0.778317,8,3123;2647397,0.287868,17,3123;2688352,0.314485,13,3123;2692917,0.293157,11,3123;2722023,0.494766,16,3123;2726985,0.233587,14,3123;2761691,0.306783,9,3123;2783225,0.42608,1,3123;2808634,0.686025,8,3123;2838846,0.37049,17,3123;2843824,0.255646,3,3123;2874492,0.55236,2,3123;2911258,0.392621,2,3123;2963918,0.137577,1,3123;2980218,0.308702,3,3123;2987319,0.495686,13,3123;2987970,0.260565,3,3123;2993893,0.435491,16,3123;3017777,0.489093,3,3123;3027446,0.241316,17,3123;3051581,0.211189,3,3123;3065604,0.254166,1,3123;3066258,0.306426,17,3123;3119856,0.307526,3,3123;3142759,0.333022,1,3123;3182176,0.250856,16,3123;3246000,0.339885,16,3123;3263789,0.339723,14,3123;3267632,0.605549,16,3123;3277774,0.316408,17,3123;3326913,0.250842,17,3123;3387538,0.489281,17,3123;3399222,0.185562,17,3123;3432714,0.225744,1,3123;3433923,0.473363,1,3123;3473599,0.491523,17,3123;3489748,0.255734,13,3123;3495967,0.337851,11,3123;3498531,0.278036,3,3123;3503140,0.220571,1,3123;3521627,0.412876,2,3123;3534140,0.479273,3,3123;3581940,0.274488,17,3123;3600066,0.165412,1,3123;3603017,0.285435,4,3123;3662512,0.819779,1,3123;3688394,0.396664,1,3123;3698726,0.528021,15,3123;3701741,0.275876,17,3123;3703733,0.363572,7,3123;3745640,0.439501,1,3123;3756193,0.19704,17,3123;1042647,0.274067,17,3123;1065980,0.492447,1,3123;1068479,0.179922,17,3123;1085264,0.442924,7,3123;1105168,0.403794,9,3123;1178218,0.395767,17,3123;1189096,0.401622,4,3123;911434,0.205226,9,3123;946508,0.389742,17,3123;962416,0.384299,17,3123;971976,0.285342,17,3123;203013,0.414098,3,3123;210595,0.346261,17,3123;262834,0.085417,16,3123;265456,0.196807,1,3123;265736,0.339895,1,3123;267492,0.188126,1,3123;306054,0.22289,3,3123;1716403,0.481131,1,3123;1721349,0.292025,3,3123;1773626,0.238047,3,3123;1786296,0.198886,17,3123;1795507,0.295689,7,3123;1821491,0.278952,17,3123;1841909,0.388716,3,3123;1860147,0.377636,9,3123;735627,0.470428,16,3123;740491,0.352398,17,3123;742199,0.286016,11,3123;748722,0.349633,3,3123;751886,0.308012,1,3123;7088,0.250949,1,3123;8080,0.291618,16,3123;13276,0.318559,1,3123;21961,0.092266,7,3123;52573,0.223278,3,3123;92860,0.588257,1,3123;116860,0.282917,11,3123;128506,0.224454,1,3123;157260,0.294679,1,3123;160467,0.335725,9,3123;1550956,0.091112,17,3123;1556238,0.394483,17,3123;1644020,0.194969,3,3123;1678672,0.186307,9,3123;1688091,0.480462,16,3123;1708152,0.217419,17,3123;361558,0.426846,13,3123;363462,0.42217,17,3123;386286,0.398769,1,3123;404206,0.407973,17,3123;410846,0.393046,16,3123;453779,0.299609,13,3123;466627,0.411474,13,3123;471909,0.27676,3,3123;512427,0.232502,17,3123;556701,0.133198,4,3123;557830,0.170181,13,3123;602975,0.261177,1,3123;660889,0.111319,17,3123;680239,0.355811,16,3123;683515,0.35212,14,3123;1373599,0.346282,4,835;1414120,0.770192,1,3123;1416347,0.308716,16,3123;1431169,0.248749,7,3123;1491750,0.147538,13,3123;1515215,0.498057,1,3123;1364546,0.328613,20,3123;5322315,0.357917,17,3123;5358096,0.502789,3,3123;5438520,0.422158,1,3123;5470879,0.26564,13,3123;5471797,0.12104,17,3123;4119078,0.246008,9,3123;4150280,0.27532,17,3123;4170819,0.441513,17,3123;4226804,0.127905,17,3123;4231897,0.191656,1,3123;4236011,0.143844,17,3123;4238459,0.187824,3,3123;4245039,0.115125,9,3123;4252539,0.338789,18,3123;4264078,0.104668,13,3123;3802239,0.174258,17,3123;3818424,0.305415,7,3123;3828695,0.301702,16,3123;3848956,0.447901,1,3123;3854727,0.331269,9,3123;3860333,0.356275,1,3123;3872711,0.364472,17,3123;3921870,0.181688,13,3123;3928553,0.301401,13,3123;3940327,0.32862,1,3123;5504523,0.347794,17,3123;5526859,0.481073,3,3123;5555109,0.423296,17,3123;5558508,0.477434,4,3123;5579787,0.148786,1,3123;5611244,0.475009,17,3123;5626154,0.307276,7,3123;5632925,0.382828,17,3123;5634882,0.213624,9,3123;4627066,0.224865,3,3123;4637713,0.186422,17,3123;4786199,0.163126,17,3123;3979477,0.280769,17,3123;4002016,0.118474,17,3123;4009971,0.343442,17,3123;4067060,0.384693,16,3123;4094988,0.364199,17,3123;4481765,0.261894,3,3123;4510740,0.318772,4,3123;4619250,0.316432,13,3123;4974433,0.283634,15,3123;5001560,0.279718,1,3123;5011629,0.424114,17,3123;5023640,0.2168,3,3123;5087596,0.170556,3,3123;5105068,0.311653,16,3123;5128493,0.483368,16,3123;5132800,0.500241,1,3123;5185300,0.449723,17,3123;5214633,0.351515,3,3123;5220460,0.600679,16,3123;5271655,0.335153,16,3123;5293293,0.402391,17,3123;4319403,0.370966,17,3123;4373842,0.336235,13,3123;4379303,0.318379,13,3123;4387579,0.512402,16,3123;4406516,0.179761,13,3123;4849641,0.278502,9,3123;4864801,0.18422,1,3123;4866726,0.44935,3,3123;4899779,0.251137,1,3123;4911149,0.210648,1,3123;4918373,0.237493,1,3123;4932048,0.080788,17,3123;4944504,0.197745,17,3123;4962581,0.592456,16,3123;4963813,0.320638,17,3123;6177201,0.657009,16,3123;6184947,0.282242,17,3123;6213714,0.385151,4,3123;6214767,0.321034,3,3123;6243064,0.289047,3,3123;6292158,0.210863,9,3123;6011300,0.433774,13,3123;6037675,0.224874,1,3123;6046498,0.294721,14,3123;6057214,0.490893,17,3123;6072812,0.368033,16,3123;6155825,0.36197,17,3123;6886340,0.281563,14,3123;6923234,0.408209,14,3123;6975342,0.310599,7,3123;6978552,0.676459,1,3123;7012556,0.187127,1,3123;5873527,0.251419,18,3123;5876123,0.352837,17,3123;5882597,0.158076,17,3123;5892537,0.429791,13,3123;5897729,0.209546,17,3123;5949298,0.300576,3,3123;5988543,0.710006,8,3123;7065812,0.480178,1,3123;7072782,0.159582,13,3123;7081348,0.40212,3,3123;7096462,0.210606,1,3123;7153457,0.385186,13,3123;7189821,0.363544,1,3123;7212243,0.124302,17,3123;7279969,0.449953,1,3123;6519259,0.714333,8,3123;6527919,0.503311,18,3123;6535883,0.287357,5,3123;6575153,0.293332,13,3123;6576771,0.804122,8,3123;6615991,0.258357,17,3123;6629371,0.203117,17,3123;6631141,0.14499,17,3123;6631169,0.252072,17,3123;6672754,0.174971,17,3123;6375833,0.417418,17,3123;6405021,0.344621,17,3123;6687915,0.356704,13,3123;6753838,0.240379,17,3123;6766122,0.291412,3,3123;6818353,0.349441,3,3123;5655651,0.384042,17,3123;5693075,0.273338,16,3123;5694613,0.368906,17,3123;5724430,0.465551,3,3123;5752628,0.584067,16,3123;5776611,0.293078,17,3123;5788645,0.475867,2,3123;5792822,0.298449,1,3123;5794072,0.388471,17,3123
23295609	1926083,0.439362,20,297;1935755,0.425222,10,297;1956794,0.348571,1,297;1989260,0.234926,1,297;1992911,0.355216,4,297;1995349,0.432565,17,297;2000297,0.6085,17,297;2003898,0.394642,17,297;2024554,0.501869,2,297;2037094,0.287914,17,297;2053307,0.27784,17,297;2112124,0.230523,20,297;2120453,0.395615,17,297;2142084,0.324883,7,297;2179209,0.449173,17,297;2236205,0.259627,3,297;2246723,0.47797,11,297;2271499,0.271469,8,297;2302980,0.212485,17,297;2311182,0.339139,14,297;2321603,0.216593,3,297;2324705,0.648342,14,297;2345878,0.330495,1,297;2406847,0.264661,7,297;2407640,0.305438,3,297;2547641,0.30794,13,297;2548125,0.262006,17,297;2579078,0.342592,17,297;2590449,0.167715,17,297;2595024,0.213635,14,297;2680679,0.394961,20,297;2684718,0.624579,16,297;2701032,0.397821,13,297;2726050,0.467363,13,297;2757988,0.357123,17,297;2797415,0.319335,20,297;2807600,0.338453,13,297;2813940,0.716232,8,297;2907133,0.308115,17,297;2926044,0.664654,4,297;2936221,0.266365,17,297;2953880,0.436429,7,297;2957248,0.184875,17,297;3017157,0.312354,7,297;3136651,0.212833,9,297;3184272,0.253764,4,297;3214572,0.258824,13,297;3247918,0.361591,20,297;3291665,0.265719,13,297;3308480,0.362343,1,297;3329060,0.169211,13,297;3367597,0.483817,17,297;3400243,0.400023,17,297;3413493,0.294639,17,297;3414044,0.426082,17,297;3416280,0.420319,1,297;3442576,0.390259,16,297;3503279,0.136027,11,297;3505304,0.258644,17,297;3582643,0.330168,3,297;3598254,0.241973,17,297;3630830,0.440787,1,297;3704175,0.261003,3,297;3711017,0.158106,13,297;3768246,0.451955,16,297;587180,0.310423,13,297;604586,0.328375,8,297;627044,0.416253,17,297;637703,0.205638,17,297;660105,0.644808,8,297;680164,0.40433,3,297;681599,0.151033,11,297;364072,0.222444,14,297;399382,0.259036,13,297;464426,0.296655,11,297;1573837,0.323836,1,297;1614226,0.189681,1,297;1692308,0.238355,17,297;1696594,0.140556,3,297;1766748,0.378419,17,297;1771579,0.237392,1,297;1831158,0.260206,20,297;1250075,0.450294,3,297;1256302,0.275209,17,297;1293090,0.38939,17,297;1327470,0.405344,17,297;1340907,0.264046,1,297;1370932,0.297965,17,297;724786,0.317815,13,297;733114,0.093826,13,297;774958,0.198486,13,297;780651,0.3785,13,297;784792,0.322317,9,297;787596,0.311789,17,297;800834,0.411563,17,297;801190,0.248789,11,297;806064,0.216644,20,297;198957,0.372728,16,297;228632,0.40729,17,297;250447,0.458583,17,297;304031,0.259288,9,297;311277,0.34933,20,297;313797,0.224946,1,297;340596,0.436846,13,297;1075971,0.516178,3,297;1086387,0.154843,11,297;1117376,0.330141,13,297;1144228,0.127142,17,297;1151443,0.070544,9,297;1166497,0.367819,1,297;1173106,0.33252,17,297;1180947,0.248019,17,297;73078,0.181663,3,297;73755,0.167668,17,297;107758,0.210174,11,297;134065,0.146216,13,297;152646,0.272893,16,297;1377252,0.512091,4,297;1390502,0.326852,7,297;1400566,0.302226,17,297;1431841,0.316432,13,297;1503527,0.427964,20,297;1538444,0.275041,17,297;865148,0.297748,17,297;881012,0.455699,10,297;894148,0.415641,17,297;897508,0.139049,13,297;904333,0.395008,13,297;947453,0.322932,3,297;5679910,0.50382,8,297;5687279,0.339261,13,297;5737469,0.366466,17,297;5776001,0.290409,1,297;5785985,0.373585,13,297;5803814,0.332579,13,297;5811247,0.146131,13,297;5812482,0.414519,1,297;6700647,0.548453,8,297;6720363,0.272856,17,297;6737783,0.178206,17,297;6738337,0.356686,4,297;6740083,0.249843,17,297;6741256,0.236964,17,297;6745112,0.363149,16,297;6773655,0.351691,13,297;6787179,0.438171,8,297;6795361,0.484159,13,297;6814600,0.225932,1,297;6829626,0.445299,10,297;7219367,0.641255,4,297;6527144,0.363272,8,297;6540745,0.329113,1,297;6606103,0.46451,13,297;6623123,0.337431,20,297;6629731,0.411308,18,297;6639181,0.517702,17,297;6237008,0.232674,3,297;6247362,0.733722,1,297;6251345,0.244025,17,297;6272512,0.47534,8,297;6288965,0.57637,8,297;5558991,0.688239,4,297;5585827,0.291853,17,297;5610350,0.250374,17,297;5627332,0.267918,17,297;5649348,0.122782,17,297;6428635,0.356339,13,297;6452416,0.314484,14,297;6502372,0.28915,17,297;6865306,0.253341,11,297;6889922,0.37089,7,297;6942104,0.474158,0,297;6996935,0.735718,8,297;5849447,0.427257,1,297;5914240,0.308953,4,297;5915977,0.498636,1,297;5930087,0.398878,17,297;5994110,0.258126,17,297;7043107,0.667652,8,297;7044773,0.630687,8,297;7112488,0.0265,17,297;7124150,0.188615,20,297;6019089,0.219192,15,297;6046780,0.237071,17,297;6047206,0.371271,10,297;6061799,0.419843,4,297;6113017,0.338666,17,297;6146391,0.316199,11,297;4418250,0.444067,3,297;4819426,0.275306,13,297;4833219,0.283708,17,297;4888300,0.222321,16,297;4895831,0.28139,17,297;4951095,0.303241,14,297;4955807,0.233254,17,297;5154432,0.137918,17,297;5164106,0.66345,8,297;5203663,0.319723,17,297;5242749,0.156952,17,297;5245403,0.417751,20,297;5311253,0.163231,17,297;5322225,0.360818,17,297;5355049,0.431769,17,297;5381066,0.218374,5,297;5424268,0.613941,8,297;4485188,0.420125,17,297;4499791,0.298318,17,297;4555389,0.424965,1,297;4565935,0.158757,9,297;4567849,0.282739,3,297;4603509,0.477101,8,297;4988023,0.844952,4,297;4990493,0.308344,17,297;5016047,0.210909,13,297;5058113,0.454276,13,297;5085652,0.253232,17,297;5096339,0.203236,17,297;5102918,0.405416,14,297;5136650,0.556804,16,297;4633467,0.313005,4,297;4646336,0.263422,3,297;4663455,0.254644,4,297;4696980,0.307888,3,297;4706029,0.12488,17,297;4787856,0.257992,3,297;3940363,0.431775,4,297;3973230,0.150914,17,297;3985605,0.258878,17,297;4000615,0.404886,17,297;4010493,0.362478,20,297;4023432,0.552274,8,297;4033691,0.212289,11,297;4039020,0.305194,13,297;3809075,0.212834,3,297;3809998,0.554274,2,297;3815953,0.265457,7,297;3832483,0.237893,17,297;3864697,0.359665,17,297;4112649,0.634627,16,297;4176239,0.364743,17,297;4190220,0.243846,8,297;4222317,0.357782,17,297;4227880,0.33352,3,297;4234163,0.474283,14,297;4240804,0.373926,1,297
23404698	1752846,0.31012,3,174;1769811,0.276561,17,174;1774342,0.33299,11,174;1781764,0.619752,10,174;1834509,0.654762,16,174;695584,0.383846,2,174;699134,0.800644,8,174;699919,0.401579,17,174;715391,0.403306,10,174;718307,0.18412,13,174;718337,0.484443,13,174;719005,0.490334,1,174;734912,0.285891,17,174;736930,0.304301,14,174;766845,0.429359,17,174;773438,0.393374,0,174;783508,0.363791,17,174;800896,0.254347,17,174;812239,0.464328,16,174;853338,0.245352,17,174;857438,0.456486,1,174;354429,0.398895,17,174;362559,0.8125,4,174;404221,0.301256,13,174;408445,0.341931,17,174;443853,0.361271,4,174;445770,0.433178,3,174;476290,0.463151,17,174;480954,0.240178,20,174;503786,0.311675,17,174;517142,0.348665,17,174;531513,0.306394,1,174;533212,0.406217,1,174;543546,0.478643,17,174;544804,0.436336,17,174;558107,0.447455,17,174;559883,0.269727,5,174;580593,0.287099,17,174;588389,0.409415,10,174;619823,0.37097,1,174;639136,0.328274,17,174;656861,0.392458,9,174;664270,0.478766,3,174;671254,0.499495,2,174;201039,0.850249,15,174;208734,0.421364,1,174;220495,0.444847,17,174;223252,0.415706,19,174;229602,0.332697,7,174;233923,0.474665,17,174;243104,0.456155,17,174;243875,0.513177,10,174;262450,0.51325,17,174;290081,0.367304,1,174;317923,0.431081,2,174;329767,0.327641,1,174;332711,0.4444,17,174;334963,0.371537,17,174;335005,0.318496,17,174;864176,0.392074,17,174;865055,0.623288,17,174;959440,0.27074,17,174;975288,0.539556,4,174;997894,0.409938,3,174;1026749,0.537635,1,174;1437162,0.416718,7,174;1446903,0.499474,17,174;1488688,0.460927,17,174;1488969,0.383267,1,174;1491069,0.813634,10,174;1494926,0.181846,13,174;1496943,0.311035,13,174;1505296,0.495626,18,174;1510826,0.231803,3,174;1210284,0.650501,8,174;1211959,0.158857,17,174;1228601,0.536763,17,174;1249735,0.515732,7,174;1254542,0.452006,13,174;1270137,0.165795,13,174;1290349,0.476908,16,174;1295232,0.301806,9,174;1295778,0.338521,1,174;1299436,0.437519,11,174;1322660,0.369157,14,174;1332902,0.187384,16,174;1359038,0.547517,3,174;1372040,0.431644,17,174;1674344,0.511822,2,174;1710152,0.703934,1,174;48025,0.394679,4,174;49374,0.429914,3,174;58547,0.352035,17,174;73442,0.354019,16,174;80263,0.483642,17,174;148438,0.427067,18,174;159004,0.458576,11,174;164949,0.385383,17,174;1046313,0.387225,10,174;1070665,0.756317,8,174;1074253,0.358401,1,174;1077060,0.63763,16,174;1081119,0.384943,11,174;1089889,0.221936,17,174;1091939,0.152468,7,174;1094829,0.296578,1,174;1161575,0.630075,8,174;1161673,0.430454,4,174;1162714,0.40038,17,174;1166058,0.35156,1,174;1172981,0.270479,1,174;1173435,0.455528,2,174;1183550,0.461167,1,174;1893202,0.275854,3,174;1930003,0.528422,17,174;1935185,0.319288,13,174;2018273,0.523834,8,174;2047658,0.249855,1,174;2091708,0.491301,1,174;2095372,0.240131,8,174;2100270,0.441448,10,174;2115325,0.327628,7,174;2127722,0.325286,20,174;2132800,0.301229,1,174;2134422,0.48198,1,174;2160448,0.655507,2,174;2161410,0.226563,1,174;2169292,0.49214,11,174;2175220,0.634588,1,174;2180410,0.412542,11,174;2195483,0.442862,17,174;2200220,0.264757,1,174;2215462,0.362443,10,174;2217625,0.379837,17,174;2240184,0.309045,3,174;2243830,0.193801,17,174;2316665,0.166055,13,174;2326919,0.11032,17,174;2351959,0.472308,3,174;2402647,0.262644,3,174;2410276,0.50088,17,174;2412003,0.327013,17,174;2416402,0.478045,11,174;2423408,0.200853,3,174;2429416,0.435663,17,174;2437143,0.474664,17,174;2438745,0.270932,17,174;2438871,0.546196,6,174;2466049,0.357795,10,174;2492663,0.274781,17,174;2523055,0.19741,4,174;2529049,0.602043,10,174;2529968,0.448656,17,174;2532670,0.21608,13,174;2534584,0.113984,1,174;2580644,0.493082,7,174;2654635,0.366026,13,174;2660716,0.251826,1,174;2694596,0.235962,1,174;2694827,0.231069,1,174;2700385,0.324985,14,174;2727359,0.391142,16,174;2739297,0.25599,11,174;2778526,0.519586,7,174;2779131,0.309667,14,174;2805314,0.278584,1,174;2852973,0.486919,13,174;2907103,0.298374,17,174;2913862,0.326701,18,174;2914647,0.379892,10,174;2918422,0.470463,3,174;2925712,0.48009,2,174;2942597,0.366486,20,174;2970727,0.415533,1,174;2996030,0.40692,10,174;3010210,0.479541,17,174;3015797,0.305085,11,174;3034057,0.4047,17,174;3036332,0.088169,13,174;3040922,0.435,17,174;3046071,0.332824,17,174;3055725,0.576485,2,174;3066478,0.388066,9,174;3099563,0.473689,17,174;3124006,0.470058,13,174;3129553,0.35101,11,174;3149871,0.284388,10,174;3160881,0.59631,16,174;3167246,0.604956,16,174;3181272,0.127089,17,174;3207820,0.419823,15,174;3210367,0.465143,7,174;3224365,0.420627,1,174;3227256,0.541153,1,174;3252115,0.27524,14,174;3268578,0.592452,3,174;3270562,0.25117,5,174;3304874,0.313271,11,174;3309875,0.272861,9,174;3322590,0.286251,13,174;3339742,0.24944,11,174;3394336,0.510149,13,174;3396286,0.316962,4,174;3398791,0.527861,10,174;3409809,0.401567,13,174;3419574,0.461011,3,174;3434697,0.411186,10,174;3442689,0.248392,1,174;3450286,0.437141,17,174;3467113,0.171781,13,174;3469621,0.323235,9,174;3471231,0.256866,17,174;3472753,0.312461,1,174;3489105,0.362847,17,174;3493757,0.520777,10,174;3506012,0.551433,3,174;3514403,0.499285,17,174;3519617,0.344366,3,174;3525135,0.342064,17,174;3536774,0.591571,17,174;3550694,0.351492,1,174;3557128,0.335892,13,174;3577744,0.465529,17,174;3590565,0.512723,1,174;3611679,0.267348,17,174;3617965,0.462353,1,174;3637285,0.455523,17,174;3677115,0.470468,10,174;3694912,0.396005,1,174;3708526,0.481852,17,174;3730989,0.684072,8,174;3731539,0.186997,17,174;3738378,0.128264,1,174;3758385,0.407251,17,174;3762228,0.223223,17,174;7208952,0.542864,1,174;7209740,0.301172,16,174;7211524,0.2821,17,174;7215029,0.501581,13,174;7228259,0.283738,14,174;7282346,0.313345,11,174;7290386,0.27379,11,174;7027190,0.488699,2,174;7053525,0.27314,9,174;7053566,0.362744,17,174;7088845,0.443002,17,174;7097021,0.445506,10,174;7136948,0.631204,11,174;7144252,0.443021,17,174;7169213,0.383278,1,174;7183365,0.436512,16,174;7191976,0.799555,8,174;6688292,0.231219,14,174;6690972,0.43949,17,174;6702223,0.563353,14,174;6714678,0.337993,1,174;6739065,0.399931,17,174;6775451,0.427631,17,174;6809492,0.392626,17,174;6811544,0.692395,8,174;6818172,0.296119,1,174;6850351,0.356604,17,174;5662837,0.191109,17,174;5667511,0.178504,17,174;5680221,0.320459,17,174;5700540,0.262728,1,174;5707957,0.410364,19,174;5713771,0.435384,14,174;5735950,0.362878,17,174;5745128,0.195802,17,174;5762020,0.27782,1,174;5769996,0.287526,17,174;5782217,0.498275,1,174;5804513,0.337214,17,174;5822493,0.516683,1,174;5822713,0.56543,2,174;6343376,0.33713,4,174;6361579,0.413764,17,174;6390650,0.374347,9,174;6400517,0.477742,17,174;6436219,0.409678,2,174;6443201,0.441802,14,174;6447692,0.514055,8,174;6467335,0.611709,16,174;6470897,0.37622,17,174;6482765,0.358834,3,174;6019541,0.248909,17,174;6047569,0.297863,18,174;6057941,0.132948,14,174;6065739,0.360344,10,174;6069971,0.377717,15,174;6096594,0.391702,17,174;6105090,0.437075,3,174;6117869,0.366242,1,174;6121827,0.370781,1,174;6128362,0.391547,12,174;6128670,0.495762,17,174;6130946,0.247483,17,174;6145014,0.176411,13,174;6153016,0.406435,17,174;6159422,0.362804,17,174;6166457,0.366819,1,174;6197819,0.437976,1,174;6198333,0.269882,12,174;6204956,0.344939,10,174;6237299,0.202254,1,174;6243771,0.291695,7,174;6247990,0.370569,3,174;6258041,0.37413,14,174;6259802,0.248788,1,174;6288401,0.157785,16,174;6302936,0.319832,17,174;6317498,0.19343,13,174;6854221,0.399035,14,174;6856618,0.294682,1,174;6876847,0.351288,17,174;6899876,0.664625,2,174;6940897,0.664043,16,174;6977442,0.402661,17,174;6994446,0.35899,17,174;7014509,0.418594,17,174;6511592,0.347449,17,174;6544824,0.370042,13,174;6546068,0.209558,9,174;6559670,0.352682,3,174;6562845,0.328482,5,174;6573521,0.350437,16,174;6581720,0.377316,13,174;6586089,0.418237,17,174;6608440,0.790343,1,174;6646694,0.304576,3,174;6678708,0.289671,17,174;5827012,0.413496,17,174;5837259,0.452141,3,174;5889263,0.154526,3,174;5902342,0.356401,14,174;5935368,0.36725,3,174;5940313,0.364509,10,174;5940431,0.392408,18,174;5952465,0.52121,17,174;5958845,0.379826,7,174;5962690,0.258944,1,174;5966351,0.540882,1,174;5523341,0.199041,1,174;5556405,0.362551,4,174;5557996,0.420357,2,174;5561368,0.437422,13,174;5569581,0.379493,1,174;5570132,0.445405,8,174;5579603,0.337589,17,174;5581828,0.250889,1,174;5593981,0.441956,17,174;5612492,0.335399,3,174;5613402,0.517804,10,174;4497584,0.448788,17,174;4506912,0.666283,16,174;4533216,0.504,7,174;4561939,0.08971,13,174;4589829,0.284367,17,174;4597092,0.102761,16,174;4619212,0.282073,1,174;4622461,0.442102,17,174;4624032,0.359242,17,174;4986814,0.462942,3,174;4987221,0.111592,17,174;4996220,0.195459,4,174;5043797,0.25868,17,174;5069816,0.430973,17,174;5096837,0.40906,3,174;5096970,0.376688,14,174;5131875,0.382689,14,174;5133819,0.620269,16,174;5312897,0.261505,17,174;5366938,0.358997,17,174;5394735,0.279424,1,174;5402110,0.44318,1,174;5405832,0.319136,14,174;5407748,0.44455,3,174;5413949,0.319033,14,174;5414911,0.2246,1,174;5420698,0.594769,3,174;5426635,0.17933,3,174;5446696,0.4798,3,174;5461776,0.356443,4,174;5470704,0.069085,9,174;5480260,0.212291,17,174;5481015,0.363678,17,174;3782760,0.362248,17,174;3792684,0.489053,13,174;3806274,0.38601,17,174;3826844,0.269039,10,174;3855481,0.653868,16,174;3876233,0.309815,17,174;3886185,0.188692,17,174;3929694,0.447797,17,174;3939745,0.331903,3,174;3943191,0.1695,1,174;3947449,0.196193,9,174;3976050,0.154874,11,174;3979062,0.353792,17,174;4016838,0.170937,13,174;4019411,0.342129,10,174;4041877,0.342687,12,174;4044021,0.437497,13,174;4048723,0.441461,17,174;4052252,0.349728,17,174;4069354,0.526296,11,174;4078920,0.478321,1,174;4082194,0.291678,17,174;4099868,0.264948,9,174;4318852,0.575062,15,174;4330864,0.338082,16,174;4347123,0.380586,17,174;4360271,0.162682,13,174;4360767,0.427061,17,174;4382412,0.372576,11,174;4411056,0.276968,17,174;4435002,0.409213,3,174;4446804,0.285775,20,174;4151878,0.409895,14,174;4162207,0.356981,17,174;4195533,0.357105,2,174;4198839,0.39023,17,174;4206253,0.278822,1,174;4210965,0.391624,3,174;4223886,0.599653,16,174;4234246,0.263777,11,174;4266261,0.496646,17,174;4269040,0.289727,1,174;4276140,0.435182,17,174;4644683,0.544299,4,174;4669675,0.233311,13,174;4676076,0.35267,17,174;4714016,0.481589,17,174;4717242,0.791458,8,174;4762697,0.211578,1,174;4771712,0.378858,10,174;4774447,0.130581,17,174;4782561,0.603992,11,174;4789047,0.309418,9,174;5145840,0.373161,13,174;5146818,0.12801,1,174;5156942,0.550439,12,174;5175838,0.505939,3,174;5197051,0.660016,17,174;5203587,0.217021,1,174;5224948,0.327601,1,174;5236954,0.428545,11,174;5248736,0.354964,2,174;5261419,0.45462,13,174;5268569,0.38084,17,174;5285593,0.319652,14,174;5288486,0.706226,8,174;4811060,0.449499,17,174;4818589,0.183998,1,174;4829332,0.326033,18,174;4834713,0.805156,16,174;4849380,0.320291,6,174;4852948,0.413933,17,174;4876162,0.420908,10,174;4876475,0.542969,2,174;4877994,0.43638,17,174;4892846,0.406854,13,174;4905115,0.355804,17,174;4927732,0.368295,3,174;4929209,0.125599,11,174;4931895,0.447986,17,174;4950386,0.372548,16,174
23609526	3790626,0.3341,10,1915;3799713,0.370202,20,1915;3862734,0.241468,14,1915;3894728,0.548679,3,1915;3933886,0.292549,17,1915;4185026,0.282146,16,1915;4207250,0.191933,17,1915;4269584,0.385466,18,1915;4277865,0.302936,13,1915;4833396,0.214783,17,1915;4954398,0.387965,20,1915;4974070,0.37677,13,1915;5012258,0.365518,18,1915;4040894,0.48759,4,1915;5345841,0.284247,4,1915;5361060,0.707422,8,1915;5380239,0.263412,0,1915;5382922,0.260938,4,1915;5480057,0.418973,14,1915;4405411,0.362676,4,1915;4467085,0.467082,2,1915;4490239,0.623841,20,1915;4516217,0.171881,7,1915;4726668,0.303956,17,1915;4759170,0.55819,15,1915;5191463,0.465989,14,1915;6179706,0.333549,16,1915;6302232,0.272713,1,1915;6335199,0.309356,9,1915;6338535,0.312008,13,1915;6465973,0.445882,14,1915;6478899,0.354123,2,1915;6856149,0.37179,4,1915;6966571,0.246257,17,1915;6996463,0.313444,16,1915;6619585,0.283708,13,1915;6661750,0.388065,13,1915;6674067,0.280201,17,1915;6069773,0.285069,17,1915;6123453,0.362774,3,1915;6160455,0.333101,10,1915;7199076,0.105878,11,1915;5965739,0.308131,4,1915;5588116,0.279955,17,1915;1899149,0.268717,7,1915;1934058,0.519467,8,1915;1965040,0.368877,13,1915;2029895,0.350353,1,1915;2040511,0.130071,17,1915;2058673,0.542775,20,1915;2096626,0.62574,14,1915;2273907,0.217022,17,1915;2431126,0.371934,18,1915;2636431,0.582388,20,1915;2647223,0.683729,10,1915;2680348,0.193652,17,1915;2772223,0.201473,16,1915;2806270,0.296745,1,1915;3009607,0.227906,17,1915;3200369,0.389584,17,1915;3204954,0.537162,18,1915;3239212,0.348345,2,1915;3354257,0.314306,8,1915;3455939,0.273245,17,1915;3476627,0.314113,16,1915;3527825,0.329603,18,1915;3543510,0.373668,20,1915;3566200,0.401521,18,1915;3588890,0.130932,3,1915;3652877,0.324131,8,1915;3715990,0.504692,4,1915;3721601,0.424767,0,1915;3746845,0.321767,17,1915;1546779,0.197751,17,1915;1567408,0.334562,16,1915;1615894,0.098841,17,1915;1711759,0.167706,17,1915;9759,0.167477,13,1915;55633,0.191579,1,1915;103049,0.308616,16,1915;541802,0.40562,20,1915;562282,0.534515,18,1915;621525,0.808977,4,1915;661563,0.381022,17,1915;681394,0.456961,17,1915;1200975,0.395625,17,1915;1226488,0.497787,2,1915;1284805,0.434456,20,1915;1370760,0.379328,13,1915;705627,0.241128,3,1915;779150,0.393847,1,1915;849216,0.390657,17,1915;389783,0.518021,4,1915;426954,0.376835,15,1915;1131005,0.271163,13,1915;1177991,0.55051,13,1915;1387124,0.304605,1,1915;1485323,0.405129,16,1915;970225,0.387697,10,1915;988671,0.376962,3,1915;1777501,0.186173,1,1915;1784780,0.395907,2,1915;1827250,0.497682,2,1915
24431939	113410,0.290882,1,713;370474,0.271869,15,713;1660973,0.376716,8,713;1907280,0.5834,8,713;4370612,0.594403,8,713
24917629	6725532,0.30782,17,1554;6750103,0.184884,17,1554;6752626,0.424492,17,1554;6757918,0.396217,16,1554;6759517,0.130926,1,1554;6762452,0.372774,13,1554;6773326,0.293856,1,1554;6822685,0.226843,11,1554;6822748,0.236505,17,1554;6824542,0.3541,17,1554;6847800,0.334228,16,1554;6848232,0.390008,17,1554;5667146,0.084845,16,1554;5678081,0.365777,6,1554;5679262,0.471419,1,1554;5687935,0.346648,17,1554;5706355,0.381779,17,1554;5714579,0.347187,1,1554;5714968,0.056655,17,1554;5731300,0.267599,1,1554;5731319,0.337937,17,1554;5737365,0.295814,17,1554;5741957,0.361024,17,1554;5744896,0.487676,17,1554;5750865,0.186559,17,1554;5753552,0.352216,1,1554;5758384,0.230566,13,1554;5766683,0.315888,3,1554;5768102,0.307458,4,1554;5776974,0.239803,3,1554;5796519,0.397052,17,1554;6195157,0.389212,13,1554;6204822,0.381964,16,1554;6207636,0.20484,17,1554;6220060,0.238056,9,1554;6226067,0.588423,8,1554;6231074,0.059217,4,1554;6251145,0.089085,13,1554;6252171,0.36132,17,1554;6270060,0.603133,8,1554;6286202,0.597569,13,1554;6320439,0.29953,3,1554;6003432,0.194415,13,1554;6008597,0.495586,8,1554;6024547,0.249764,16,1554;6027188,0.320118,3,1554;6027545,0.331805,17,1554;6029275,0.45146,16,1554;6035365,0.387722,17,1554;6048173,0.364656,10,1554;6055517,0.465776,3,1554;6080305,0.471294,16,1554;6094319,0.224539,9,1554;6098001,0.284347,11,1554;6113641,0.29242,1,1554;6140949,0.412222,17,1554;6510678,0.247908,17,1554;6513993,0.345917,13,1554;6513994,0.34007,14,1554;6515021,0.761633,1,1554;6538162,0.279541,17,1554;6546342,0.467774,13,1554;6569252,0.281349,3,1554;6608631,0.272683,17,1554;6647006,0.217015,13,1554;6662273,0.259681,17,1554;7229721,0.387961,14,1554;7230738,0.297663,1,1554;7246604,0.288018,3,1554;7260877,0.118646,1,1554;7282741,0.194397,3,1554;6863992,0.323097,17,1554;6865831,0.215918,13,1554;6873699,0.190613,13,1554;6882545,0.125264,16,1554;6901157,0.424341,16,1554;6912014,0.504069,8,1554;6913058,0.254821,1,1554;6942166,0.370434,17,1554;6956038,0.212575,3,1554;6985100,0.386006,9,1554;6992876,0.281774,16,1554;7003452,0.306685,17,1554;7007293,0.373821,16,1554;7020905,0.345447,17,1554;5829051,0.148785,9,1554;5841349,0.326176,1,1554;5843066,0.338406,17,1554;5858443,0.321895,3,1554;5862277,0.397676,1,1554;5891135,0.267277,3,1554;5909694,0.153688,1,1554;5925490,0.15651,3,1554;5942040,0.555954,15,1554;6339816,0.384569,16,1554;6382707,0.28247,8,1554;6412485,0.341268,16,1554;6419433,0.42261,13,1554;6421934,0.374077,16,1554;6423765,0.282505,1,1554;6462067,0.276763,0,1554;6463383,0.021311,17,1554;6474461,0.41192,15,1554;7101588,0.25626,16,1554;7139912,0.323154,13,1554;7143517,0.367315,16,1554;7178045,0.821268,14,1554;7188775,0.100834,17,1554;5320892,0.423601,16,1554;5325879,0.272405,1,1554;5337148,0.222313,1,1554;5351263,0.420698,17,1554;5364774,0.461955,14,1554;5376980,0.304169,17,1554;5410515,0.204378,16,1554;5421592,0.302436,1,1554;5428110,0.254919,16,1554;5436385,0.167969,17,1554;5461642,0.60386,8,1554;5464636,0.176219,3,1554;5475139,0.435115,17,1554;5478715,0.321221,3,1554;4810750,0.464251,17,1554;4811010,0.329076,17,1554;4835102,0.329275,17,1554;4851181,0.365881,13,1554;4869991,0.391577,17,1554;4871001,0.377554,17,1554;4873197,0.197658,1,1554;4909166,0.252037,16,1554;4915638,0.000028,13,1554;4920337,0.385956,8,1554;4924034,0.383518,17,1554;4926880,0.348351,17,1554;4931633,0.311468,1,1554;4938548,0.354383,17,1554;4945942,0.339855,16,1554;4949165,0.515411,16,1554;4639897,0.354251,17,1554;4654583,0.253379,13,1554;4674307,0.271854,13,1554;4683218,0.362999,9,1554;4690922,0.216088,7,1554;4710167,0.258479,17,1554;4721305,0.07315,1,1554;4748618,0.686881,1,1554;4750659,0.280765,11,1554;4752856,0.259499,17,1554;4756004,0.245294,17,1554;4759250,0.360628,11,1554;4482081,0.334347,17,1554;4493336,0.201104,17,1554;4498910,0.380984,20,1554;4520215,0.181138,17,1554;4527863,0.268072,16,1554;4598704,0.288727,17,1554;5522229,0.279531,17,1554;5522274,0.355168,17,1554;5525714,0.181297,3,1554;5544655,0.129561,17,1554;5546422,0.154781,16,1554;5561909,0.355752,1,1554;5563899,0.329731,17,1554;5588430,0.262993,17,1554;5609701,0.269874,3,1554;5619049,0.473009,13,1554;5619238,0.385336,16,1554;5620468,0.233561,17,1554;5633292,0.267571,13,1554;3778064,0.39824,3,1554;3798685,0.270765,1,1554;3801475,0.223523,13,1554;3827400,0.261024,16,1554;3839186,0.657429,3,1554;3855421,0.179645,9,1554;3859034,0.354003,17,1554;3901977,0.208808,17,1554;3932107,0.401196,17,1554;3936345,0.328782,17,1554;5141769,0.336274,9,1554;5142510,0.494931,17,1554;5154790,0.825966,4,1554;5157769,0.499932,13,1554;5166738,0.264114,1,1554;5177760,0.565058,16,1554;5207400,0.324216,17,1554;5227625,0.428311,16,1554;5232511,0.350468,1,1554;5235781,0.383437,17,1554;5254786,0.182962,17,1554;5260434,0.442955,16,1554;5270117,0.217582,1,1554;5276624,0.267433,1,1554;3943597,0.35598,17,1554;3946141,0.435176,13,1554;3957547,0.490664,17,1554;3959135,0.241726,17,1554;3961469,0.592997,8,1554;3964877,0.372034,15,1554;3983958,0.325931,17,1554;3986090,0.262779,1,1554;3994830,0.28302,17,1554;4028754,0.33039,15,1554;4033198,0.339418,14,1554;4051242,0.334125,1,1554;4060738,0.314106,11,1554;4080002,0.231521,17,1554;4080707,0.226226,7,1554;4096227,0.228706,4,1554;4149821,0.213593,17,1554;4168375,0.369453,17,1554;4205036,0.156877,17,1554;4272147,0.691119,8,1554;4287653,0.250369,16,1554;4294281,0.431501,3,1554;4340466,0.298795,1,1554;4364964,0.398158,8,1554;4369432,0.411006,3,1554;4388953,0.12471,3,1554;4409733,0.334829,17,1554;4422146,0.22516,1,1554;4423253,0.470261,17,1554;4445106,0.301697,13,1554;4453357,0.222436,17,1554;4991572,0.303735,17,1554;4998382,0.442757,16,1554;5028989,0.415755,16,1554;5030733,0.234114,17,1554;5040452,0.198116,11,1554;5048281,0.263113,13,1554;5083153,0.32496,3,1554;1901400,0.312159,1,1554;1925313,0.310336,3,1554;1943259,0.354527,17,1554;1947073,0.411578,17,1554;1949565,0.351903,17,1554;1949769,0.71973,8,1554;1954361,0.332615,17,1554;1989852,0.40519,13,1554;2019138,0.377778,1,1554;2023135,0.277755,13,1554;2033632,0.308919,4,1554;2060400,0.275201,7,1554;2069757,0.279784,8,1554;2117989,0.06076,9,1554;2168421,0.270911,1,1554;2217439,0.219654,3,1554;2232353,0.184463,17,1554;2247791,0.350885,16,1554;2280627,0.378623,3,1554;2301529,0.211698,1,1554;2396486,0.263832,13,1554;2412401,0.347502,13,1554;2430982,0.309069,17,1554;2436459,0.318081,17,1554;2437318,0.290528,16,1554;2438598,0.480149,17,1554;2460072,0.363338,17,1554;2473941,0.379524,17,1554;2503214,0.252553,13,1554;2503415,0.190566,1,1554;2542741,0.173132,9,1554;2561189,0.374999,16,1554;2575949,0.457614,11,1554;2585076,0.262031,9,1554;2618194,0.234908,17,1554;2619435,0.220053,17,1554;2631020,0.424519,1,1554;2658576,0.272022,1,1554;2687169,0.276544,0,1554;2707079,0.263418,17,1554;2716844,0.359985,17,1554;2729925,0.389479,17,1554;2736780,0.220373,17,1554;2740946,0.408601,17,1554;2751403,0.299106,7,1554;2753490,0.272242,4,1554;2771488,0.202559,1,1554;2791713,0.282353,17,1554;2797570,0.310677,3,1554;2810158,0.283076,17,1554;2831758,0.063576,1,1554;2833263,0.386675,17,1554;2838850,0.184893,1,1554;2844070,0.27768,8,1554;2873455,0.282669,15,1554;2930814,0.357613,18,1554;2935705,0.195366,17,1554;2970770,0.372529,13,1554;2979834,0.411266,3,1554;3029640,0.372614,3,1554;3031158,0.276084,17,1554;3038436,0.591448,8,1554;3047468,0.236013,1,1554;3057979,0.267722,17,1554;3058304,0.361849,17,1554;3071455,0.4912,8,1554;3129716,0.464534,16,1554;3129810,0.335625,17,1554;3162454,0.369364,8,1554;3164232,0.282594,17,1554;3212126,0.240532,18,1554;3231990,0.275614,1,1554;3236458,0.125005,17,1554;3251384,0.418705,5,1554;3334885,0.202886,9,1554;3346681,0.164197,16,1554;3361556,0.394644,13,1554;3397202,0.1007,13,1554;3405827,0.302047,17,1554;3409988,0.401196,14,1554;3436271,0.535882,1,1554;3437004,0.320281,4,1554;3461648,0.156906,17,1554;3496419,0.192468,13,1554;3498718,0.273532,9,1554;3508890,0.119094,17,1554;3522355,0.155482,17,1554;3526443,0.459574,15,1554;3547454,0.053171,17,1554;3559212,0.368361,17,1554;3564834,0.248165,16,1554;3593394,0.602389,8,1554;3611647,0.355876,3,1554;3613222,0.128119,1,1554;3621317,0.353033,3,1554;3640470,0.209927,3,1554;3663083,0.378684,17,1554;3663447,0.402263,17,1554;3666383,0.066801,13,1554;3675931,0.157118,1,1554;3676985,0.17652,17,1554;3686242,0.316258,17,1554;3698554,0.438154,3,1554;3711384,0.235603,14,1554;3713277,0.281056,17,2821;3714706,0.620729,8,1554;3750383,0.391453,17,1554;3759230,0.3632,17,1554;518103,0.222602,15,1554;518570,0.159708,1,1554;541777,0.285657,17,1554;546930,0.279526,16,1554;559676,0.173086,17,1554;573963,0.34853,17,1554;593429,0.443776,17,1554;604528,0.361581,1,1554;605383,0.074694,1,1554;614389,0.260185,13,1554;618133,0.574436,8,1554;618490,0.225502,3,1554;636352,0.723481,8,1554;637731,0.229944,13,1554;641974,0.178909,9,1554;653327,0.243505,17,1554;670352,0.402052,14,1554;697204,0.269091,17,1554;711155,0.283995,7,1554;753775,0.22753,1,1554;761933,0.438816,1,1554;773239,0.124304,17,1554;778891,0.461986,17,1554;780304,0.374673,3,1554;822486,0.419896,17,1554;826555,0.134643,17,1554;1033223,0.229282,1,1554;1037485,0.340196,17,1554;1043388,0.262997,15,1554;1045863,0.709619,4,1554;1047115,0.197824,17,1554;1076823,0.358634,17,1554;1084566,0.132246,17,1554;1092509,0.374638,17,1554;1095523,0.305911,17,1554;1107109,0.217234,1,1554;1109834,0.174563,17,1554;1117221,0.296942,1,1554;1127688,0.468164,17,1554;1147696,0.385248,16,1554;1172358,0.478318,17,1554;1172415,0.396721,17,1554;1173127,0.333242,4,1554;1549195,0.339663,3,1554;1565796,0.41193,17,1554;1576010,0.239185,16,1554;1637322,0.434683,7,1554;1639998,0.406633,15,1554;1644015,0.195056,1,1554;1649137,0.147201,17,1554;1685565,0.169007,1,1554;1707043,0.179189,17,1554;1373565,0.329813,17,1554;1379122,0.197675,9,1554;1380828,0.297379,3,1554;1386552,0.217889,9,1554;1394263,0.459519,15,1554;1403397,0.375136,17,1554;1444941,0.308217,1,1554;1466077,0.438243,1,1554;1469151,0.123294,1,1554;1469536,0.196147,15,1554;1498501,0.393758,16,1554;1529422,0.572702,11,1554;226740,0.367453,17,1554;230350,0.2965,16,1554;241316,0.194242,1,1554;259655,0.432975,17,1554;281136,0.330724,1,1554;301759,0.248263,16,1554;322919,0.30383,3,1554;325473,0.308452,17,1554;336946,0.273283,1,1554;864060,0.226481,9,1554;920668,0.278311,3,1554;932477,0.456927,16,1554;946832,0.245725,3,1554;948875,0.461022,17,1554;960909,0.45488,7,1554;963116,0.387886,8,1554;963406,0.298038,1,1554;966357,0.1775,13,1554;1019656,0.666344,16,1554;1207576,0.162632,17,1554;1228202,0.347832,16,1554;1234777,0.275036,1,1554;1252285,0.395806,17,1554;1258153,0.192124,17,1554;1321529,0.161343,9,1554;1359149,0.274876,13,1554;26688,0.636795,8,1554;35089,0.230153,9,1554;40437,0.31421,17,1554;62611,0.361484,17,1554;63142,0.271844,14,1554;99873,0.30709,3,1554;169283,0.371145,16,1554;1719689,0.287441,3,1554;1736505,0.129522,17,1554;1744553,0.466509,6,1554;1795074,0.245378,17,1554;1796226,0.375508,3,1554;1800057,0.344445,13,1554;1824138,0.316409,17,1554;1858588,0.445083,17,1554;342310,0.319141,16,1554;353697,0.186088,1,1554;357817,0.125839,16,1554;389298,0.443172,3,1554;397297,0.673976,16,1554;429830,0.201145,1,1554;490579,0.240683,17,1554
25456484	76701,0.671584,15,3246;5792793,0.581117,10,3246;4736984,0.282584,3,3246
25586055	5051873,0.245481,11,3111;4268394,0.227656,15,3111;5326482,0.336099,13,3111;5386034,0.513476,17,3111;4588137,0.369894,18,2974;4052627,0.358589,3,3111;4063644,0.053699,13,3111;4331937,0.164996,1,3111;4360009,0.213271,13,2974;6547132,0.770791,8,3111;6574217,0.213893,1,3111;6585405,0.359451,18,3111;6679782,0.71696,8,3111;6297735,0.365033,16,3111;6025943,0.774243,8,3111;6098066,0.404908,19,3111;6347445,0.226546,3,3111;6405240,0.394627,8,3111;7159348,0.37062,18,2974;1810307,0.500676,8,3111;712583,0.243806,3,3111;1579922,0.762428,16,3111;1638012,0.324638,8,3111;1396150,0.513805,8,2974;1453739,0.299697,4,3111;96930,0.754938,8,3111;1036414,0.195976,17,3111;1112171,0.712704,4,3111;296492,0.247856,15,3111;2300724,0.370648,16,3111;2415052,0.679568,8,3111;2621511,0.39426,14,3111;2634276,0.463977,4,3111;2733569,0.261767,18,2974;2941097,0.35822,8,3111;3093659,0.228772,9,3111;3233565,0.429278,3,3111;3441310,0.351563,15,3111;3462017,0.581219,8,3111
25711415	687360,0.19209,17,1709;740399,0.458982,8,1709;749512,0.303722,4,1709;751899,0.234058,17,1709;766170,0.480925,0,1709;794987,0.42883,8,1709;801317,0.261478,1,1709;833381,0.271743,8,1709;836893,0.359382,17,1709;851059,0.365117,2,1709;566995,0.355438,17,1709;605876,0.373268,15,1709;613116,0.248392,3,1709;630186,0.483604,2,1709;650920,0.335732,13,1709;1588796,0.365962,17,1709;1688038,0.331386,17,1709;1697841,0.200634,11,1709;1209512,0.334688,1,1709;1241849,0.544341,11,1709;1242948,0.392924,1,1709;1255697,0.350674,17,1709;1260141,0.399527,8,1709;1272366,0.314426,17,1709;1275826,0.354423,1,1709;1275882,0.413273,13,1709;1299992,0.358096,1,1709;1308986,0.410067,11,1709;1337156,0.433776,16,1709;1345638,0.349422,13,1709;25257,0.51529,8,1709;33906,0.156763,1,1709;39201,0.436253,13,1709;76004,0.301847,8,1709;118635,0.341076,17,1709;133285,0.334106,13,1709;134829,0.210963,9,1709;166479,0.574614,3,1709;1094600,0.298518,17,1709;1101881,0.375122,17,1709;1104987,0.245302,14,1709;1107100,0.630317,8,1709;1135097,0.249797,13,1709;1173750,0.547584,17,1709;186062,0.395182,17,1709;194629,0.19979,17,1709;199203,0.354671,1,1709;209696,0.594198,8,1709;219075,0.360151,17,1709;220225,0.3008,9,1709;236414,0.164967,17,1709;241496,0.364245,7,1709;252430,0.672323,8,1709;304061,0.279222,9,1709;337340,0.542864,8,1709;869125,0.380669,17,1709;872361,0.393458,4,1709;916659,0.558881,11,1709;974676,0.436302,8,1709;982722,0.311054,17,1709;1003331,0.287201,7,1709;1014751,0.235629,11,1709;346789,0.246274,11,1709;351566,0.08102,17,1709;377440,0.539405,8,1709;440396,0.133406,3,1709;444822,0.610747,8,1709;447007,0.092785,1,1709;483458,0.4166,13,1709;508750,0.544236,8,1709;1404675,0.66583,8,1709;1407056,0.631931,8,1709;1442160,0.520719,8,1709;1456132,0.554379,8,1709;1456619,0.312058,3,1709;1462263,0.323078,17,1709;1738309,0.421724,8,1709;1814771,0.561923,8,1709;1822461,0.397404,13,1709;1910648,0.288636,17,1709;1926534,0.409347,14,1709;1927245,0.476234,11,1709;1939199,0.265061,17,1709;1958204,0.226552,1,1709;2018587,0.32633,1,1709;2035107,0.33165,17,1709;2054972,0.214293,3,1709;2084111,0.228944,17,1709;2085623,0.414811,13,1709;2122870,0.279051,3,1709;2158821,0.624775,8,1709;2161390,0.422036,2,1709;2190091,0.639803,8,1709;2191849,0.310231,1,1709;2206550,0.389586,17,1709;2208602,0.241245,11,1709;2229460,0.463347,3,1709;2269310,0.618896,8,1709;2277062,0.473123,15,1709;2286398,0.67751,8,1709;2307040,0.646554,8,1709;2340815,0.748476,14,1709;2342978,0.562066,8,1709;2366292,0.291554,17,1709;2373390,0.265191,17,1709;2422458,0.441373,20,1709;2423598,0.468902,2,1709;2429509,0.731511,10,1709;2437043,0.287104,17,1709;2440585,0.272419,17,1709;2496202,0.708006,8,1709;2506339,0.481715,17,1709;2510590,0.43141,4,1709;2518086,0.459635,17,1709;2560246,0.327427,16,1709;2569575,0.445384,13,1709;2605558,0.404774,13,1709;2607212,0.531435,8,1709;2636263,0.296548,15,1709;2644193,0.480406,8,1709;2672389,0.324459,11,1709;2746321,0.152869,1,1709;2747018,0.268807,17,1709;2747030,0.329957,1,1709;2763475,0.306193,1,1709;2787195,0.421995,17,1709;2837143,0.247182,16,1709;2846752,0.47883,17,1709;2855280,0.415034,10,1709;2866125,0.289977,17,1709;2933958,0.330798,13,1709;2981928,0.491211,8,1709;3007771,0.223655,17,1709;3058182,0.512538,8,1709;3089259,0.326209,17,1709;3155310,0.390849,3,1709;3164943,0.302946,1,1709;3182784,0.303235,10,1709;3218739,0.209523,3,1709;3231561,0.24463,11,1709;3250507,0.320365,11,1709;3255317,0.481497,10,1709;3293227,0.594977,8,1709;3313382,0.326632,13,1709;3334321,0.232876,11,1709;3369520,0.225058,15,1709;3376103,0.442899,3,1709;3383383,0.363223,3,1709;3383498,0.581719,8,1709;3401600,0.277484,4,1709;3409093,0.385344,11,1709;3422256,0.451781,17,1709;3478054,0.364202,2,1709;3543888,0.434001,7,1709;3556485,0.650595,8,1709;3688228,0.437925,1,1709;3745055,0.306812,1,1709;5152572,0.305777,9,1709;5216118,0.349833,1,1709;5235393,0.4,17,1709;5259548,0.639513,8,1709;5271728,0.267428,17,1709;5281217,0.185804,11,1709;5288438,0.190712,3,1709;3968692,0.523062,17,1709;3986659,0.466095,20,1709;3995954,0.499738,8,1709;4096646,0.309099,10,1709;3791918,0.272121,8,1709;3917167,0.404303,2,1709;3922954,0.244838,17,1709;3929304,0.320026,1,1709;5070034,0.318882,11,1709;5106977,0.521547,8,1709;5109470,0.353438,17,1709;4847533,0.38133,17,1709;4850112,0.6021,15,1709;4871278,0.278637,18,1709;4925540,0.256252,17,1709;5341354,0.35618,17,1709;5345476,0.540694,8,1709;5361025,0.183757,17,1709;5411698,0.342614,1,1709;4498721,0.291585,1,1709;4506337,0.503936,2,1709;4517108,0.089212,9,1709;4519100,0.217506,1,1709;4530149,0.331489,17,1709;4584217,0.297489,20,1709;4604832,0.305554,17,1709;4618492,0.385738,10,1709;4682906,0.169335,3,1709;4696331,0.298654,9,1709;4745330,0.104892,1,1709;4748131,0.597278,8,1709;4749020,0.35267,1,1709;4753479,0.413717,3,1709;4773183,0.406549,10,1709;4196127,0.497052,17,1709;4246073,0.219204,13,1709;4252280,0.362531,14,1709;4268581,0.636917,8,1709;4275402,0.222028,1,1709;5501471,0.454403,14,1709;5518690,0.478264,3,1709;5604331,0.239462,17,1709;5647221,0.654577,8,1709;4283728,0.422112,13,1709;4328119,0.360165,1,1709;4388844,0.411229,1,1709;4424462,0.311475,15,1709;6237816,0.653494,8,1709;6238915,0.477223,2,1709;6239903,0.53431,17,1709;6248927,0.38129,15,1709;6294119,0.460543,13,1709;6305211,0.661198,4,1709;6326191,0.261832,17,1709;6337103,0.53254,8,1709;6028720,0.236221,17,1709;6035716,0.45876,10,1709;6120054,0.558368,4,1709;6163425,0.417209,17,1709;6728471,0.371519,17,1709;6748367,0.384454,17,1709;6775959,0.439312,1,1709;6785394,0.299572,17,1709;6792637,0.259215,1,1709;5844645,0.377971,13,1709;5989391,0.325494,13,1709;5994963,0.233295,17,1709;7204445,0.323041,1,1709;7210773,0.632836,15,1709;7226805,0.183666,9,1709;6536292,0.549174,13,1709;6561950,0.389558,17,1709;6872638,0.294753,17,1709;6884152,0.548587,8,1709;6944064,0.299963,17,1709;6388630,0.397354,3,1709;6448707,0.257553,13,1709;6471640,0.36388,13,1709;6476648,0.206572,1,1709;6497579,0.442281,17,1709;5660340,0.240928,11,1709;5675295,0.331883,13,1709;5712689,0.517774,11,1709;5733498,0.62126,8,1709;5770367,0.625845,8,1709;5791563,0.257848,8,1709;5795676,0.546793,15,1709;5805228,0.394021,17,1709;5807836,0.210737,13,1709;5820150,0.374164,13,1709;7030286,0.547811,8,1709;7140621,0.211974,1,1709
25720076	210240,0.183148,13,540;641784,0.302361,0,540;1631650,0.25962,0,540;414426,0.686896,0,540;1912594,0.068173,17,540;1946761,0.585091,3,540;2226838,0.150859,3,540;2330520,0.430375,13,540;2576415,0.065827,3,540;2753616,0.432141,0,540;3640902,0.121196,6,540;4309768,0.241015,0,540;4664558,0.736014,0,540;4787096,0.206468,17,540;5322615,0.298218,10,540;7114314,0.436069,13,540;6260722,0.424377,3,540;6274039,0.388957,13,540
26001037	6727525,0.285369,8,2204;6956810,0.498429,8,2204;6031216,0.42925,14,2204;5569535,0.678718,1,2204;7065995,0.054833,1,2204;4688668,0.462351,8,2204;4114265,0.298588,17,2204;4193206,0.585236,4,2204;4256565,0.411569,8,2204;4268281,0.263001,15,2204;4852512,0.504047,8,2204;5035636,0.256293,17,2204;5055263,0.149914,1,2204;112554,0.379734,8,2204;948965,0.293825,7,2204;1473301,0.410629,8,2204;272905,0.384665,14,2204;314034,0.34227,17,2204;1182481,0.351278,18,2204;2134815,0.476036,11,2204;2433829,0.531133,14,2204;2656703,0.346013,17,2204;2686054,0.44262,1,2204;3538882,0.252741,18,2204;3551645,0.287552,1,2204;3604331,0.356064,15,2204;3611218,0.448022,8,2204
28091731	876960,0.306333,3,2974;976419,0.370661,13,2974;992315,0.202214,3,2974;558757,0.244556,15,2974;270348,0.276033,18,2974;296335,0.495853,8,2974;325175,0.517432,2,2974;1054110,0.27641,17,2974;1079009,0.517217,15,2974;1086187,0.218642,17,2974;1103401,0.334582,11,2974;1556976,0.434231,20,2974;1557678,0.473036,13,2974;1586878,0.64047,8,2974;1614917,0.66855,8,2974;1372412,0.332165,11,2974;1455610,0.533103,14,2974;1495922,0.397145,13,2974;1511097,0.673273,8,2974;1266128,0.139661,20,2974;1338287,0.385304,2,2974;783639,0.244521,1,2974;819860,0.156487,13,2974;56184,0.332835,9,2974;83549,0.32316,13,2974;115751,0.349097,3,2974;363569,0.159515,3,2974;394572,0.216736,14,2974;418854,0.22868,13,2974;459233,0.200341,4,2974;505012,0.484776,2,2974;1771755,0.24951,17,2974;1840905,0.723905,8,2974;1985105,0.427166,13,2974;2122015,0.205252,9,2974;2154864,0.523487,1,2974;2215055,0.407588,1,2974;2236694,0.317838,18,2974;2264764,0.18138,20,2974;2275059,0.38972,13,2974;2275540,0.302955,3,2974;2326198,0.565537,4,2974;2443333,0.385176,2,2974;2468760,0.69097,8,2974;2512779,0.660857,8,2974;2567510,0.467951,15,2974;2687987,0.438494,13,2974;2746323,0.288248,1,2974;2776553,0.391767,15,2974;2796090,0.321545,13,2974;2913328,0.526602,8,2974;2916285,0.348889,3,2974;2949054,0.358259,4,2974;2971408,0.326856,18,2974;2990009,0.385177,3,2974;3012759,0.611839,8,2974;3014414,0.560231,1,2974;3077754,0.244647,11,2974;3082263,0.432215,18,2974;3130262,0.327459,17,2974;3339280,0.471778,2,2974;3376003,0.419575,13,2974;3390912,0.513774,20,2974;3400769,0.615083,8,2974;3424350,0.316879,1,2974;3425026,0.462699,11,2974;3467457,0.290048,20,2974;3512732,0.312652,11,2974;3543576,0.667161,8,2974;3564612,0.356412,13,2974;3567703,0.301536,1,2974;3580789,0.602032,17,2974;3599370,0.499841,13,2974;3654245,0.241125,1,2974;3737744,0.348085,11,2974;4649403,0.318794,1,2974;4474003,0.281592,11,2974;4493555,0.674768,8,2974;4575522,0.257153,14,2974;4590247,0.311256,4,2974;4620465,0.307967,17,2974;5535761,0.348692,7,2974;5567975,0.633683,8,2974;5593925,0.363588,1,2974;3805369,0.098485,1,2974;3815355,0.381131,20,2974;3923497,0.406797,8,2974;4118928,0.303823,11,2974;4219703,0.663982,8,2974;4231217,0.142523,0,2974;4250526,0.480319,8,2974;4268943,0.280872,17,2974;5004452,0.310519,17,2974;4360887,0.121935,17,2974;4405130,0.358116,17,2974;4451709,0.667305,8,2974;4034643,0.31931,14,2974;5365482,0.22518,17,2974;5403437,0.25924,17,2974;5216596,0.283758,7,2974;5269182,0.575383,13,2974;5275253,0.161781,1,2974;5302671,0.304466,3,2974;4907500,0.668316,8,2974;4963053,0.123638,17,2974;6745557,0.371162,2,2974;6780141,0.335557,10,2974;6840239,0.726146,15,2974;7232914,0.469987,18,2974;7259064,0.663058,8,2974;7289735,0.552994,4,2974;6405987,0.254214,1,2974;6438126,0.418048,11,2974;6458871,0.167694,1,2974;6476703,0.175956,13,2974;7024032,0.214742,17,2974;7054883,0.259632,1,2974;7068726,0.359643,20,2974;7104482,0.345182,18,2974;7169161,0.338432,17,2974;7172734,0.580237,14,2974;7181811,0.378563,10,2974;7187406,0.159653,1,2974;7189868,0.392285,8,2974;6529250,0.226455,3,2974;6573144,0.247176,11,2974;6619795,0.385678,17,2974;6657654,0.300684,11,2974;6677480,0.419069,18,2974;6231996,0.393752,14,2974;6237030,0.273017,2,2974;6280790,0.118202,1,2974;6315667,0.315627,18,2974;6337742,0.306121,9,2974;5826023,0.27009,13,2974;5877875,0.360725,18,2974;5888564,0.217338,13,2974;5898376,0.545554,8,2974;5952211,0.366486,13,2974;5957605,0.265347,4,2974;5972305,0.462885,15,2974;6861757,0.279138,17,2974;6867763,0.63603,8,2974;7000298,0.408447,10,2974;5723308,0.69922,8,2974;5730873,0.269018,3,2974;5809925,0.498196,13,2974;6001816,0.248421,13,2974;6004965,0.340831,3,2974;6026571,0.220167,1,2974;6037220,0.51851,8,2974;6086691,0.373448,9,2974;6100511,0.285767,16,2974
28141456	2253499,0.23783,13,1762;2322834,0.370786,13,1762;2537381,0.294174,18,1762;2949411,0.428087,18,1762;3141582,0.397723,18,1762;3214812,0.296734,18,1762;3652519,0.22014,17,1762;3698454,0.12911,1,1762;199656,0.208192,13,1762;1006494,0.219044,18,1762;356179,0.496177,18,1762;383454,0.236437,18,1762;1362394,0.325224,18,1762;1544749,0.23205,15,1762;1646068,0.359535,1,1762;519680,0.259973,18,1762;572988,0.494821,18,1762;1535773,0.190158,15,1762;699636,0.413086,18,1762;6359281,0.330917,18,1762;6372506,0.411621,18,1762;7119839,0.315665,13,1762;7135786,0.216827,18,1762;6639472,0.255221,15,1762;7208784,0.38829,18,1762;7219416,0.36333,18,1762;5955721,0.484082,18,1762;5681840,0.558585,4,1762;5793996,0.419144,18,1762;6221980,0.268907,18,1762;5379698,0.311266,18,1762;5397826,0.633933,4,1762;5510748,0.24939,15,1762;5572513,0.252979,18,1762;4810000,0.298745,18,1762;4903495,0.294001,18,1762;4333951,0.28771,14,1762;5076716,0.305174,18,1762;3772392,0.435377,18,1762;4229700,0.309807,18,1762;4276627,0.60066,18,1762
30944011	6598902,0.384753,18,3127;6027447,0.355771,14,3127;4445750,0.416326,15,3127;1245996,0.346784,10,3127
31214931	5481742,0.190112,8,1121;5499368,0.393446,17,1121;5530241,0.417217,1,1121;5542573,0.20348,17,1121;5566105,0.55499,15,1121;5156907,0.386473,18,1121;5183853,0.158568,17,1121;5248680,0.469013,2,1121;5254813,0.257253,13,1121;5266837,0.562758,14,1121;5294459,0.320752,18,1121;5370393,0.346282,17,1121;5398587,0.593721,13,1121;5404583,0.403264,11,1121;5416662,0.238613,17,1121;5421709,0.60083,8,1121;5431618,0.404777,17,1121;5449094,0.267241,11,1121;3774367,0.37404,8,1121;3789227,0.3804,10,1121;3820453,0.274559,8,1121;3826223,0.30517,1,1121;3849727,0.195454,3,1121;3882312,0.557714,15,1121;3900014,0.481211,2,1121;3933344,0.231708,17,1121;4582115,0.30357,11,1121;4582872,0.573047,4,1121;4585594,0.378152,14,1121;4623097,0.513493,7,1121;4296136,0.229328,3,1121;4421695,0.131153,17,1121;4437789,0.352506,18,1121;4817036,0.518348,17,1121;4818134,0.374376,8,1121;4843313,0.472024,17,1121;4860169,0.452353,11,1121;4862455,0.251289,1,1121;4881757,0.592404,11,1121;4919315,0.373345,11,1121;4920596,0.263543,17,1121;4130371,0.074837,1,1121;4142475,0.689483,16,1121;4148882,0.274985,11,1121;4159941,0.419106,17,1121;4166866,0.307453,8,1121;4169619,0.305371,11,1121;4215951,0.289964,1,1121;4255969,0.596181,17,1121;4980398,0.391495,8,1121;4987095,0.367707,17,1121;5010808,0.415679,13,1121;5062351,0.394329,17,1121;5084028,0.48812,8,1121;5095997,0.274008,7,1121;5115669,0.354424,17,1121;4017842,0.301985,11,1121;4046418,0.367207,13,1121;4065884,0.324824,3,1121;4676324,0.421485,15,1121;4708638,0.463323,8,1121;4710606,0.485418,8,1121;4719724,0.387838,17,1121;4782587,0.123637,17,1121;4783220,0.526515,17,1121;7055115,0.285733,13,1121;7056719,0.367106,1,1121;5661828,0.501717,8,1121;5695973,0.489747,0,1121;5702538,0.359487,3,1121;5704132,0.358454,11,1121;5725158,0.326901,6,1121;5741615,0.325627,15,1121;5742349,0.202246,1,1121;5756661,0.325877,17,1121;5819132,0.499036,16,1121;6529378,0.462458,13,1121;6573728,0.434058,13,1121;6584007,0.452149,17,1121;6617639,0.495008,3,1121;6658375,0.346389,11,1121;6677869,0.250104,14,1121;6008439,0.487288,8,1121;6026329,0.587284,8,1121;6032371,0.271535,17,1121;6119225,0.346889,1,1121;6142147,0.446238,8,1121;6762194,0.57788,11,1121;6784694,0.224245,18,1121;6788884,0.313901,11,1121;6802213,0.216782,17,1121;6823700,0.283863,3,1121;6827149,0.117346,17,1121;6375963,0.690445,11,1121;6389050,0.101284,1,1121;6442228,0.154077,3,1121;6475288,0.285728,3,1121;6490152,0.26583,1,1121;6189054,0.448678,13,1121;6191506,0.196041,17,1121;6231180,0.598558,10,1121;6234778,0.431889,17,1121;6261873,0.360882,14,1121;6266143,0.738027,8,1121;6279740,0.358082,17,1121;7205210,0.273584,17,1121;7208390,0.305618,17,1121;5830053,0.420893,13,1121;5937365,0.229984,3,1121;5952110,0.515495,11,1121;5957797,0.333188,14,1121;6901966,0.372008,0,1121;6914318,0.192855,17,1121;6953472,0.192108,1,1121;1098333,0.555741,8,1121;1175249,0.253597,1,1121;184550,0.292962,11,1121;305069,0.368907,13,1121;308287,0.197381,1,1121;316237,0.40698,0,1121;1597333,0.531519,13,1121;1633611,0.58333,16,1121;1657000,0.217742,4,1121;1667350,0.364001,1,1121;1669413,0.245453,17,1121;1675101,0.350883,12,1121;1675340,0.440136,0,1121;1679164,0.515109,11,1121;1709949,0.715701,1,1121;1709999,0.226938,17,1121;36687,0.281667,17,1121;52237,0.315597,13,1121;63449,0.264118,17,1121;93761,0.454318,11,1121;102190,0.304168,1,1121;132779,0.277202,17,1121;624195,0.266026,15,1121;342898,0.672729,17,1121;397158,0.640045,14,1121;431365,0.381078,17,1121;471031,0.659456,16,1121;720444,0.230317,17,1121;800247,0.673985,8,1121;801416,0.423096,10,1121;837538,0.328882,0,1121;841874,0.239283,9,1121;1733167,0.181175,4,1121;1780222,0.468083,17,1121;1793819,0.5075,0,1121;1806181,0.447702,17,1121;1843297,0.324606,17,1121;1877858,0.822318,0,1121;1881227,0.376948,15,1121;1200147,0.421294,11,1121;1223601,0.347109,1,1121;1225932,0.365189,1,1121;1243290,0.295604,0,1121;1281473,0.151971,11,1121;1421872,0.625214,11,1121;1452878,0.742113,8,1121;1479381,0.306332,17,1121;886303,0.388966,18,1121;893833,0.316031,4,1121;944282,0.305495,10,1121;952355,0.663218,14,1121;968688,0.631792,5,1121;981671,0.353764,0,1121;1008716,0.369411,18,1121;1949676,0.623452,1,1121;1952967,0.098297,16,1121;2012085,0.122073,6,1121;2095693,0.421808,18,1121;2105761,0.367252,14,1121;2148511,0.357907,17,1121;2152268,0.560267,11,1121;2175061,0.688804,8,1121;2211037,0.344238,11,1121;2227007,0.206898,17,1121;2236564,0.413415,10,1121;2265861,0.615497,16,1121;2346264,0.370108,15,1121;2356049,0.634696,8,1121;2368572,0.458558,11,1121;2381147,0.184442,13,1121;2386470,0.465631,8,1121;2398361,0.467808,16,1121;2401161,0.402937,17,1121;2492328,0.362083,17,1121;2505156,0.378158,1,1121;2528084,0.294781,17,1121;2531046,0.379742,0,1121;2631220,0.338835,13,1121;2761342,0.310936,1,1121;2859082,0.288759,17,1121;2878075,0.389498,11,1121;2951099,0.301238,0,1121;2970621,0.365269,15,1121;3012980,0.308871,17,1121;3041356,0.352486,17,1121;3086601,0.325773,13,1121;3098555,0.285368,15,1121;3107541,0.475029,20,1121;3113457,0.285024,3,1121;3127423,0.315115,13,1121;3173464,0.329797,17,1121;3182675,0.648513,0,1121;3221113,0.294537,16,1121;3226484,0.331151,13,1121;3270932,0.524943,8,1121;3287473,0.447459,14,1121;3330735,0.452467,0,1121;3346844,0.457211,14,1121;3431977,0.273282,3,1121;3463369,0.16652,11,1121;3565951,0.492088,7,1121;3607951,0.198771,11,1121;3635511,0.432053,11,1121;3664458,0.501634,1,1121;3674721,0.172191,3,1121;3690877,0.453965,15,1121;3699093,0.51334,4,1121;3712603,0.227869,1,1121;3728917,0.304707,18,1121
31312989	1400623,0.507175,17,835;1403478,0.230828,20,835;1435897,0.250013,18,835;1466635,0.455188,13,835;1504140,0.446398,20,835;912210,0.271631,17,835;917504,0.667339,8,835;937959,0.463017,4,835;961615,0.059735,17,835;1007298,0.220531,17,835;548038,0.291565,17,835;562736,0.3454,10,835;610302,0.295868,17,835;1590907,0.205065,20,835;1619068,0.233481,13,835;1628592,0.294775,11,835;1654837,0.371706,1,835;17872,0.296025,1,835;95636,0.6322,16,835;129428,0.224606,4,835;1210905,0.675701,18,835;1291116,0.41193,17,835;1332815,0.273235,1,835;1356082,0.301392,13,835;1359920,0.307279,18,835;197656,0.232922,7,835;210377,0.278103,17,835;244533,0.363871,20,835;308321,0.308711,7,835;1030896,0.424746,17,835;1068883,0.646368,8,835;1116497,0.371074,4,835;1148252,0.073109,17,835;1716212,0.377923,15,835;1722594,0.510668,13,835;1739892,0.303279,20,835;1744664,0.374867,17,835;1839106,0.365763,20,835;433678,0.274611,20,835;436919,0.291695,10,835;448553,0.571423,8,835;503697,0.266258,20,835;511543,0.151833,1,835;698692,0.395839,10,835;717502,0.743526,10,835;732086,0.259277,3,835;741032,0.33093,17,835;774335,0.295169,10,835;805999,0.193859,9,835;856364,0.311159,17,835;1887030,0.217874,4,835;1940233,0.343314,17,835;1951564,0.622101,8,835;2012721,0.308373,15,835;2061251,0.523734,4,835;2097646,0.215177,13,835;2167907,0.40971,18,835;2193740,0.502078,2,835;2275778,0.408173,16,835;2322543,0.405847,20,835;2357016,0.369278,4,835;2397862,0.317316,4,835;2433972,0.413042,18,835;2576634,0.199289,11,835;2614721,0.446576,15,835;2647363,0.356697,18,835;2687694,0.473492,3,835;2717225,0.390512,15,835;2782659,0.180734,9,835;2786488,0.088024,20,835;2852276,0.709162,8,835;2877684,0.240698,8,835;2947438,0.160714,1,835;3001809,0.33702,1,835;3044311,0.197307,1,835;3062931,0.095342,17,835;3153957,0.373944,17,835;3366488,0.423802,15,835;3386662,0.058283,9,835;3423660,0.268487,11,835;3483932,0.237042,1,835;3580987,0.589132,8,835;3598963,0.273376,20,835;3658537,0.309745,1,835;3673480,0.397457,4,835;3721044,0.318002,11,835;3767313,0.328553,20,835;6373706,0.387675,18,835;6415644,0.4308,18,835;6455526,0.337995,4,835;6485185,0.682031,4,835;6502855,0.741368,10,835;5763846,0.343185,13,835;5805424,0.340382,20,835;5604500,0.708506,8,835;5631699,0.316751,18,835;6547923,0.30195,17,835;6567031,0.372048,20,835;6575236,0.281747,1,835;6587676,0.320403,13,835;6608857,0.321792,1,835;6633361,0.200662,3,835;6639099,0.627614,8,835;6641341,0.462599,13,835;6695720,0.635756,8,835;6718738,0.389505,1,835;6728585,0.30891,18,835;6815346,0.359187,13,835;6215594,0.504652,13,835;6261530,0.231831,15,835;6079368,0.389311,13,835;6128390,0.095077,11,835;6145335,0.283134,20,835;6157268,0.259911,11,835;7063442,0.388922,10,835;7077025,0.255757,3,835;7194383,0.455918,20,835;5904118,0.723513,10,835;5965435,0.491363,8,835;6866690,0.425543,18,835;6920349,0.454763,18,835;6922253,0.161897,1,835;6956164,0.169821,3,835;7001683,0.406271,14,835;5333451,0.272056,17,835;5336738,0.588339,15,835;5357689,0.24726,1,835;5386521,0.480453,10,835;5415560,0.26429,13,835;5425881,0.574419,8,835;5433998,0.116921,1,835;5441917,0.428125,1,835;4283035,0.318343,3,835;4291440,0.193957,11,835;4406875,0.202528,1,835;4459985,0.487032,3,835;4619718,0.295792,3,835;4857629,0.401196,20,835;4911282,0.435358,11,835;4928679,0.653313,16,835;4944794,0.048944,1,835;4952478,0.818157,4,835;4063057,0.397619,20,835;4107654,0.183495,18,835;5025524,0.666308,11,835;5069553,0.299286,20,835;4116336,0.330195,13,835;4116337,0.087174,1,835;4119484,0.343207,20,835;4151383,0.524125,10,835;4200022,0.598983,8,835;4627937,0.365492,13,835;4765896,0.508187,8,835;5249998,0.312893,20,835;3784065,0.350719,17,835;3799075,0.324283,18,835;3806438,0.317364,1,835;3812507,0.396233,2,835;3819570,0.398866,13,835;3865772,0.242089,11,835;3912456,0.527927,15,835;3935446,0.35,8,835
32311722	1999086,0.37942,17,898;2041560,0.291952,14,898;2660429,0.279371,7,898;3475233,0.312828,17,898;1468264,0.325505,4,898;202307,0.616326,6,898;1115292,0.480831,10,898;160664,0.354666,16,898;402835,0.282848,0,898;4504852,0.392477,4,898;5204991,0.46837,15,898;4003418,0.587158,8,898;6234258,0.187812,1,898;6337043,0.274819,16,898;5761999,0.178771,14,898;5559681,0.173194,3,898;6768373,0.531033,4,898
32574744	1885197,0.299669,11,2974;1903904,0.253637,10,2974;1915932,0.517396,8,2974;1916836,0.47958,1,2974;1925519,0.338548,16,2974;1941847,0.239116,9,2974;1943093,0.350954,15,2974;1946266,0.32918,1,2974;1950017,0.361035,16,2974;1958258,0.464165,17,2974;1963723,0.382233,1,2974;1975205,0.577433,8,2974;1976508,0.480449,15,2974;1979763,0.339209,16,2974;2061650,0.504557,11,2974;2066990,0.546428,11,2974;2070012,0.53131,4,2974;2189948,0.429113,11,2974;2234988,0.311054,11,2974;2252005,0.4607,17,2974;2257689,0.177098,1,2974;2271537,0.275307,3,2974;2279692,0.174859,13,2974;2279999,0.409054,16,2974;2315638,0.255757,17,2974;2338355,0.325195,3,2974;2343406,0.230593,13,2974;2355283,0.396681,16,2974;2355606,0.60707,16,2974;2390215,0.259113,11,2974;2443289,0.469444,2,2974;2452468,0.292286,8,2974;2459191,0.353751,1,2974;2467552,0.23377,1,2974;2481987,0.365788,1,2974;2482785,0.596802,3,2974;2495971,0.45018,16,2974;2506844,0.106571,11,2974;2521986,0.430843,11,2974;2552364,0.207771,11,2974;2613694,0.397686,17,2974;2657074,0.217751,3,2974;2673690,0.259783,17,2974;2721291,0.435893,4,2974;2723571,0.092611,1,2974;2732771,0.441532,8,2974;2802019,0.299985,8,2974;2804899,0.47006,15,2974;2816282,0.199001,3,2974;2817958,0.486511,17,2974;2868061,0.440676,11,2974;2938367,0.285223,17,2974;2970348,0.75978,11,2974;2979375,0.267974,11,2974;3000615,0.396942,8,2974;3031347,0.6215,16,2974;3034819,0.331296,11,2974;3037858,0.362159,17,2974;3044616,0.566746,16,2974;3063399,0.227316,17,2974;3072972,0.443283,3,2974;3095190,0.336513,8,2974;3125785,0.320568,3,2974;3127018,0.443508,17,2974;3137972,0.327042,17,2974;3141242,0.506744,16,2974;3145696,0.537628,8,2974;3146036,0.236784,17,2974;3209920,0.325769,1,2974;3236383,0.377197,8,2974;3244212,0.533422,17,2974;3301327,0.493786,2,2974;3322524,0.195571,17,2974;3357922,0.499552,4,2974;3360431,0.518532,17,2974;3367899,0.208582,17,2974;3423692,0.564519,16,2974;3486968,0.452934,8,2974;3516289,0.45074,2,2974;3527530,0.720769,8,2974;3607868,0.535628,11,2974;3625712,0.594067,17,2974;3629190,0.057877,3,2974;3631647,0.605702,8,2974;3659713,0.296387,11,2974;3677378,0.264542,13,2974;3720827,0.239554,1,2974;3724996,0.138869,11,2974;3755606,0.294537,9,2974;3768409,0.599978,16,2974;599514,0.575729,16,2974;610525,0.473235,14,2974;629754,0.266164,11,2974;631381,0.371967,16,2974;633467,0.39893,16,2974;666284,0.60718,8,2974;670994,0.580053,4,2974;1374472,0.279553,17,2974;1405277,0.276428,17,2974;1410236,0.235818,17,2974;1459786,0.426164,16,2974;1470604,0.378729,13,2974;1521005,0.215353,1,2974;1524966,0.339877,1,2974;1534511,0.305291,8,2974;1545985,0.351786,16,2974;1558803,0.282183,8,2974;1562113,0.716147,8,2974;1584049,0.45914,8,2974;1587623,0.14713,11,2974;1623429,0.267024,17,2974;1630166,0.282857,15,2974;1640116,0.449517,16,2974;1641972,0.31608,11,2974;1647808,0.441312,14,2974;1662603,0.503265,17,2974;1675180,0.130072,17,2974;1692700,0.394317,17,2974;1697872,0.52456,1,2974;1702845,0.2531,17,2974;695820,0.4,11,2974;703882,0.116207,16,2974;732973,0.529458,16,2974;742157,0.291888,8,2974;753746,0.496557,16,2974;760409,0.276278,1,2974;776219,0.692772,11,2974;782743,0.724028,8,2974;808281,0.150146,11,2974;813269,0.344663,17,2974;835651,0.372277,17,2974;845626,0.350752,11,2974;2116,0.308529,11,2974;35352,0.712375,10,2974;45212,0.530168,8,2974;50981,0.445404,16,2974;62172,0.477199,16,2974;93227,0.338303,3,2974;129498,0.257513,16,2974;130520,0.197538,11,2974;164018,0.448186,17,2974;349900,0.538329,16,2974;354162,0.557633,3,2974;355607,0.685309,11,2974;370967,0.345363,8,2974;382624,0.471613,2,2974;382968,0.109947,9,2974;388781,0.503442,11,2974;396007,0.27896,1,2974;419366,0.654155,16,2974;425623,0.251003,17,2974;437624,0.425311,11,2974;439267,0.26683,13,2974;447428,0.659146,8,2974;464164,0.202365,1,2974;492082,0.322797,13,2974;858516,0.320199,15,2974;867009,0.526164,17,2974;873754,0.314269,16,2974;931146,0.092344,11,2974;936253,0.333253,11,2974;945416,0.292874,16,2974;949763,0.210831,17,2974;982464,0.430791,8,2974;989906,0.437145,4,2974;994840,0.373777,14,2974;1017145,0.651954,16,2974;1047065,0.323845,3,2974;1056131,0.474591,16,2974;1057058,0.285624,11,2974;1058787,0.38281,14,2974;1156146,0.67602,10,2974;1161037,0.542783,14,2974;1176486,0.36847,13,2974;1190663,0.612573,8,2974;180210,0.370512,11,2974;206407,0.675061,8,2974;239175,0.64967,16,2974;248342,0.14409,1,2974;270464,0.265666,1,2974;1716293,0.239915,18,2974;1747448,0.258008,11,2974;1760820,0.488439,8,2974;1762940,0.36079,16,2974;1784282,0.400519,14,2974;1790199,0.252311,11,2974;1794525,0.332256,11,2974;1833314,0.375134,18,2974;1853475,0.265365,19,2974;1873781,0.341967,4,2974;1877298,0.347922,10,2974;1879160,0.241005,3,2974;1209424,0.432833,17,2974;1210892,0.236283,16,2974;1239563,0.185494,3,2974;1241476,0.568677,16,2974;1265793,0.253869,13,2974;1273686,0.600167,11,2974;1284453,0.307945,16,2974;1284494,0.43603,17,2974;1308763,0.562749,16,2974;1333610,0.126968,17,2974;1338859,0.514742,15,2974;1356023,0.345314,13,2974;1356036,0.393177,1,2974;7025059,0.266817,17,2974;7044681,0.484008,16,2974;7048094,0.580046,16,2974;7066608,0.29784,1,2974;7073518,0.372047,16,2974;7086512,0.34424,3,2974;7103064,0.586365,8,2974;7118556,0.346907,11,2974;7124645,0.323579,11,2974;7132658,0.581126,11,2974;7133375,0.539378,11,2974;7142936,0.138524,11,2974;7170087,0.252249,1,2974;6541221,0.372048,17,2974;6549748,0.017272,16,2974;6550247,0.2555,17,2974;6558762,0.394143,16,2974;6559001,0.430371,11,2974;6560556,0.507071,16,2974;6587599,0.559576,17,2974;6608085,0.63874,17,2974;6611011,0.262626,13,2974;6612506,0.323875,1,2974;6636007,0.562907,15,2974;6668399,0.213632,17,2974;5654752,0.389129,16,2974;5670122,0.581112,16,2974;5674936,0.339096,11,2974;5681282,0.582826,4,2974;5686021,0.590881,14,2974;5703171,0.75137,11,2974;5720319,0.244153,16,2974;5727745,0.324435,13,2974;5753893,0.318478,17,2974;5778907,0.194396,11,2974;5780911,0.413796,17,2974;5783371,0.218285,16,2974;5794661,0.291396,16,2974;6884724,0.190534,1,2974;6897774,0.325693,11,2974;6930787,0.308986,13,2974;6996781,0.101946,11,2974;6999559,0.257628,4,2974;7006470,0.20888,7,2974;7007065,0.2635,8,2974;7014770,0.266859,11,2974;6354141,0.614065,16,2974;6358005,0.579185,8,2974;6359683,0.298182,3,2974;6378351,0.449908,17,2974;6387395,0.381288,4,2974;6413486,0.708943,14,2974;6414566,0.374827,11,2974;6422335,0.239583,16,2974;6427544,0.259258,19,2974;6435640,0.358223,1,2974;6441992,0.476338,11,2974;6458433,0.240369,13,2974;6506210,0.277684,8,2974;6177420,0.2629,1,2974;6178348,0.286261,17,2974;6193391,0.605871,11,2974;6195801,0.624522,16,2974;6205133,0.527747,11,2974;6221141,0.482853,16,2974;6225610,0.276831,6,2974;6234591,0.654853,16,2974;6241113,0.511991,16,2974;6259394,0.450212,16,2974;6269238,0.193173,3,2974;6270362,0.441834,17,2974;6312371,0.59247,8,2974;6682640,0.428564,2,2974;6689106,0.267756,8,2974;6700009,0.242466,3,2974;6704404,0.635455,11,2974;6708811,0.2697,1,2974;6738213,0.36784,13,2974;6781398,0.269772,17,2974;6791420,0.54559,1,2974;6016475,0.341867,11,2974;6060305,0.376115,16,2974;6080690,0.633594,8,2974;6095575,0.510785,13,2974;6123532,0.315423,4,2974;6147635,0.39482,17,2974;6152301,0.454244,8,2974;6152989,0.339714,11,2974;6167310,0.572224,14,2974;7201307,0.517035,15,2974;7216704,0.631266,8,2974;7224415,0.350356,16,2974;7237324,0.406008,17,2974;7261615,0.224787,15,2974;7272336,0.465728,8,2974;5837709,0.177038,17,2974;5874195,0.084285,1,2974;5897615,0.347579,13,2974;5907978,0.476887,2,2974;5919492,0.123569,13,2974;5921988,0.503655,8,2974;5941195,0.402598,8,2974;5944492,0.271868,17,2974;5968703,0.316708,17,2974;5976789,0.330981,17,2974;3961291,0.43555,16,2974;3971956,0.648128,8,2974;3977915,0.509512,2,2974;3978429,0.396643,10,2974;3995802,0.725611,8,2974;4006370,0.387043,11,2974;4011987,0.368154,17,2974;4034001,0.701029,8,2974;4050053,0.832115,11,2974;4071748,0.376507,17,2974;4079350,0.232784,1,2974;4098316,0.334825,13,2974;4107300,0.546111,17,2974;5190091,0.293452,17,2974;5194276,0.508289,11,2974;5214862,0.245649,18,2974;5255459,0.517004,16,2974;5295039,0.350634,1,2974;4367178,0.338213,2,2974;4385728,0.459481,16,2974;4394445,0.434114,13,2974;4402915,0.413972,17,2974;4454072,0.409084,17,2974;4803833,0.020013,16,2974;4818012,0.338662,16,2974;4852421,0.167281,3,2974;4890497,0.692305,16,2974;4904288,0.058309,16,2974;4917761,0.328462,10,2974;4962394,0.61037,16,2974;4964806,0.31865,17,2974;3773289,0.385146,0,2974;3798501,0.416918,16,2974;3800132,0.431812,17,2974;3806812,0.273774,4,2974;3807891,0.323798,16,2974;3830277,0.115188,1,2974;3844868,0.381702,17,2974;3846362,0.269831,8,2974;3882498,0.302529,9,2974;3885322,0.392211,16,2974;3914396,0.253448,1,2974;3915921,0.311784,17,2974;5336367,0.310316,4,2974;5358023,0.428419,13,2974;5363587,0.186691,13,2974;5380023,0.397271,11,2974;5436295,0.289481,0,2974;4975101,0.54812,11,2974;4997983,0.439078,16,2974;5002315,0.487912,2,2974;5029968,0.34299,1,2974;5046462,0.701548,8,2974;5054880,0.4492,16,2974;5067808,0.315821,17,2974;5090191,0.237088,1,2974;5100464,0.67743,11,2974;5111127,0.311137,8,2974;5124442,0.562001,8,2974;5490298,0.318445,12,2974;5494455,0.311991,11,2974;5497070,0.246485,13,2974;5506890,0.227293,17,2974;5558638,0.359159,13,2974;5562331,0.558781,8,2974;5577160,0.726388,10,2974;5612221,0.379563,13,2974;5628326,0.129174,1,2974;4472022,0.262473,15,2974;4478549,0.449699,17,2974;4490336,0.356454,17,2974;4514033,0.26454,17,2974;4537357,0.373944,16,2974;4539628,0.267807,13,2974;4586238,0.264914,8,2974;4621916,0.288042,17,2974;4667572,0.431875,4,2974;4673545,0.362016,15,2974;4682830,0.238952,17,2974;4694405,0.328319,19,2974;4706342,0.253049,17,2974;4713124,0.367682,1,2974;4720879,0.383881,13,2974;4724417,0.105831,11,2974;4737597,0.274677,16,2974;4741292,0.393328,4,2974;4754383,0.332961,3,2974;4760910,0.14902,17,2974;4793419,0.447414,8,2974;4120750,0.595914,16,2974;4120952,0.514999,16,2974;4128244,0.37724,1,2974;4204427,0.501773,16,2974;4206417,0.463284,16,2974;4237197,0.381084,17,2974
32801560	740187,0.301531,4,667;1738711,0.119188,16,667;38751,0.376398,8,667;94379,0.273382,16,667;2730022,0.160375,16,667;6320117,0.309338,16,667;6811756,0.335342,8,667;6025635,0.404597,16,667;4157335,0.269056,8,667;4189596,0.17221,17,667;5417141,0.247483,13,667;4627891,0.109425,17,667;4907195,0.500083,14,667;4932386,0.253378,8,667;3752186,0.333639,8,667
33721953	3943124,0.645852,16,2393;3944279,0.268648,1,2393;3946369,0.259015,8,2393;3950085,0.342455,17,2393;3972643,0.480304,16,2393;3974129,0.406564,1,2393;3977938,0.776379,11,2393;3983326,0.562156,16,2393;4004079,0.405481,8,2393;4004968,0.053697,1,2393;4044483,0.576445,16,2393;4054699,0.37028,13,2393;4056354,0.525238,8,2393;4063008,0.34324,13,2393;4070587,0.289415,16,2393;4071595,0.512568,8,2393;4090317,0.395859,17,2393;4102289,0.545877,3,2393;4103878,0.3598,17,2393;4976744,0.319622,1,2393;4986513,0.472638,17,2393;5001470,0.473541,14,2393;5002481,0.440266,15,2393;5017680,0.498356,8,2393;5038964,0.431657,16,2393;5059768,0.486444,15,2393;5064780,0.334251,16,2393;5085478,0.386303,10,2393;5090074,0.606938,14,2393;5127199,0.291442,4,2393;5133418,0.618263,16,2393;4302124,0.434084,8,2393;4319592,0.361311,9,2393;4348057,0.407228,16,2393;4348145,0.752193,8,2393;4350139,0.424236,3,2393;4357300,0.309932,17,2393;4379800,0.606525,16,2393;4393296,0.53177,2,2393;4417925,0.592134,1,2393;4419799,0.307537,17,2393;4428936,0.523527,17,2393;4130479,0.699505,8,2393;4176865,0.297349,15,2393;4178323,0.260297,17,2393;4210541,0.595669,8,2393;4215062,0.473619,16,2393;4215683,0.028264,1,2393;4224945,0.578831,16,2393;4245442,0.394422,17,2393;4260189,0.302313,8,2393;4267014,0.231019,11,2393;4267979,0.368259,16,2393;5485167,0.510698,8,2393;5487558,0.439651,1,2393;5531528,0.585619,3,2393;5533037,0.391255,15,2393;5540631,0.351781,17,2393;5563398,0.394549,16,2393;5586810,0.233461,17,2393;5592077,0.33731,15,2393;5598096,0.510654,17,2393;5612222,0.360428,17,2393;5625754,0.61078,1,2393;5636354,0.563807,4,2393;5652246,0.595572,8,2393;5312586,0.46655,16,2393;5324855,0.339317,1,2393;5329901,0.524139,13,2393;5415210,0.374054,1,2393;5447776,0.232984,17,2393;5448073,0.43604,2,2393;5458003,0.168972,16,2393;5477632,0.381602,17,2393;4646278,0.253492,15,2393;4653698,0.476565,1,2393;4658407,0.243069,16,2393;4675616,0.293719,17,2393;4679400,0.200049,17,2393;4696029,0.585639,11,2393;4717654,0.258335,1,2393;4722420,0.710627,11,2393;4770114,0.631579,8,2393;4776455,0.285379,1,2393;4789513,0.594072,16,2393;3778578,0.433952,13,2393;3778865,0.465369,2,2393;3782338,0.222098,13,2393;3811513,0.664652,16,2393;3818591,0.449166,8,2393;3832792,0.506133,17,2393;3865558,0.611071,16,2393;3870456,0.602328,17,2393;3883172,0.128368,17,2393;3893818,0.50516,17,2393;3908000,0.346947,13,2393;3918468,0.416587,16,2393;3919154,0.591367,8,2393;3931154,0.614834,8,2393;4800224,0.414065,8,2393;4810244,0.463893,17,2393;4814806,0.478775,1,2393;4822581,0.626354,16,2393;4836297,0.403506,17,2393;4844664,0.474492,18,2393;4851925,0.37834,1,2393;4852723,0.415866,17,2393;4854136,0.417494,17,2393;4858701,0.582247,17,2393;4864762,0.412625,13,2393;4868074,0.331496,17,2393;4869687,0.731458,8,2393;4870728,0.229426,17,2393;4874761,0.384008,16,2393;4908571,0.422713,17,2393;4909218,0.279105,3,2393;4909509,0.633244,16,2393;4912422,0.440735,3,2393;4914165,0.441199,14,2393;4927152,0.440662,17,2393;4948064,0.122737,9,2393;4956993,0.443966,8,2393;4960357,0.149068,4,2393;4458142,0.470282,14,2393;4464419,0.25174,17,2393;4468297,0.357533,16,2393;4481915,0.53485,8,2393;4486917,0.252027,8,2393;4489334,0.535199,17,2393;4492927,0.423866,13,2393;4497546,0.528334,16,2393;4502103,0.736939,16,2393;4503313,0.762586,8,2393;4508497,0.272963,18,2393;4509525,0.607022,16,2393;4518605,0.581551,17,2393;4543099,0.453608,17,2393;4543104,0.294802,3,2393;4601206,0.236804,1,2393;4603564,0.34253,17,2393;4603884,0.509749,3,2393;4618377,0.50789,8,2393;4622008,0.662434,8,2393;5239775,0.416519,17,2393;5242034,0.386088,16,2393;5247375,0.471544,17,2393;5267246,0.279622,17,2393;5293524,0.337416,17,2393;5295918,0.341235,16,2393;5304966,0.44193,16,2393;5309894,0.437848,17,2393;7034843,0.362686,17,2393;7051835,0.058922,13,2393;7055015,0.397015,1,2393;7055855,0.589257,8,2393;7077987,0.358196,9,2393;7082018,0.095265,16,2393;7093848,0.65711,16,2393;7155648,0.164999,17,2393;7164085,0.351996,1,2393;6513403,0.619868,15,2393;6548279,0.549246,17,2393;6567015,0.408094,16,2393;6571938,0.447638,1,2393;6617522,0.362694,8,2393;6624372,0.472519,16,2393;6628125,0.414465,13,2393;6656104,0.444565,8,2393;6657602,0.545366,11,2393;6664322,0.248324,14,2393;6666492,0.157114,3,2393;6666629,0.45055,17,2393;5838961,0.460923,18,2393;5839257,0.32854,7,2393;5850941,0.18224,17,2393;5883392,0.015978,16,2393;5893886,0.379077,17,2393;5903171,0.411429,15,2393;5918379,0.452185,3,2393;5950739,0.397157,8,2393;5951648,0.226877,17,2393;5954338,0.252428,13,2393;5955906,0.313915,17,2393;6694178,0.248567,13,2393;6712162,0.471216,8,2393;6715044,0.573324,13,2393;6716519,0.568259,16,2393;6753937,0.369283,17,2393;6760715,0.595456,16,2393;6764464,0.458616,13,2393;6774590,0.098078,1,2393;6783072,0.407244,17,2393;6801032,0.194684,9,2393;6802571,0.632109,16,2393;6803113,0.464392,8,2393;6812668,0.38373,16,2393;6814825,0.619901,17,2393;6832492,0.343869,1,2393;6838716,0.45798,15,2393;6232003,0.332572,17,2393;6234055,0.445964,3,2393;6264234,0.334824,17,2393;6271045,0.391334,9,2393;6300960,0.35894,17,2393;6337518,0.467237,17,2393;6347144,0.402406,17,2393;6354516,0.382241,17,2393;6369656,0.175891,3,2393;6370828,0.38253,17,2393;6379172,0.248594,1,2393;6403230,0.286475,17,2393;6404225,0.596769,17,2393;6426391,0.310446,9,2393;6431833,0.273371,15,2393;6446759,0.399711,16,2393;6449534,0.552376,4,2393;6473562,0.437311,17,2393;6480308,0.404828,16,2393;6484160,0.321381,1,2393;6487230,0.094466,11,2393;6493377,0.300959,1,2393;6496147,0.642432,0,2393;5996711,0.462574,8,2393;6002945,0.3225,17,2393;6011544,0.180521,17,2393;6022903,0.447918,16,2393;6038010,0.388208,17,2393;6049670,0.658815,3,2393;6067989,0.388071,17,2393;6072799,0.40729,17,2393;6091299,0.145856,17,2393;6094205,0.672857,8,2393;6107835,0.47007,4,2393;6122111,0.419512,8,2393;6127695,0.28864,17,2393;6148442,0.598484,8,2393;6154319,0.349564,1,2393;6165502,0.424638,0,2393;6889595,0.42975,1,2393;6899956,0.561072,8,2393;6906747,0.291027,17,2393;6910838,0.45604,2,2393;6913507,0.298148,9,2393;6934727,0.585751,17,2393;6946865,0.3966,14,2393;6948218,0.374595,17,2393;6953567,0.435706,17,2393;6962167,0.437198,2,2393;6966730,0.58585,11,2393;6984211,0.611131,16,2393;7009159,0.754297,8,2393;7011228,0.109777,11,2393;7015652,0.218043,1,2393;7018774,0.26075,1,2393;7204558,0.539524,1,2393;7205476,0.382398,17,2393;7205708,0.458568,17,2393;7214602,0.688314,16,2393;7238083,0.489982,17,2393;5655187,0.550291,15,2393;5670187,0.518335,17,2393;5683284,0.426453,1,2393;5704466,0.364476,3,2393;5727338,0.438268,15,2393;5743838,0.668813,16,2393;5756543,0.387862,11,2393;5765296,0.640292,8,2393;5767462,0.492697,3,2393;5782228,0.573628,2,2393;5796213,0.452636,8,2393;5820661,0.639009,8,2393;1891094,0.405304,16,2393;1922132,0.456617,11,2393;1923904,0.30607,8,2393;1936037,0.235828,16,2393;1945318,0.324117,8,2393;1959179,0.481584,16,2393;1962869,0.359622,17,2393;1992757,0.576058,11,2393;1994327,0.5641,15,2393;1996250,0.635138,8,2393;1998081,0.324344,0,2393;2006354,0.378412,16,2393;2014536,0.324055,16,2393;2019160,0.543212,17,2393;2047610,0.187248,1,2393;2054017,0.566178,3,2393;2073697,0.626026,16,2393;2077812,0.355971,18,2393;2085103,0.285668,3,2393;2093639,0.264153,8,2393;2116622,0.309254,17,2393;2124914,0.638172,14,2393;2128893,0.41175,17,2393;2135261,0.398703,16,2393;2156681,0.38587,15,2393;2190757,0.316595,17,2393;2201335,0.319246,17,2393;2203962,0.573305,17,2393;2208000,0.559328,13,2393;2217475,0.266182,15,2393;2218250,0.233064,8,2393;2220353,0.374531,3,2393;2275688,0.247726,15,2393;2315455,0.396233,2,2393;2321918,0.758115,1,2393;2323367,0.564979,8,2393;2345921,0.494193,16,2393;2346448,0.432498,16,2393;2399579,0.437121,3,2393;2401336,0.607563,8,2393;2435517,0.205821,14,2393;2450401,0.490834,11,2393;2475246,0.415685,17,2393;2481228,0.355857,16,2393;2494121,0.24544,16,2393;2507489,0.305023,14,2393;2529466,0.277122,16,2393;2538342,0.657998,16,2393;2550392,0.199403,17,2393;2569262,0.604361,8,2393;2604649,0.274476,12,2393;2613387,0.189956,13,2393;2624411,0.293583,17,2393;2639436,0.335504,17,2393;2648566,0.466427,2,2393;2648698,0.233444,17,2393;2663676,0.624037,3,2393;2667301,0.398065,17,2393;2683376,0.403819,17,2393;2693870,0.609877,8,2393;2694060,0.413976,13,2393;2702809,0.517832,8,2393;2707597,0.650087,10,2393;2749263,0.367786,17,2393;2770526,0.402137,14,2393;2775331,0.280652,7,2393;2807293,0.582214,16,2393;2807911,0.594272,15,2393;2842189,0.426083,17,2393;2846422,0.383893,13,2393;2852171,0.379523,13,2393;2871844,0.351847,16,2393;2877077,0.485562,17,2393;2902235,0.341974,13,2393;2910609,0.256041,3,2393;2912666,0.436035,17,2393;2915463,0.423442,3,2393;2935338,0.478051,2,2393;2978817,0.359993,16,2393;2980269,0.292082,8,2393;3001698,0.335691,10,2393;3013995,0.404469,7,2393;3032521,0.363459,2,2393;3071623,0.346795,11,2393;3114837,0.249599,14,2393;3125779,0.301101,17,2393;3176104,0.348485,16,2393;3191288,0.537287,17,2393;3213657,0.259467,17,2393;3216836,0.60007,14,2393;3224352,0.423289,8,2393;3248869,0.448945,2,2393;3251265,0.247824,1,2393;3251801,0.445025,16,2393;3261922,0.432319,2,2393;3283163,0.267964,1,2393;3312452,0.317816,1,2393;3315266,0.240738,1,2393;3331179,0.346744,17,2393;3335365,0.316654,17,2393;3369642,0.495856,8,2393;3380516,0.718474,1,2393;3383228,0.41466,13,2393;3433204,0.302624,17,2393;3461311,0.426622,17,2393;3473018,0.383877,16,2393;3485637,0.660775,8,2393;3533193,0.330297,16,2393;3535482,0.715203,3,2393;3547059,0.342571,17,2393;3565088,0.373116,17,2393;3587590,0.403827,13,2393;3620779,0.312642,8,2393;3637462,0.614333,3,2393;3639238,0.181864,5,2393;3659474,0.418786,13,2393;3662739,0.51235,13,2393;3690530,0.761545,4,2393;3697447,0.198909,8,2393;3707159,0.302452,0,2393;3716733,0.557215,17,2393;3717502,0.486175,17,2393;3730155,0.232799,3,2393;3730558,0.146806,1,2393;3741211,0.124712,17,2393;3743263,0.656262,16,2393;189347,0.512896,17,2393;192488,0.07799,11,2393;202197,0.557052,17,2393;220083,0.667108,16,2393;229217,0.488248,11,2393;231657,0.340388,17,2393;236724,0.473966,15,2393;243057,0.784517,4,2393;271938,0.260027,8,2393;303203,0.506782,2,2393;304270,0.298814,15,2393;314961,0.257021,4,2393;324168,0.339761,1,2393;1049112,0.491213,16,2393;1068992,0.491202,4,2393;1073106,0.334768,3,2393;1081830,0.362062,11,2393;1087188,0.302566,0,2393;1095112,0.166255,17,2393;1096824,0.342208,1,2393;1099270,0.584005,8,2393;1126533,0.698191,17,2393;1153433,0.256998,17,2393;1164611,0.540037,18,2393;1166827,0.599801,8,2393;1170870,0.131079,11,2393;1186466,0.44554,17,2393;1740755,0.303036,10,2393;1745079,0.261708,9,2393;1771549,0.392727,17,2393;1823128,0.3441,9,2393;1843084,0.557961,3,2393;1878915,0.482138,15,2393;358801,0.564991,16,2393;372358,0.368481,4,2393;372913,0.370675,17,2393;378695,0.255188,11,2393;396184,0.377963,17,2393;454480,0.359175,1,2393;456525,0.663316,8,2393;476049,0.359389,17,2393;476427,0.298378,11,2393;510838,0.38977,1,2393;1212118,0.620484,10,2393;1224909,0.084314,3,2393;1228274,0.655114,16,2393;1242129,0.384729,17,2393;1245492,0.542961,17,2393;1264763,0.389635,17,2393;1266630,0.764458,11,2393;1279430,0.349674,0,2393;1292495,0.557497,16,2393;1311806,0.457044,3,2393;1313051,0.243752,17,2393;1340965,0.664794,8,2393;1345123,0.548521,16,2393;1353057,0.36825,17,2393;1355507,0.46946,16,2393;1548487,0.271515,16,2393;1564427,0.303312,3,2393;1599627,0.558668,16,2393;1600187,0.270859,17,2393;1605573,0.446385,13,2393;1605909,0.443861,8,2393;1610126,0.418204,16,2393;1610241,0.429513,9,2393;1625077,0.377845,13,2393;1638972,0.669509,8,2393;1649381,0.652634,17,2393;1661277,0.560429,10,2393;1667391,0.329828,17,2393;1669282,0.377774,16,2393;1694425,0.553352,16,2393;1708374,0.450381,17,2393;27860,0.491678,16,2393;60567,0.413081,14,2393;76443,0.390859,15,2393;86122,0.498473,17,2393;127545,0.344896,14,2393;137675,0.393972,1,2393;139771,0.319583,4,2393;140407,0.342683,17,2393;141395,0.753875,1,2393;166937,0.421059,1,2393;169306,0.352124,15,2393;687303,0.443676,14,2393;691002,0.447233,16,2393;694310,0.479846,8,2393;706857,0.297184,8,2393;751997,0.641134,17,2393;752516,0.261498,17,2393;764180,0.757375,8,2393;791234,0.33366,1,2393;794896,0.382371,7,2393;795305,0.579175,8,2393;807234,0.30168,11,2393;809787,0.405147,17,2393;828260,0.369858,17,2393;842810,0.513846,16,2393;544158,0.111037,9,2393;550582,0.299837,13,2393;561248,0.489772,3,2393;626188,0.463638,17,2393;647171,0.271693,15,2393;662920,0.628881,8,2393;668453,0.633887,16,2393;685964,0.74264,11,2393;858875,0.236981,17,2393;860774,0.559671,14,2393;873239,0.431039,17,2393;876093,0.600472,8,2393;895994,0.204555,17,2393;896789,0.398154,9,2393;906207,0.306711,15,2393;929318,0.507088,17,2393;930138,0.428695,8,2393;946893,0.463065,2,2393;964706,0.576594,16,2393;967299,0.254035,2,2393;999850,0.230315,16,2393;1397070,0.245673,1,2393;1424939,0.277834,8,2393;1470824,0.572802,8,2393;1480770,0.397704,4,2393;1484575,0.69536,2,2393;1494232,0.411885,15,2393;1507348,0.548861,16,2393;1534690,0.559265,8,2393
35569478	6863129,0.237188,1,1826;6954523,0.366185,17,1826;6983054,0.507084,3,1826;6210468,0.462427,1,1826;6215353,0.509893,4,1826;6222822,0.285926,11,1826;6002080,0.240603,1,1826;6011388,0.344845,1,1826;6026619,0.450807,17,1826;6078376,0.466852,8,1826;6103106,0.239146,18,1826;6131457,0.671876,14,1826;6147179,0.53304,14,1826;6148396,0.484285,2,1826;5733575,0.436728,7,1826;5768171,0.40275,16,1826;5782807,0.273425,17,1826;5783946,0.309175,13,1826;5791605,0.253382,10,1826;5803383,0.497926,1,1826;6705796,0.45452,17,1826;6712173,0.411253,2,1826;6801127,0.462423,17,1826;6818162,0.381616,2,1826;6831237,0.276565,4,1826;7097581,0.319714,3,1826;7101568,0.353241,11,1826;7107363,0.382016,3,1826;7188961,0.313413,17,1826;6347073,0.153082,11,1826;6391265,0.015755,16,1826;6393348,0.117493,13,1826;6425748,0.442193,17,1826;6450797,0.270339,9,1826;6504187,0.651872,16,1826;7201485,0.520401,8,1826;7254339,0.378674,13,1826;7260288,0.229285,17,1826;7265528,0.298005,9,1826;7276463,0.40047,1,1826;6536211,0.262739,18,1826;6550772,0.395856,18,1826;6554320,0.328462,17,1826;6569809,0.434556,13,1826;6583662,0.358681,18,1826;6607989,0.681578,8,1826;5827767,0.300164,1,1826;5889316,0.657121,16,1826;5955816,0.182362,13,1826;5970083,0.370752,17,1826;5090352,0.496349,16,1826;5483430,0.591715,8,1826;5525394,0.503236,8,1826;5535301,0.333642,10,1826;5536979,0.481311,11,1826;5582754,0.340255,13,1826;5638058,0.462423,17,1826;4322198,0.295971,11,1826;4331854,0.365417,13,1826;4349808,0.604065,4,1826;4377630,0.337908,17,1826;4381655,0.326799,3,1826;4408740,0.453052,2,1826;4444567,0.368671,13,1826;4502476,0.659588,8,1826;4614052,0.563505,16,1826;4180400,0.327363,3,1826;4184968,0.318707,17,1826;4198127,0.210998,13,1826;4226086,0.274379,3,1826;4275018,0.53994,4,1826;4276993,0.158959,11,1826;5175335,0.451187,8,1826;3845343,0.685837,16,1826;3866824,0.37639,17,1826;3902633,0.339667,20,1826;3977766,0.310827,17,1826;3979193,0.533153,16,1826;3988234,0.201027,4,1826;4028738,0.335064,1,1826;4100821,0.398738,10,1826;5327979,0.288883,11,1826;5412824,0.680936,14,1826;5421269,0.257981,14,1826;5462029,0.365555,2,1826;4716838,0.302089,1,1826;4720052,0.147703,17,1826;4773951,0.262655,17,1826;4854372,0.358997,6,1826;4875064,0.261578,4,1826;4905511,0.259461,17,1826;4960144,0.710223,1,1826;1895530,0.692387,16,1826;1912707,0.428931,3,1826;1930117,0.211586,1,1826;1994496,0.228834,15,1826;2057293,0.41216,20,1826;2086162,0.250963,1,1826;2127499,0.480811,10,1826;2222391,0.380935,1,1826;2289028,0.406806,1,1826;2307626,0.4465,2,1826;2320217,0.257121,1,1826;2325392,0.39659,3,1826;2331648,0.242563,15,1826;2340561,0.215781,17,1826;2429085,0.30739,3,1826;2482860,0.391342,13,1826;2505077,0.589109,16,1826;2539046,0.33525,15,1826;2592482,0.384068,1,1826;2605596,0.34519,1,1826;2650699,0.198705,4,1826;2667039,0.485596,20,1826;2681140,0.302086,1,1826;2691698,0.294719,11,1826;2766076,0.571933,17,1826;2823679,0.207617,1,1826;2844507,0.457101,3,1826;2912277,0.264184,1,1826;3007953,0.312301,17,1826;3008328,0.28247,4,1826;3118823,0.126553,1,1826;3126917,0.279869,13,1826;3131130,0.487077,19,1826;3158183,0.060335,20,1826;3173758,0.360842,16,1826;3215050,0.259851,1,1826;3223801,0.361414,17,1826;3269728,0.313582,14,1826;3272488,0.301013,1,1826;3276111,0.356389,3,1826;3302603,0.372348,13,1826;3334573,0.623949,4,1826;3335557,0.316935,1,1826;3338926,0.339995,17,1826;3350502,0.588452,8,1826;3355791,0.319144,14,1826;3370740,0.468909,20,1826;3423091,0.329757,13,1826;3424585,0.623641,7,1826;3424814,0.284468,11,1826;3541860,0.367331,8,1826;3551812,0.334094,9,1826;3612593,0.400723,17,1826;3643126,0.434571,17,1826;3646913,0.286131,8,1826;3667641,0.34598,8,1826;3710640,0.399865,17,1826;1053503,0.167977,1,1826;1061388,0.825094,4,1826;1130594,0.153055,4,1826;1163499,0.354947,10,1826;1173943,0.631277,8,1826;1199584,0.317891,8,1826;36919,0.416818,4,1826;80171,0.229355,4,1826;104178,0.281566,17,1826;112382,0.356529,1,1826;358342,0.343195,16,1826;452906,0.23762,1,1826;880890,0.344673,17,1826;941668,0.289488,17,1826;997971,0.223174,1,1826;1018250,0.346121,17,1826;1561353,0.446077,8,1826;1564413,0.319536,7,1826;1578769,0.295191,18,1826;1611636,0.287699,11,1826;1627932,0.312694,11,1826;1638631,0.326128,15,1826;1694796,0.335513,13,1826;1696603,0.217659,4,1826;517827,0.511905,17,1826;533030,0.59467,17,1826;562429,0.345334,17,1826;563456,0.207229,15,1826;603753,0.374992,8,1826;635812,0.355376,18,1826;647837,0.712333,8,1826;684146,0.556458,3,1826;1715239,0.200592,1,1826;1766520,0.068661,1,1826;1774924,0.473951,17,1826;1776588,0.451393,17,1826;1877034,0.477088,11,1826;239860,0.310513,8,1826;266541,0.263593,4,1826;305017,0.258724,11,1826;320218,0.325513,17,1826;1234868,0.416699,14,1826;1265232,0.419527,14,1826;1269222,0.333571,11,1826;1311342,0.404872,13,1826;1313524,0.219279,20,1826;1431204,0.727666,16,1826;746934,0.298082,17,1826;767749,0.659222,11,1826;774682,0.394204,11,1826
35744810	4294949,0.313803,10,1554;4329956,0.29271,8,1554;4420517,0.217389,20,1554;4148402,0.260564,14,1554;4187260,0.376957,3,1554;4192954,0.26121,17,1554;4193694,0.413346,8,1554;4254737,0.253843,1,1554;4492226,0.337548,13,1554;4556439,0.38248,11,1554;4565768,0.292232,17,1554;4566102,0.208351,17,1554;4613213,0.302046,20,1554;4624529,0.241596,11,1554;5504683,0.289998,1,1554;5545198,0.289039,9,1554;5562479,0.216443,1,1554;5573377,0.366991,15,1554;5624694,0.09987,11,1554;5628022,0.448022,8,1554;5650652,0.360191,17,1554;4827021,0.461346,2,1554;4867725,0.265792,17,1554;4874614,0.347596,17,1554;4928253,0.382484,11,1554;5144121,0.434439,8,1554;5150627,0.394772,13,1554;5174673,0.113383,3,1554;5191772,0.31723,17,1554;5255503,0.429812,11,1554;5270217,0.387928,4,1554;5303032,0.351896,8,1554;3783056,0.481426,3,1554;3833187,0.489889,15,1554;3841428,0.225076,1,1554;3883222,0.481887,8,1554;3892869,0.558164,8,1554;3928184,0.403014,2,1554;4754143,0.122341,1,1554;4783952,0.301846,17,1554;5118949,0.193834,17,1554;3965395,0.291416,1,1554;3982688,0.291314,11,1554;4002840,0.364355,17,1554;4048233,0.373414,13,1554;4074999,0.437315,8,1554;4094521,0.597535,16,1554;4097304,0.443644,20,1554;5393186,0.201766,1,1554;5914142,0.231364,11,1554;5972722,0.541935,8,1554;6539112,0.312534,4,1554;6540321,0.08413,11,1554;6637136,0.406333,8,1554;5660658,0.403541,8,1554;5684255,0.460665,16,1554;5760522,0.483421,17,1554;5824108,0.311241,17,1554;7046450,0.480508,8,1554;7047432,0.365369,8,1554;7053067,0.165192,17,1554;7055095,0.40985,17,1554;7075298,0.562543,1,1554;7083526,0.201911,13,1554;7145969,0.3892,13,1554;7154144,0.203963,17,1554;7170824,0.365917,14,1554;7178652,0.494094,8,1554;7185322,0.315933,13,1554;6196313,0.331731,10,1554;6245543,0.309781,17,1554;6253506,0.290434,17,1554;6297993,0.351239,15,1554;6301313,0.292118,1,1554;6005460,0.47013,17,1554;6033599,0.355901,17,1554;6047149,0.220429,11,1554;6091414,0.484174,17,1554;6105236,0.353857,15,1554;6149566,0.487827,10,1554;6374766,0.415551,1,1554;6398476,0.450985,8,1554;6454073,0.69075,10,1554;6492280,0.369297,13,1554;6506280,0.321353,20,1554;6729024,0.379733,17,1554;6750164,0.234338,17,1554;6758709,0.463302,2,1554;6859579,0.274488,17,1554;6861215,0.196292,1,1554;6888941,0.317293,4,1554;6900750,0.396333,3,1554;7001117,0.118274,3,1554;7013733,0.359311,17,1554;7022738,0.655959,11,1554;7201209,0.585769,8,1554;7201541,0.253472,8,1554;7247481,0.221074,3,1554;7251440,0.477722,17,1554;7285419,0.354165,2,1554;7291318,0.294611,11,1554;702100,0.49234,8,1554;730303,0.511676,11,1554;753954,0.297193,1,1554;767185,0.542917,8,1554;795656,0.186755,17,1554;852678,0.258805,1,1554;55840,0.334355,13,1554;65349,0.142415,17,1554;78952,0.271442,1,1554;83885,0.438323,3,1554;1043871,0.314336,17,1554;1154057,0.355074,8,1554;1197573,0.557838,1,1554;1760448,0.346563,2,1554;1761911,0.27088,17,1554;1782318,0.29749,13,1554;1841794,0.310541,20,1554;1863349,0.366881,1,1554;1864214,0.48187,8,1554;1391227,0.446497,15,1554;1402342,0.233738,1,1554;1404094,0.27719,1,1554;1435575,0.284664,5,1554;1466052,0.58131,17,1554;1541274,0.328307,17,1554;187470,0.325046,17,1554;194894,0.313655,10,1554;276461,0.308575,11,1554;299083,0.44112,1,1554;308804,0.724422,11,1554;341748,0.245556,13,1554;1588154,0.19378,17,1554;1601144,0.598117,8,1554;1630579,0.428635,1,1554;1683037,0.327119,8,1554;1692235,0.323443,13,1554;1698268,0.322136,1,1554;523997,0.304926,11,1554;526773,0.153598,17,1554;535247,0.366463,17,1554;568363,0.280672,11,1554;613440,0.490179,8,1554;661560,0.268972,3,1554;666173,0.588429,8,1554;446718,0.370927,1,1554;1266486,0.45948,8,1554;1267010,0.326528,8,1554;1279119,0.195622,3,1554;885600,0.201677,3,1554;896153,0.502678,4,1554;911021,0.594754,8,1554;915968,0.295941,3,1554;948585,0.373005,16,1554;970144,0.225614,13,1554;1027893,0.133988,1,1554;1897953,0.560525,8,1554;1923313,0.230415,3,1554;1927740,0.134136,10,1554;1976863,0.344896,17,1554;2001996,0.259489,1,1554;2104236,0.394394,1,1554;2112832,0.387104,17,1554;2178178,0.329631,7,1554;2196419,0.201257,1,1554;2224191,0.317142,1,1554;2275202,0.391468,16,1554;2323257,0.234787,1,1554;2408074,0.451862,10,1554;2427347,0.533576,4,1554;2456081,0.351253,8,1554;2457588,0.592834,17,1554;2473705,0.225507,13,1554;2503330,0.287091,18,1554;2530984,0.352874,14,1554;2669826,0.248408,1,1554;2773243,0.420461,8,1554;2775817,0.361008,10,1554;2779993,0.338349,1,1554;2847076,0.110526,1,1554;2972296,0.523924,14,1554;2974589,0.504843,8,1554;2983872,0.287149,17,1554;2996294,0.700075,11,1554;3057876,0.15082,13,1554;3083854,0.22755,8,1554;3088427,0.338528,13,1554;3113947,0.272332,13,1554;3157137,0.229013,3,1554;3275284,0.35513,8,1554;3324033,0.404925,8,1554;3346492,0.204242,8,1554;3355032,0.196441,1,1554;3357796,0.278115,17,1554;3481744,0.530324,8,1554;3529996,0.180707,13,1554;3552388,0.386689,10,1554;3560080,0.146188,13,1554;3598665,0.365692,15,1554;3605446,0.499961,8,1554;3644249,0.579832,11,1554;3675724,0.495708,8,1554;3752335,0.194701,9,1554
36289832	3245773,0.380409,13,2248;810710,0.348669,14,2248;6206309,0.345207,14,2248
36774014	7038569,0.27748,17,174;7045025,0.259277,9,174;7047159,0.431142,13,174;7106292,0.446613,16,174;7132022,0.337945,13,174;7141728,0.314185,11,174;7152070,0.430871,17,174;7154947,0.384417,11,174;7155771,0.522545,2,174;7161370,0.287641,17,174;7179098,0.15001,9,174;6883174,0.145685,13,174;6914926,0.286006,12,174;6933422,0.268594,1,174;6947597,0.409753,17,174;6947690,0.396662,17,174;6949859,0.370251,3,174;6955207,0.2324,1,174;6955817,0.214072,9,174;6958058,0.159994,16,174;6962533,0.227071,17,174;7001734,0.311856,13,174;5824670,0.456998,8,174;5850553,0.380847,3,174;5870241,0.425182,20,174;5904699,0.54432,11,174;5908829,0.343753,7,174;5915748,0.270845,11,174;5922191,0.189443,4,174;5937039,0.346911,13,174;5966919,0.338654,17,174;5974905,0.288297,13,174;5978113,0.328818,16,174;5994116,0.329659,17,174;6172080,0.555737,11,174;6172752,0.194223,9,174;6179655,0.370741,17,174;6202438,0.613093,2,174;6251767,0.628276,3,174;6266198,0.280462,1,174;6282096,0.289449,16,174;6298105,0.221732,9,174;6303097,0.471974,11,174;6305157,0.328054,17,174;6680877,0.447079,13,174;6684462,0.177621,13,174;6690916,0.257176,17,174;6694063,0.37015,17,174;6700816,0.740003,8,174;6703583,0.490486,2,174;6752828,0.277106,1,174;6781358,0.220545,3,174;6792786,0.23756,18,174;6811967,0.134301,9,174;6819021,0.495445,13,174;6845266,0.165566,17,174;6849502,0.434786,17,174;6850354,0.305477,17,174;7196375,0.342379,17,174;7204478,0.203705,12,174;7220729,0.213644,3,174;7225094,0.167854,17,174;7239739,0.449559,14,174;7282189,0.363938,11,174;6523466,0.349701,15,174;6526856,0.39587,16,174;6530858,0.538424,8,174;6548181,0.623378,8,174;6551476,0.369746,17,174;6561079,0.275341,1,174;6584129,0.091894,3,174;6604832,0.37137,17,174;6610899,0.429886,17,174;6648242,0.364773,17,174;6678214,0.276299,13,174;5666411,0.254045,11,174;5676406,0.45308,11,174;5713110,0.2377,13,174;5733920,0.42383,2,174;5742017,0.339762,17,174;5744079,0.242304,7,174;5763306,0.345899,16,174;5776676,0.400999,17,174;5784355,0.459557,17,174;5786214,0.191794,13,174;5806627,0.301563,17,174;6013467,0.34535,3,174;6044239,0.280757,17,174;6048746,0.501228,7,174;6107418,0.60982,16,174;6120715,0.257906,12,174;6124435,0.283797,15,174;6153889,0.386473,16,174;6364367,0.641324,1,174;6388244,0.286308,3,174;6389260,0.177054,9,174;6399684,0.423441,17,174;6424785,0.362666,7,174;6424958,0.556586,3,174;6429774,0.090456,1,174;6441084,0.112237,17,174;6457851,0.33311,13,174;6478443,0.288581,16,174;4841480,0.809997,1,174;4844197,0.089497,1,174;4854320,0.79558,8,174;4889421,0.114743,4,174;4889610,0.737632,8,174;4895596,0.324087,7,174;4896412,0.376967,16,174;4898588,0.465946,20,174;4905276,0.186354,9,174;4922196,0.653461,16,174;4313948,0.518033,8,174;4331760,0.296721,16,174;4336203,0.252415,15,174;4363328,0.422572,17,174;4424188,0.177751,17,174;4443097,0.168853,1,174;5013718,0.325411,16,174;5047786,0.282752,17,174;5050020,0.248558,14,174;5072802,0.339448,13,174;5073154,0.364269,1,174;5103698,0.360158,14,174;5106160,0.496675,3,174;5117612,0.286189,17,174;5124322,0.357286,14,174;4164196,0.30435,18,174;4200623,0.44414,17,174;4233006,0.454723,1,174;4239826,0.495354,1,174;4262450,0.148175,11,174;5178016,0.264766,17,174;5185939,0.478555,17,174;5225871,0.229557,9,174;5288972,0.493052,17,174;5297875,0.402724,16,174;3772839,0.257998,13,174;3791921,0.336554,3,174;3794115,0.355708,9,174;3822950,0.36914,2,174;3868916,0.270945,10,174;3899905,0.519078,14,174;3932510,0.440164,1,174;3934639,0.244214,17,174;4456654,0.605351,3,174;4466858,0.387675,17,174;4475722,0.477156,17,174;4476345,0.470221,13,174;4478928,0.211444,17,174;4480496,0.402272,17,174;4516677,0.247992,3,174;4538277,0.371922,17,174;4568652,0.318446,11,174;4577656,0.329824,17,174;4583370,0.545529,17,174;4617232,0.524159,1,174;4621001,0.26893,17,174;4644372,0.429556,14,174;4658942,0.360654,3,174;4660368,0.312701,14,174;4667434,0.469252,17,174;4684582,0.148518,16,174;4692662,0.473437,17,174;4694767,0.338834,13,174;4709492,0.282145,17,174;4718732,0.471971,11,174;4724284,0.324175,17,174;4774390,0.455879,17,174;4791032,0.152595,17,174;5493886,0.148584,3,174;5495597,0.590226,16,174;5511363,0.382879,16,174;5550814,0.4545,17,174;5599513,0.365275,9,174;5622419,0.511148,16,174;5645329,0.068374,3,174;5319338,0.358695,17,174;5324878,0.272147,17,174;5355464,0.433911,2,174;5360961,0.303024,3,174;5365012,0.21747,17,174;5365667,0.671822,3,174;5373967,0.307747,16,174;5387006,0.437409,17,174;5387522,0.417533,1,174;5404951,0.422118,17,174;5418898,0.4609,17,174;5419937,0.440846,17,174;5473209,0.449842,13,174;3947914,0.119828,13,174;3970408,0.429351,17,174;3985511,0.419938,3,174;3986553,0.325929,17,174;4023050,0.359727,17,174;4027040,0.293542,17,174;4030454,0.547828,1,174;4073671,0.216683,3,174;4082956,0.831279,4,174;4083915,0.311975,17,174;4108802,0.115346,17,174;1031462,0.317594,1,174;1044182,0.324379,2,174;1078923,0.101813,1,174;1079122,0.255217,1,174;1115428,0.505797,17,174;1115471,0.285359,3,174;1124089,0.315813,13,174;1156437,0.415327,17,174;1161958,0.25457,17,174;1166315,0.224732,15,174;1173039,0.503881,17,174;1175515,0.196602,17,174;1182112,0.432883,16,174;1195085,0.34101,17,174;353011,0.084028,16,174;372712,0.437017,17,174;402035,0.275537,17,174;413980,0.516852,1,174;428329,0.253096,1,174;464963,0.316494,1,174;500345,0.083351,17,174;502992,0.268682,1,174;1207128,0.185425,13,174;1226148,0.259653,17,174;1240745,0.390445,17,174;1297015,0.812706,11,174;1297792,0.249343,17,174;1300992,0.353317,17,174;1315254,0.144294,9,174;1325051,0.224599,1,174;1328402,0.263395,17,174;1346967,0.23409,13,174;1358302,0.744979,8,174;1369344,0.364673,17,174;1370315,0.490509,16,174;1388575,0.225836,13,174;1414319,0.280556,17,174;1418192,0.131889,9,174;1469137,0.432553,11,174;1470037,0.337444,17,174;1481933,0.237264,14,174;871873,0.297555,14,174;877015,0.218647,3,174;890527,0.277277,3,174;914202,0.413179,16,174;937451,0.508648,11,174;940046,0.559179,3,174;945324,0.451042,13,174;946995,0.299643,1,174;971187,0.129334,17,174;988157,0.404655,17,174;1011126,0.377997,17,174;1026555,0.172937,1,174;1028102,0.392984,17,174;29323,0.414656,1,174;51062,0.290562,1,174;75239,0.48278,17,174;90346,0.523764,16,174;100064,0.268932,17,174;112095,0.447724,13,174;127446,0.365087,17,174;152378,0.175083,9,174;768947,0.547059,1,174;771286,0.175403,9,174;799090,0.703352,8,174;820084,0.319441,3,174;825888,0.240307,9,174;828997,0.323342,17,174;836499,0.384513,13,174;854202,0.32525,13,174;189800,0.319278,1,174;223349,0.373819,17,174;242978,0.464387,7,174;253721,0.373109,20,174;274246,0.473443,1,174;314085,0.230202,17,174;319273,0.28124,16,174;329569,0.519946,17,174;534665,0.543377,2,174;536113,0.313211,13,174;579771,0.311647,3,174;599873,0.455341,16,174;599932,0.506379,17,174;612922,0.157968,13,174;629955,0.182064,3,174;648547,0.208535,3,174;1725768,0.432623,1,174;1733065,0.612515,8,174;1747626,0.392887,16,174;1749623,0.402734,3,174;1772476,0.408711,17,174;1794238,0.350035,13,174;1806623,0.308559,17,174;1860051,0.248595,17,174;1547408,0.481275,3,174;1548449,0.361168,14,174;1555451,0.366697,3,174;1556644,0.245303,17,174;1580041,0.361647,17,174;1602823,0.245321,15,174;1618738,0.278141,9,174;1685434,0.424658,17,174;1690538,0.331518,18,174;1928263,0.432579,7,174;1950347,0.349305,20,174;1962555,0.219325,3,174;1966302,0.302592,14,174;1974028,0.264356,14,174;1978669,0.349229,16,174;1997413,0.67947,2,174;2011047,0.638005,16,174;2049568,0.432538,14,174;2050861,0.17501,1,174;2052824,0.287383,9,174;2067131,0.29033,15,174;2069621,0.289629,20,174;2113589,0.440654,16,174;2122155,0.268308,16,174;2141923,0.257888,17,174;2144767,0.377546,17,174;2148449,0.314335,11,174;2186132,0.680535,8,174;2223379,0.465086,13,174;2244385,0.322635,3,174;2249285,0.416108,4,174;2259301,0.536994,14,174;2299559,0.371212,16,174;2323740,0.21502,9,174;2325422,0.228334,4,174;2335338,0.31572,11,174;2373283,0.629034,8,174;2386096,0.270416,17,174;2396983,0.377389,3,174;2409108,0.287401,17,174;2428999,0.488736,17,174;2434317,0.305528,3,174;2454303,0.438682,16,174;2456173,0.406903,17,174;2553202,0.492636,3,174;2555814,0.430942,16,174;2565530,0.272612,1,174;2584526,0.375394,17,174;2604541,0.250767,16,174;2611104,0.359703,3,174;2621535,0.25291,3,174;2631655,0.500275,3,174;2656839,0.317621,17,174;2674800,0.246772,4,174;2676450,0.17291,1,174;2759171,0.346212,17,174;2805418,0.65926,15,174;2858712,0.375573,16,174;2861509,0.221327,8,174;2878472,0.21697,17,174;2906709,0.408602,1,174;2918323,0.625404,8,174;2923165,0.149505,17,174;2959736,0.228085,17,174;2979461,0.482099,17,174;3020888,0.519514,2,174;3023964,0.799594,8,174;3030301,0.330301,9,174;3039061,0.588007,3,174;3050056,0.380759,13,174;3056246,0.444474,17,174;3086616,0.262177,1,174;3115264,0.324411,3,174;3155565,0.715518,1,174;3228915,0.353433,17,174;3251463,0.229962,1,174;3295399,0.334636,17,174;3309492,0.189977,14,174;3318177,0.323165,3,174;3354048,0.387368,13,174;3389687,0.381927,5,174;3412511,0.379038,17,174;3414654,0.487999,1,174;3459236,0.367999,17,174;3462989,0.357817,16,174;3467650,0.202905,11,174;3469228,0.327006,17,174;3488164,0.157324,13,174;3509046,0.122255,9,174;3536259,0.420755,17,174;3551642,0.462408,3,174;3554103,0.607084,3,174;3603427,0.479453,3,174;3641444,0.327237,7,174;3643729,0.327295,17,174;3651576,0.425631,13,174;3652441,0.480055,17,174;3675929,0.136145,17,174;3701970,0.344663,3,174;3720890,0.439799,16,174;3735222,0.361161,16,174
37003333	4356129,0.569726,4,1559;4356296,0.436486,4,1559;4428148,0.484363,18,1559;4434287,0.748349,8,1559;4878308,0.560657,18,1559;4059044,0.568913,16,1559;5330249,0.395402,3,1559;5347891,0.428779,18,1559;5358433,0.609036,20,1559;5432185,0.166983,16,1559;6012701,0.49407,18,1559;6031910,0.509003,16,1559;6101706,0.445382,4,1559;6984820,0.447275,16,1559;7118993,0.327938,16,1559;6182811,0.620492,1,1559;6193897,0.491405,18,1559;6201267,0.502868,13,1559;6414322,0.51032,18,1559;6422490,0.334186,7,1559;7285782,0.305053,18,1559;1207187,0.246767,17,1559;1317753,0.296961,16,1559;1327950,0.199014,16,1559;1345452,0.382252,18,1559;7276,0.324851,17,1559;29344,0.750449,4,1559;46145,0.28377,1,1559;1703149,0.221609,13,1559;1385834,0.444703,3,1559;241038,0.625639,8,1559;277320,0.247552,17,1559;286749,0.518614,2,1559;367668,0.318365,16,1559;438293,0.335427,16,1559;1721880,0.279759,18,1559;1875829,0.235599,17,1559;687416,0.371459,20,1559;1015991,0.226126,17,1559;1049806,0.42736,13,1559;1149765,0.360365,13,1559;2376237,0.233063,17,1559;2521975,0.243256,1,1559;2783682,0.35648,3,1559;2872522,0.293593,13,1559;2947442,0.469038,8,1559;2948142,0.309329,16,1559;3114645,0.307215,20,1559;3397738,0.338685,5,1559;3498581,0.479978,8,1559
37859114	364998,0.553158,8,1709;1766084,0.320539,13,1709;1811658,0.41519,13,1709;1839096,0.150667,11,1709;540319,0.129992,11,1709;594572,0.517292,8,1709;613785,0.31675,1,1709;671285,0.278483,3,1709;183847,0.240939,11,1709;293258,0.626983,8,1709;321798,0.246689,13,1709;765921,0.517573,11,1709;786056,0.305796,4,1709;1044167,0.141815,17,1709;1050921,0.747725,8,1709;1137203,0.203276,3,1709;1139248,0.335955,4,1709;1171732,0.689285,8,1709;1562810,0.26758,13,1709;1656535,0.275874,3,1709;1680005,0.328739,14,1709;1683665,0.689458,8,1709;1212690,0.207333,17,1709;1244660,0.653291,16,1709;1245972,0.266944,3,1709;1256373,0.335978,10,1709;1286986,0.484379,16,1709;1306652,0.40783,20,1709;1319228,0.217575,13,1709;1348578,0.280801,13,1709;1387020,0.305898,13,1709;1394533,0.087065,13,1709;1462384,0.451434,16,1709;15136,0.250028,4,1709;39436,0.269484,13,1709;100145,0.314389,13,1709;141462,0.809998,4,1709;159510,0.385779,13,1709;1020720,0.328865,3,1709;2273860,0.363304,20,1709;2334116,0.298534,13,1709;2361013,0.292852,1,1709;2460213,0.656132,8,1709;2813228,0.637786,3,1709;3045615,0.217177,3,1709;3120806,0.419925,16,1709;3150654,0.568999,3,1709;3167007,0.259508,17,1709;3183373,0.09928,1,1709;3437072,0.440051,20,1709;3487638,0.307439,20,1709;3526873,0.212224,1,1709;3530769,0.269462,15,1709;3540939,0.2708,8,203;3547892,0.311705,18,1709;3639799,0.506577,13,1709;3712229,0.217946,11,1709;3765987,0.730416,8,1709;3778062,0.193914,17,1709;3786776,0.468133,17,1709;3856325,0.67449,8,1709;5498298,0.736983,8,1709;5519470,0.702747,8,1709;5536520,0.350643,1,1709;5629148,0.3135,4,1709;5372721,0.343665,1,1709;5376626,0.50053,14,1709;5481438,0.35142,11,1709;4686207,0.175819,17,1709;4736246,0.239139,14,1709;4782493,0.317076,3,1709;4118022,0.357815,16,1709;4184778,0.303788,1,1709;4515443,0.375371,3,1709;4590930,0.22897,1,1709;4611332,0.335105,7,1709;4004121,0.366549,16,1709;4010865,0.252858,20,1709;4111014,0.325802,15,1709;4821087,0.207904,11,1709;4410930,0.389958,20,1709;4440598,0.237464,17,1709;5153625,0.687207,14,203;5276920,0.196837,9,1709;5290133,0.186864,3,1709;5130049,0.337021,3,1709;6016880,0.456017,17,1709;6637489,0.342627,11,1709;6742353,0.509183,4,1709;6777024,0.376802,1,1709;7250621,0.287226,16,1709;7278880,0.31506,15,1709;6257922,0.49374,4,1709;6265666,0.271422,4,1709;6323374,0.689005,8,1709;5940292,0.135112,11,1709;6966182,0.237668,17,1709;5814763,0.330972,4,1709;6427262,0.125331,1,1709;7095526,0.417621,13,1709
38021317	623968,0.544706,18,1504;3714074,0.112188,20,1504;4668592,0.230803,17,1504
38201110	699942,0.201866,17,1709;714358,0.22623,20,1709;743294,0.344233,17,1709;820320,0.465989,17,1709;846812,0.290222,17,1709;13714,0.4133,14,1709;49647,0.286579,17,1709;63658,0.349507,1,1709;85945,0.252492,17,1709;86084,0.323146,1,1709;98333,0.243146,1,1709;165942,0.187009,1,1709;1487807,0.176428,17,1709;1488437,0.260014,3,1709;1534863,0.610063,8,1709;1252117,0.326685,16,1709;1285797,0.168492,17,1709;1332973,0.353381,1,1709;1347151,0.659486,3,1709;1355077,0.339754,17,1709;1588330,0.239907,15,1709;1592738,0.232394,17,1709;1652164,0.34501,13,1709;554110,0.220393,9,1709;609614,0.261713,17,1709;626949,0.458413,7,1709;653365,0.450373,13,1709;663221,0.463598,14,1709;1715251,0.22252,3,1709;1743450,0.772798,8,1709;1858302,0.371488,13,1709;1863875,0.126093,14,1709;201841,0.236481,3,1709;274091,0.143048,17,1709;319100,0.19656,1,1709;1062685,0.285456,17,1709;1090429,0.162839,1,1709;1160180,0.338898,3,1709;1166598,0.158606,3,1709;378368,0.39773,17,1709;412930,0.263958,0,1709;461022,0.806339,1,1709;484845,0.515108,14,1709;937292,0.362885,17,1709;971700,0.144441,20,1709;1006853,0.360776,13,1709;1023615,0.135888,9,1709;1892391,0.446723,3,1709;1914948,0.646876,16,1709;1938286,0.315802,1,1709;1950954,0.251896,3,1709;1962958,0.331614,20,1709;2021415,0.253668,13,1709;2027340,0.326873,4,1709;2050514,0.110664,13,1709;2105295,0.173721,17,1709;2134796,0.22508,16,1709;2177905,0.381534,3,1709;2184773,0.277789,4,1709;2241195,0.255629,15,1709;2264911,0.295315,17,1709;2266978,0.694824,8,1709;2268803,0.407641,7,1709;2304552,0.511701,17,1709;2321566,0.425926,3,1709;2372645,0.526577,8,1709;2420796,0.214315,3,1709;2464821,0.268862,16,1709;2466602,0.664909,8,1709;2478875,0.577325,14,1709;2554414,0.302992,1,1709;2587808,0.403753,10,1709;2624887,0.425533,7,1709;2643939,0.44273,13,1709;2781694,0.427352,17,1709;2788865,0.418977,7,1709;2821043,0.228359,17,1709;2825315,0.367811,13,1709;2895149,0.448131,16,1709;2914830,0.405598,8,1709;2921200,0.426278,13,1709;2928884,0.267553,11,1709;3139618,0.269109,9,1709;3155759,0.197581,1,1709;3172062,0.328913,13,1709;3186405,0.196774,1,1709;3188576,0.314003,17,1709;3203647,0.340355,1,1709;3266603,0.323471,3,1709;3267197,0.261875,6,1709;3306197,0.258291,1,1709;3357360,0.329132,18,1709;3485418,0.081106,9,1709;3486068,0.174479,17,1709;3496835,0.242837,3,1709;3498479,0.345572,7,1709;3499789,0.280795,17,1709;3505245,0.157474,9,1709;3622937,0.372462,17,1709;3628970,0.345462,20,1709;3640773,0.350234,20,1709;3663508,0.345031,11,1709;3685403,0.55567,3,1709;3751933,0.33752,17,1709;5358803,0.298557,13,1709;5427238,0.133414,11,1709;5455752,0.377429,3,1709;5474111,0.37441,13,1709;5507207,0.194919,17,1709;5574341,0.334987,16,1709;5617721,0.334636,4,1709;4978906,0.373706,13,1709;4984380,0.226495,9,1709;5002110,0.501541,20,1709;5066992,0.240607,15,1709;5071069,0.381384,3,1709;5076883,0.367206,3,1709;5122005,0.285816,7,1709;5123423,0.469146,13,1709;3775195,0.447953,0,1709;3834222,0.643979,8,1709;4135019,0.381443,1,1709;4148439,0.472148,13,1709;4155559,0.239499,8,1709;4208304,0.263482,1,1709;4215463,0.213108,7,1709;4267063,0.298481,3,1709;4738462,0.273664,1,1709;4755804,0.277316,3,1709;4763507,0.240063,13,1709;4303186,0.311057,17,1709;4350265,0.115643,1,1709;4418174,0.355943,20,1709;4419478,0.296771,1,1709;4439042,0.323594,17,1709;3971447,0.315323,7,1709;3998656,0.094071,1,1709;4029799,0.411165,13,1709;4049825,0.192232,7,1709;4109672,0.195484,3,1709;5174905,0.292771,17,1709;5257929,0.362236,1,1709;5265895,0.341766,13,1709;5295100,0.188321,17,1709;4469379,0.262407,1,1709;4526321,0.318242,3,1709;4536696,0.315697,3,1709;4568625,0.289769,3,1709;4573990,0.086319,13,1709;4617981,0.375891,13,1709;4802287,0.502226,14,1709;4901429,0.361398,13,1709;6552798,0.257328,3,1709;6583912,0.232638,17,1709;6586618,0.059053,13,1709;6615407,0.24252,9,1709;6624353,0.347837,3,1709;6630013,0.216074,17,1709;6631473,0.213105,1,1709;6678255,0.165342,4,1709;5699913,0.229496,15,1709;5791731,0.713121,8,1709;6178851,0.155001,1,1709;6285976,0.219466,13,1709;6300875,0.34044,17,1709;6700771,0.380873,16,1709;6707447,0.437386,3,1709;6732970,0.30914,1,1709;6817878,0.291748,11,1709;6829512,0.269392,17,1709;6848862,0.258689,17,1709;6354066,0.363402,1,1709;6424594,0.295925,13,1709;6465244,0.292003,3,1709;6506742,0.406932,13,1709;6866708,0.43788,1,1709;6883834,0.427538,13,1709;6918667,0.088309,16,1709;6951217,0.221399,9,1709;5926252,0.329313,1,1709;5934485,0.261497,1,1709;5937130,0.688579,16,1709;5964008,0.370792,1,1709;5977247,0.394785,3,1709;5997125,0.339599,3,1709;6028108,0.074223,17,1709;6060229,0.415883,8,1709;6084608,0.247628,17,1709;6096955,0.125161,17,1709;6105721,0.394855,3,1709;6110104,0.131617,17,1709;6116092,0.381154,3,1709;7043441,0.509738,2,1709;7078087,0.365604,9,1709;7108038,0.404321,3,1709;7162187,0.190995,1,1709;7228849,0.084691,17,1709;7254131,0.432618,13,1709
38371374	4406395,0.427827,16,3000;5506458,0.630167,16,3000;4640103,0.453961,16,3000;4608752,0.386735,16,3000;4843655,0.167414,13,3000;4090450,0.206193,1,3000;5658275,0.162912,3,3000;5781527,0.318895,16,3000;6176899,0.427938,16,3000;6325113,0.076746,16,3000;6038107,0.456824,16,3000;6069525,0.337332,16,3000;6153517,0.269073,11,3000;6373931,0.331587,4,3000;6400114,0.458427,16,3000;6707745,0.291595,17,3000;6904034,0.350569,16,3000;6640264,0.318681,17,3000;563533,0.260395,16,3000;1732551,0.487203,16,3000;1800980,0.314174,16,3000;337825,0.383665,16,3000;1645405,0.391863,16,3000;1657399,0.517781,16,3000;60525,0.395194,16,3000;1538829,0.360492,16,3000;1975136,0.548354,16,3000;2019643,0.247744,16,3000;2073117,0.482094,16,3000;2502687,0.421343,16,3000
38523095	1739505,0.612648,8,263;1126138,0.374449,7,263;1155554,0.382978,8,263;1314658,0.450643,13,263;276507,0.506315,8,263;292118,0.634699,14,263;895656,0.38825,8,263;597167,0.672409,10,263;743535,0.532667,14,263;826265,0.402554,11,263;850766,0.561141,8,263;2162857,0.40033,14,263;2872570,0.215982,1,263;3686102,0.449963,8,263;4388566,0.313707,18,263;5520735,0.374348,14,263;5622508,0.56507,8,263;5080179,0.408299,14,263;4933966,0.288605,17,263;4951870,0.500004,8,263;5321114,0.645563,8,263;7048882,0.232851,20,263;7153731,0.408478,14,263;6150840,0.243723,15,263;6577495,0.404988,16,263;6675272,0.518177,8,263;6247704,0.32336,4,263;6888885,0.654332,8,263;6759572,0.582717,8,263;6818093,0.27857,17,263
38715242	2376144,0.255454,1,898;2587986,0.471338,14,898;3010570,0.163201,13,898;1722498,0.533124,8,898;1792497,0.238664,14,898;3817316,0.306376,13,898;4575589,0.637465,8,898;4078095,0.637141,8,898;4180428,0.531226,8,898
39077352	3787057,0.499898,17,1121;3795461,0.206643,3,1121;3813551,0.36565,17,1121;3829076,0.581351,15,1121;3836136,0.427643,15,1121;3839989,0.321361,4,1121;3860672,0.274772,1,1121;3873948,0.670486,10,1121;3874461,0.463397,13,1121;3884060,0.317508,3,1121;3917784,0.478231,13,1121;5149148,0.391999,17,1121;5171210,0.394156,17,1121;5200924,0.464769,13,1121;5205571,0.279159,8,1121;5224019,0.348571,7,1121;5264086,0.397211,17,1121;4459292,0.113109,1,1121;4505796,0.139053,3,1121;4522233,0.356575,3,1121;4528340,0.250904,1,1121;4533431,0.491847,3,1121;4541953,0.328661,1,1121;4544871,0.699744,4,1121;4579803,0.435663,14,1121;4978971,0.527741,1,1121;4980910,0.393073,17,1121;5001275,0.514091,10,1121;5005445,0.428996,1,1121;5059972,0.266265,10,1121;5065669,0.323451,15,1121;5076465,0.1989,17,1121;5122191,0.443414,1,1121;5502960,0.328244,13,1121;5503482,0.460079,11,1121;5578342,0.522453,1,1121;5634001,0.209133,14,1121;5635249,0.282953,1,1121;4905967,0.622146,8,1121;3965078,0.200786,17,1121;3971901,0.674653,16,1121;4104196,0.498428,4,1121;4649778,0.094788,3,1121;4691410,0.304914,11,1121;4698220,0.355904,3,1121;4699066,0.503235,13,1121;4713008,0.389529,17,1121;4755487,0.463546,10,1121;4362219,0.380237,17,1121;4398591,0.14334,1,1121;4401189,0.286501,15,1121;4409688,0.405218,17,1121;4150494,0.338614,11,1121;4190416,0.368391,17,1121;4211715,0.587487,8,1121;4222223,0.535565,15,1121;4247090,0.503764,1,1121;4248223,0.296895,10,1121;5310470,0.362424,13,1121;5350005,0.308788,17,1121;5395465,0.398865,17,1121;5444169,0.441448,8,1121;5444616,0.131043,3,1121;5463109,0.517957,7,1121;5472106,0.3336,13,1121;6699576,0.450267,2,1121;6706899,0.317156,4,1121;6714714,0.141516,6,1121;6737248,0.537144,11,1121;6743975,0.475648,2,1121;6760494,0.177008,7,1121;6762706,0.44048,16,1121;6775851,0.613419,4,1121;6780225,0.425763,7,1121;6793070,0.566073,11,1121;6818629,0.259976,5,1121;6006344,0.290354,20,1121;6050153,0.368655,17,1121;6054700,0.267428,4,1121;6055255,0.680689,8,1121;6060379,0.4016,1,1121;6095317,0.136354,17,1121;6122733,0.348788,17,1121;6132714,0.311602,4,1121;6149325,0.112998,20,1121;7223673,0.67867,8,1121;7261453,0.331522,17,1121;7282691,0.369048,17,1121;5685731,0.284988,1,1121;5691536,0.233142,17,1121;5728106,0.280684,1,1121;5780119,0.394819,17,1121;5787567,0.452294,4,1121;5797919,0.24637,13,1121;5800537,0.256034,17,1121;6521483,0.830811,4,1121;6571151,0.395893,18,1121;6660702,0.591813,17,1121;6672248,0.347159,14,1121;7030959,0.26372,1,1121;7043071,0.680515,8,1121;7135330,0.146081,9,1121;7137016,0.328399,1,1121;5832835,0.405432,17,1121;5844380,0.604309,11,1121;5847802,0.347766,17,1121;5858276,0.292478,17,1121;5897695,0.406058,8,1121;5931942,0.288293,10,1121;5983245,0.157395,9,1121;6186576,0.334973,1,1121;6219421,0.431992,7,1121;6228323,0.320026,3,1121;6236668,0.056795,1,1121;6272427,0.261557,6,1121;6336544,0.431552,1,1121;6364453,0.323546,17,1121;6413672,0.750739,11,1121;6468938,0.218241,3,1121;6485280,0.48379,1,1121;6502293,0.45485,16,1121;6507458,0.329734,15,1121;911966,0.430455,13,1121;1002230,0.413135,8,1121;1011345,0.301483,1,1121;1017124,0.317148,1,1121;1212441,0.431946,4,1121;1252602,0.386796,4,1121;1271747,0.303909,17,1121;1282415,0.646785,8,1121;1309879,0.357055,17,1121;1364212,0.227881,17,1121;1364939,0.429306,1,1121;1367429,0.372914,10,1121;1545000,0.309029,13,1121;1604033,0.315339,17,1121;1687004,0.318521,6,1121;1691999,0.346661,15,1121;213020,0.156127,17,1121;224005,0.417039,3,1121;235065,0.311977,1,1121;243635,0.633222,13,1121;698891,0.478821,11,1121;718650,0.356779,20,1121;722949,0.292617,3,1121;740704,0.230681,3,1121;755635,0.314634,1,1121;761028,0.658427,6,1121;771979,0.283974,7,1121;839350,0.358061,4,1121;1037036,0.38414,17,1121;1083936,0.375554,1,1121;1092199,0.208861,3,1121;1094004,0.428199,14,1121;1105818,0.416489,7,1121;1107608,0.43772,4,1121;1176622,0.303088,1,1121;1475570,0.428465,17,1121;1488775,0.229023,1,1121;1510573,0.272858,10,1121;547180,0.17366,1,1121;568079,0.414137,18,1121;575736,0.371834,17,1121;605866,0.493697,1,1121;637674,0.256154,1,1121;641927,0.429357,3,1121;1838031,0.324896,11,1121;1869212,0.478943,1,1121;1879746,0.243788,11,1121;357079,0.307653,11,1121;380673,0.398172,13,1121;414290,0.392734,16,1121;419067,0.307237,3,1121;445916,0.258974,6,1121;485843,0.510646,13,1121;492927,0.506579,1,1121;10919,0.612035,10,1121;15840,0.329568,17,1121;16817,0.659833,8,1121;48346,0.196481,20,1121;82790,0.370389,10,1121;127959,0.304753,11,1121;130803,0.078033,16,1121;165979,0.512033,1,1121;1896619,0.675181,8,1121;1922559,0.607651,4,1121;1954562,0.390748,11,1121;2026037,0.356024,13,1121;2056409,0.070433,7,1121;2070711,0.527587,4,1121;2120257,0.400899,3,1121;2143066,0.37853,16,1121;2150097,0.321599,4,1121;2168228,0.464859,20,1121;2187003,0.244914,8,1121;2219994,0.461358,2,1121;2248064,0.160227,4,1121;2250058,0.382005,14,1121;2306665,0.362535,1,1121;2373004,0.326347,13,1121;2378866,0.279292,13,1121;2408215,0.35999,17,1121;2426798,0.310538,15,1121;2470157,0.374413,17,1121;2493865,0.388644,18,1121;2549953,0.243102,17,1121;2607511,0.62469,17,1121;2672178,0.632735,8,1121;2678745,0.216254,11,1121;2686134,0.208096,13,1121;2686292,0.82521,4,1121;2741395,0.327359,13,1121;2781942,0.347862,11,1121;2795471,0.562499,15,1121;2831101,0.621511,8,1121;2882332,0.424836,14,1121;2883482,0.51972,10,1121;2892456,0.242581,17,1121;2995710,0.285029,17,1121;3036720,0.089435,7,1121;3041222,0.435138,8,1121;3060780,0.328744,14,1121;3084304,0.360676,4,1121;3090953,0.115729,13,1121;3132534,0.746629,18,1121;3167986,0.380701,7,1121;3175500,0.356622,10,1121;3252813,0.669117,4,1121;3284202,0.37156,13,1121;3290339,0.669871,8,1121;3295440,0.453806,17,1121;3301344,0.449212,17,1121;3357178,0.408777,14,1121;3370255,0.528045,18,1121;3385092,0.353826,15,1121;3431322,0.223118,1,1121;3433088,0.451999,10,1121;3453685,0.601709,8,1121;3462418,0.507348,13,1121;3482380,0.680541,4,1121;3500569,0.57473,13,1121;3544883,0.345245,3,1121;3549551,0.548128,11,1121;3566839,0.420916,4,1121;3567320,0.28592,14,1121;3599373,0.430823,13,1121;3616393,0.707524,8,1121;3620278,0.355641,11,1121;3636588,0.165839,17,1121;3713170,0.322461,1,1121;3723512,0.151978,9,1121;3742793,0.214979,4,1121;3762662,0.646437,8,1121
39516322	6776459,0.346196,8,174;6795512,0.318454,4,174;6019862,0.294636,4,174;6221950,0.268908,4,174;6233919,0.299782,4,174;5977107,0.284833,4,174;6882284,0.339563,1,174;6914893,0.342241,1,174;6992000,0.283005,4,174;7038348,0.285243,4,174;7072280,0.386768,17,174;6535982,0.732429,4,174;6563749,0.276819,4,174;7223920,0.333267,5,174;5686971,0.386764,13,174;5811642,0.359113,4,174;6477943,0.051219,17,174;6495389,0.244508,17,174;5488305,0.278675,17,174;5510146,0.349177,4,174;5577551,0.316812,17,174;4706374,0.416336,4,174;4794274,0.320326,20,174;4601683,0.395648,4,174;4016929,0.363573,4,174;5411962,0.339353,4,174;5428318,0.163147,13,174;5478854,0.272155,4,174;3832140,0.196832,17,174;4173684,0.477767,4,174;4242132,0.348521,5,174;4267702,0.277301,17,174;5005462,0.335821,13,174;5011744,0.306587,5,174;4335919,0.336348,4,174;4453073,0.285582,17,174;4830451,0.85502,4,174;4910064,0.20944,17,174;2096701,0.169151,17,174;2112440,0.32045,4,174;2114832,0.438578,17,174;2427151,0.268319,4,174;2500332,0.233924,1,174;2522292,0.284212,4,174;2553188,0.142945,1,174;2640185,0.396001,4,174;2714119,0.404267,4,174;2937658,0.208204,8,174;2953524,0.434331,4,174;3181339,0.299168,11,174;3257246,0.295746,17,174;3395607,0.294399,4,174;3455636,0.432973,18,174;3468972,0.268058,4,174;3584850,0.173703,17,174;3598390,0.337188,13,174;878685,0.345259,13,174;903332,0.393158,13,174;976776,0.203384,19,174;38404,0.358174,4,174;131640,0.263569,17,174;143433,0.18817,17,174;1292596,0.141971,13,174;1363369,0.283909,4,174;225522,0.153966,13,174;234163,0.268687,17,174;290541,0.428127,4,174;297320,0.995619,4,174;1572655,0.493038,19,174;1407721,0.497814,4,174;1469303,0.275922,5,174;1529067,0.426946,4,174;668676,0.318382,1,174;379788,0.364852,4,174;477048,0.223202,17,174;856516,0.131967,17,174
40108568	6393205,0.42511,18,432;6002503,0.113176,17,432;5400782,0.797215,11,432;5413418,0.245556,13,432;4976561,0.405545,13,432;3975438,0.294774,4,432;4763230,0.820118,4,432;4356735,0.384583,14,432;3871389,0.432813,13,432;4921826,0.204061,1,432;2542157,0.541488,4,432;2724125,0.218949,1,432;3009701,0.405038,13,432;3579134,0.633811,8,432;817433,0.152505,17,432;1351083,0.104762,13,432;1093141,0.517788,4,432;1184057,0.464181,8,432;1561553,0.253186,4,432;556853,0.388534,4,432;52445,0.508788,4,432
41113215	2019470,0.461896,18,898;2709591,0.443897,10,898;2778240,0.570193,18,898;4805960,0.3179,18,898;3752217,0.407772,4,898;4351741,0.182768,18,898;5038330,0.418207,18,898;5314701,0.153464,17,898;5450846,0.3785,18,898;5514642,0.487663,18,898;7053657,0.318258,18,898
41204571	1979751,0.260493,17,1554;2145648,0.160063,3,1554;2175987,0.351193,7,1554;2190225,0.255363,1,1554;2363645,0.238767,13,1554;2374459,0.347066,9,1554;2409747,0.489316,17,1554;2669114,0.267578,9,1554;2689039,0.31692,1,1554;2853254,0.328401,18,1554;2971002,0.644924,3,1554;2983480,0.303361,3,1554;3073890,0.3981,13,1554;3132770,0.709915,8,1554;3342084,0.403576,3,1554;3481359,0.323095,13,1554;3519250,0.271293,18,1554;3531829,0.206863,13,1554;3533745,0.34287,13,1554;3543586,0.321731,1,1554;3551277,0.279418,1,1554;9436,0.665461,8,1554;138495,0.335883,11,1554;378210,0.387643,17,1554;413145,0.287519,4,1554;480877,0.182559,20,1554;641090,0.579784,16,1554;684160,0.380724,11,1554;732585,0.34166,17,1554;1252810,0.221076,3,1554;1072796,0.246752,1,1554;1159975,0.354224,3,1554;1564078,0.201108,9,1554;1574323,0.349929,17,1554;204400,0.251499,14,1554;299475,0.328057,13,1554;323182,0.285043,14,1554;1512325,0.728051,8,1554;1524989,0.413639,17,1554;1529748,0.238662,17,1554;1720373,0.311334,17,1554;1779503,0.288675,7,1554;1786615,0.356043,7,1554;1788218,0.476881,13,1554;1808757,0.220927,17,1554;1843664,0.366181,1,1554;1851053,0.228806,14,1554;6861371,0.636824,11,1554;6959929,0.259709,17,1554;6988109,0.382488,13,1554;6996268,0.215046,11,1554;6007110,0.277538,17,1554;6105656,0.736498,8,1554;6120267,0.396738,1,1554;6133116,0.526682,17,1554;6370230,0.238617,15,1554;6416975,0.198291,17,1554;6433357,0.685292,8,1554;6457917,0.237217,1,1554;6689500,0.196324,3,1554;6754809,0.151053,17,1554;6843758,0.453548,13,1554;7147424,0.159142,17,1554;5826985,0.500431,13,1554;5877640,0.341552,13,1554;6207883,0.454265,2,1554;6238078,0.261023,17,1554;6305297,0.819523,4,1554;6525092,0.777517,8,1554;6549089,0.201247,11,1554;5716682,0.296185,4,1554;4491048,0.297019,11,1554;4605348,0.213713,17,1554;4826719,0.408813,1,1554;4880633,0.544051,14,1554;4901414,0.322685,3,1554;4309886,0.394485,4,1554;4347917,0.379089,14,1554;4382954,0.247801,11,1554;4389184,0.705849,8,1554;4415118,0.22297,18,1554;3854548,0.399959,13,1554;5083375,0.200679,15,1554;5102251,0.214918,17,1554;3728162,0.315963,1,1554;4720990,0.239595,1,1554;4750719,0.231759,9,1554;4751947,0.463987,11,1554;5259854,0.229654,13,1554;4117160,0.254871,4,1554;4172871,0.313017,17,1554;4230435,0.237816,1,1554;4236070,0.186351,1,1554;4246568,0.323336,4,1554;4263399,0.27884,1,1554;4280464,0.263341,1,1554;5361102,0.21287,17,1554;5404243,0.377025,7,1554;5416770,0.325649,4,1554;5482063,0.260507,11,1554;5495855,0.255107,1,1554;5566658,0.173728,17,1554
42160747	7043668,0.322642,9,174;7050143,0.243381,17,174;7092517,0.285614,17,174;7154724,0.365729,17,174;7175504,0.245642,13,174;7202628,0.23312,3,174;7202691,0.497237,3,174;7241007,0.261911,8,174;7268018,0.384287,17,174;5654346,0.450932,16,174;5678099,0.135567,17,174;5680316,0.414993,16,174;5718913,0.148784,17,174;5755419,0.29491,17,174;5769666,0.468926,3,174;5778106,0.279765,17,174;5807300,0.346714,3,174;6699431,0.284006,16,174;6824336,0.508046,7,174;6575300,0.21063,17,174;6606495,0.454446,17,174;6614214,0.35567,17,174;6635192,0.182962,17,174;6647072,0.125435,3,174;6660946,0.236003,20,174;6408221,0.705164,8,174;6421055,0.265568,17,174;6470336,0.625587,17,174;6476970,0.424937,16,174;6479511,0.504754,8,174;6492116,0.394092,17,174;6167781,0.285244,17,174;6227181,0.198843,17,174;6261388,0.125994,11,174;6263635,0.250986,16,174;6308631,0.410372,17,174;6313890,0.091622,4,174;6318111,0.244653,3,174;5826400,0.342145,17,174;5837188,0.248007,4,174;5848126,0.440288,17,174;5907383,0.324431,17,174;5913804,0.475537,16,174;5969382,0.198151,17,174;5993607,0.438737,17,174;6968699,0.203436,9,174;6970085,0.4292,17,174;7014242,0.35331,16,174;6032471,0.26139,11,174;6034474,0.22953,4,174;6047849,0.328276,1,174;6058623,0.163394,17,174;6087020,0.449793,0,174;6138244,0.193804,1,174;6145022,0.196659,13,174;5312165,0.326554,11,174;5343298,0.368044,1,174;5415908,0.223544,1,174;5440830,0.281369,1,174;5452158,0.295892,17,174;3807720,0.274816,17,174;3826374,0.168852,9,174;3833527,0.357304,13,174;3872794,0.610171,8,174;3882516,0.314258,1,174;3922485,0.370322,13,174;4821822,0.441533,16,174;4912326,0.356023,3,174;5482043,0.242863,13,174;5500707,0.290454,1,174;5513230,0.506997,15,174;5539442,0.33048,7,174;5565424,0.204625,16,174;5594592,0.327036,17,174;5616736,0.4029,3,174;5636960,0.290129,11,174;5644354,0.182705,17,174;4119406,0.216136,17,174;4130671,0.259745,4,174;4139905,0.126811,17,174;4143834,0.690544,8,174;4152621,0.39349,10,174;4182836,0.332238,1,174;4216130,0.790783,8,174;4249459,0.71413,8,174;4273313,0.297975,3,174;4277299,0.464144,17,174;4465607,0.308159,9,174;4549696,0.18222,17,174;4612830,0.435385,17,174;3993840,0.374976,0,174;4064276,0.232526,17,174;4085438,0.492869,16,174;5142656,0.247604,16,174;5173326,0.338193,11,174;5227186,0.226418,13,174;5228149,0.38329,17,174;5266971,0.387224,17,174;5273175,0.318195,17,174;4682405,0.272634,3,174;4699897,0.278038,6,174;4708867,0.211489,17,174;4713254,0.364285,17,174;4729422,0.458953,3,174;4745342,0.247755,17,174;4771475,0.230007,3,174;5029281,0.239819,17,174;5042628,0.219761,17,174;5058107,0.4622,3,174;5072740,0.333219,1,174;5122139,0.239463,3,174;4312438,0.447505,8,174;4383909,0.213841,15,174;4421880,0.05165,9,174;4452923,0.17312,1,174;1646546,0.276839,17,174;1661322,0.718788,8,174;1676542,0.326908,7,174;1711322,0.436225,17,174;344834,0.162108,17,174;373400,0.224118,1,174;385614,0.339407,13,174;425618,0.356673,17,174;449798,0.230516,3,174;456340,0.494158,20,174;1211017,0.268201,17,174;1218852,0.401663,13,174;1298699,0.497564,3,174;1322095,0.248839,17,174;1370603,0.366659,17,174;1371396,0.268364,17,174;757442,0.314123,17,174;763371,0.428414,13,174;802856,0.503843,13,174;827470,0.25009,11,174;855865,0.556465,20,174;1416325,0.369047,7,174;1487311,0.212444,9,174;1532897,0.337589,17,174;1765783,0.341304,17,174;1768568,0.461546,4,174;1785645,0.458221,16,174;1839769,0.768181,8,174;1851035,0.285309,17,174;51868,0.351754,17,174;91508,0.231493,9,174;135797,0.517285,11,174;225519,0.313683,3,174;231622,0.267535,11,174;266565,0.33838,17,174;282214,0.272972,16,174;544697,0.135765,1,174;616498,0.33579,1,174;639752,0.211005,13,174;986532,0.295533,14,174;1015340,0.06881,9,174;1031615,0.134006,17,174;1051275,0.45411,17,174;1080540,0.303317,9,174;1131754,0.417432,17,174;1885999,0.40978,13,174;1981479,0.053293,3,174;1994657,0.752612,8,174;1994769,0.337439,16,174;2027973,0.206042,3,174;2034369,0.140287,17,174;2049393,0.293004,20,174;2064722,0.414115,17,174;2072259,0.43668,3,174;2093397,0.235075,13,174;2131013,0.287719,1,174;2146800,0.060039,9,174;2189284,0.20996,1,174;2228998,0.324024,17,174;2271477,0.607537,1,174;2279287,0.388096,17,174;2408409,0.366069,11,174;2413655,0.258052,1,174;2418697,0.237369,13,174;2453243,0.421211,17,174;2483964,0.284439,7,174;2666873,0.314837,17,174;2694850,0.378743,17,174;2711260,0.31474,17,174;2760294,0.419612,17,174;2785779,0.339512,3,174;2829548,0.493286,3,174;2844147,0.502344,16,174;2909458,0.362434,3,174;2915957,0.609011,8,174;2919316,0.414526,17,174;2922099,0.11097,1,174;2933444,0.309339,17,174;2939725,0.244091,17,174;2956206,0.335801,13,174;2973586,0.297755,11,174;3034116,0.328045,1,174;3047628,0.655839,16,174;3063279,0.26211,17,174;3110661,0.327586,13,174;3159130,0.268698,17,174;3159400,0.265613,17,174;3187866,0.364991,14,174;3189148,0.433915,17,174;3236854,0.220585,17,174;3269009,0.172315,17,174;3308706,0.310721,13,174;3311606,0.277863,3,174;3361404,0.220024,17,174;3383151,0.164972,13,174;3386417,0.265135,3,174;3425618,0.313108,17,174;3469723,0.14416,9,174;3473501,0.350685,20,174;3491687,0.228388,3,174;3515397,0.438909,13,174;3526784,0.750583,1,174;3558318,0.339847,17,174;3625543,0.356825,17,174;3631511,0.262228,17,174;3689891,0.224302,8,174;3700217,0.707458,8,174
42511776	5489219,0.528584,17,433;5498670,0.409714,13,433;5510291,0.321234,16,328;5515531,0.320053,17,328;5522173,0.289805,17,328;5538354,0.467473,17,328;5546063,0.408845,17,328;5548721,0.321892,1,328;5567479,0.440613,10,433;5577186,0.080482,13,433;5585013,0.409162,17,433;5614327,0.276599,1,328;5625400,0.261022,16,433;3779362,0.543023,16,433;3785549,0.198312,6,328;3808354,0.244259,15,433;3809279,0.220898,9,328;3811354,0.178331,4,433;3908815,0.266,17,328;3913825,0.559405,16,433;3933935,0.370082,17,433;5313487,0.376348,11,433;5316742,0.201746,4,433;5320477,0.541359,17,433;5328598,0.622919,16,433;5329112,0.386281,16,433;5364171,0.280789,17,328;5396099,0.640597,8,328;5418331,0.516871,16,433;5427098,0.42393,14,328;5427910,0.58161,8,328;5435314,0.589544,14,328;5436482,0.191267,17,328;5463006,0.243237,1,433;5473583,0.342641,2,328;4469219,0.301682,11,328;4473618,0.336,17,433;4479946,0.0526,17,433;4488573,0.323475,17,328;4490273,0.251804,17,433;4496817,0.337381,13,433;4497186,0.472878,11,328;4507262,0.205089,18,328;4525581,0.357914,3,433;4528949,0.124078,13,433;4546837,0.384168,16,433;4552149,0.063297,11,433;4557396,0.718653,4,433;4567101,0.232632,2,433;4580451,0.398469,13,433;4591071,0.367013,17,328;4602389,0.054438,1,433;4606109,0.37359,13,433;4611237,0.64259,8,433;4630333,0.338627,15,433;4631604,0.308185,13,433;4654554,0.237108,17,328;4666042,0.350932,13,433;4670579,0.340515,16,433;4679148,0.275955,17,433;4684465,0.611735,14,433;4703234,0.157598,17,433;4705784,0.247936,1,433;4709428,0.381302,14,433;4736425,0.310238,11,433;4740004,0.251449,17,433;4778685,0.693244,8,328;4789731,0.605616,16,433;5139503,0.088111,11,328;5142635,0.253952,17,433;5148784,0.434487,11,328;5191002,0.555035,8,433;5197058,0.402999,8,433;5207618,0.374264,8,328;5238265,0.378074,17,433;5238815,0.522266,3,433;5240897,0.34075,16,433;5250973,0.383405,11,328;5257169,0.221122,1,433;5267102,0.381703,17,328;4288106,0.065059,17,433;4324826,0.192856,17,433;4333392,0.441256,8,433;4343342,0.506615,17,433;4369949,0.45772,16,433;4389042,0.232616,17,328;4410895,0.288834,11,433;4424013,0.336249,10,433;4426323,0.237329,13,328;4448825,0.471274,17,433;4451019,0.489046,11,433;4799017,0.293941,11,328;4822291,0.29811,13,433;4846759,0.430703,17,433;4859529,0.232478,8,433;4865677,0.57631,1,433;4881844,0.349933,13,328;4886953,0.300447,17,433;4887697,0.685944,16,433;4911165,0.443863,13,433;4916234,0.0963,13,433;4940159,0.459592,16,433;4942427,0.223253,9,433;4945977,0.091067,11,328;4966041,0.422213,8,433;4119734,0.254566,13,328;4130836,0.222443,1,328;4134714,0.23935,17,328;4137525,0.597792,16,328;4160405,0.427819,1,328;4161234,0.721123,8,433;4168717,0.370645,13,433;4189730,0.260001,16,433;4209060,0.507813,17,433;4224730,0.510819,16,433;4227314,0.467981,16,328;4266693,0.225008,1,328;4282178,0.636102,16,433;3943439,0.333888,8,328;3951597,0.184692,11,433;3955689,0.368735,8,433;3978679,0.270059,17,328;3991327,0.025734,17,433;3997049,0.233638,17,433;4004677,0.156768,17,328;4022707,0.269505,8,328;4066262,0.745083,4,433;4105630,0.368644,4,328;4108517,0.398369,16,433;4981831,0.696615,16,433;4999722,0.694311,16,433;5027695,0.223623,1,328;5028092,0.441285,17,433;5031652,0.494948,17,433;5034155,0.467095,2,328;5039075,0.303389,0,433;5042609,0.246545,16,433;5064322,0.224306,1,328;5078175,0.362651,8,433;5084189,0.339586,4,433;5094518,0.309667,13,433;5102732,0.176725,17,328;5114166,0.448733,16,433;5125077,0.194404,16,433;5137476,0.309016,11,433;6680830,0.396783,16,433;6688635,0.833302,11,328;6690105,0.270471,17,433;6693737,0.32471,13,433;6693809,0.041028,1,328;6740309,0.310269,11,328;6754826,0.364886,11,328;6760299,0.429477,0,433;6787670,0.013721,17,328;6821921,0.272787,6,433;6823866,0.473965,16,433;6862615,0.328568,16,433;6882327,0.411718,1,433;6906120,0.460165,17,433;6913062,0.148111,16,433;6919789,0.491731,1,433;6923330,0.256226,17,328;6342901,0.498995,16,328;6346418,0.131147,9,433;6360319,0.39422,16,433;6364581,0.345086,1,433;6377935,0.41148,18,433;6402085,0.398386,14,328;6422966,0.453129,13,328;6427625,0.33729,17,433;6429568,0.227765,13,328;6458115,0.325336,18,433;6480870,0.493689,14,433;6484616,0.376593,17,328;6501410,0.316409,17,433;6505641,0.379155,9,433;6026134,0.290465,13,433;6028136,0.362678,16,433;6029026,0.488267,8,328;6085690,0.575952,16,433;6097775,0.123766,16,433;6144353,0.411603,16,433;6146488,0.456336,10,433;7215213,0.270157,11,433;7230393,0.323773,7,433;7230595,0.171273,4,328;7232128,0.323562,17,433;7252802,0.168823,17,328;7270348,0.208766,14,433;7278284,0.268519,11,433;7282894,0.360283,17,433;5657930,0.24562,1,433;5664608,0.658075,16,433;5689405,0.373991,17,328;5692725,0.226499,13,328;5700444,0.618384,11,328;5718745,0.203537,17,433;5734169,0.333663,17,433;5740840,0.346071,13,328;5747655,0.497421,17,433;5750275,0.425511,16,433;5766037,0.445253,13,433;5766233,0.217586,11,433;5773790,0.258866,17,433;5806986,0.380842,13,433;5807623,0.332981,17,433;5819507,0.569293,1,328;5821771,0.217464,16,433;5821798,0.429828,1,433;6172620,0.36071,17,328;6176698,0.648746,8,433;6185324,0.223967,15,328;6185597,0.352159,16,433;6189039,0.44813,8,328;6204152,0.705276,16,433;6207592,0.447172,17,433;6207759,0.689656,16,433;6224006,0.39318,16,433;6229217,0.425581,2,433;6229890,0.468956,15,433;6254925,0.208345,3,433;6259184,0.377513,1,433;6259996,0.283803,11,328;6264868,0.430922,17,433;6280426,0.362276,1,433;6296211,0.455514,10,433;6304177,0.440662,8,433;6323898,0.354788,19,328;6527293,0.277245,3,328;6528074,0.311672,17,433;6529353,0.741141,15,433;6530692,0.530214,8,433;6562822,0.359775,17,433;6581746,0.219509,9,433;6583263,0.462897,2,433;6585596,0.313576,17,328;6592144,0.212944,9,433;6596969,0.346582,17,433;6615147,0.139756,17,328;6628449,0.237532,8,433;6630791,0.709181,16,328;6645504,0.56825,17,433;6661361,0.556087,8,328;6671041,0.390715,16,433;6671668,0.363089,17,328;7024366,0.253787,17,328;7025101,0.380948,2,433;7035718,0.283452,17,433;7042171,0.51646,16,433;7076222,0.2492,17,433;7096108,0.378992,11,433;7113106,0.337964,16,433;7115901,0.417377,8,433;7122590,0.659224,16,433;5828126,0.256805,13,433;5831042,0.432348,16,433;5836616,0.506667,16,433;5842401,0.240421,5,433;5868735,0.327862,17,433;5887043,0.402487,14,433;5918060,0.32769,1,433;5933015,0.578231,15,433;5946159,0.807251,11,328;5962941,0.354212,16,328;5984900,0.444135,16,433;1885271,0.203786,11,328;1921344,0.288089,11,328;1940273,0.254078,17,433;1948007,0.612477,13,328;1977496,0.369364,17,433;1980693,0.488469,8,328;1981368,0.129106,17,328;1983027,0.379165,17,433;1985775,0.179512,11,433;1987181,0.370344,16,433;1992139,0.399916,8,433;1994459,0.508297,17,328;1995542,0.36769,13,328;2004702,0.342216,1,328;2048635,0.282731,17,328;2053822,0.343685,11,433;2068057,0.345164,17,433;2083487,0.497147,8,433;2092740,0.372902,1,433;2108869,0.267786,1,328;2113184,0.194335,11,328;2113461,0.176442,14,433;2123342,0.332748,13,328;2126717,0.500659,17,433;2134199,0.767684,11,328;2141239,0.430054,20,433;2162642,0.343808,4,433;2185789,0.314644,13,433;2211560,0.196058,7,433;2220969,0.452287,2,328;2221264,0.287314,11,328;2235857,0.327262,17,328;2241117,0.612342,8,433;2248647,0.620156,11,328;2258118,0.403589,8,328;2262162,0.457438,13,433;2267450,0.368521,13,433;2271754,0.371948,16,433;2283994,0.610601,2,433;2298410,0.44946,16,433;2343919,0.262777,2,433;2353841,0.205442,13,433;2383429,0.206775,1,328;2402287,0.617507,8,328;2413476,0.64115,17,433;2460713,0.31384,13,433;2467331,0.36627,11,433;2477606,0.557859,14,328;2491317,0.411299,16,433;2512639,0.454289,8,433;2519606,0.424494,17,433;2526914,0.549064,14,328;2561161,0.368684,17,433;2574394,0.295219,17,433;2589179,0.497622,17,433;2599020,0.319774,14,433;2626019,0.563468,8,433;2631804,0.614954,16,328;2642459,0.65692,17,433;2644733,0.338161,10,433;2676604,0.209827,17,433;2681345,0.5163,17,328;2704156,0.370949,17,328;2708888,0.213363,13,433;2725912,0.468934,17,433;2765472,0.464364,2,433;2770437,0.344555,13,433;2775885,0.229767,17,433;2787742,0.646371,16,433;2841190,0.368914,17,433;2872702,0.720946,11,328;2874508,0.370918,17,433;2876699,0.353869,1,433;2877969,0.220123,17,433;2892101,0.419373,17,328;2957432,0.449134,16,433;2979721,0.365742,17,433;2991080,0.358083,4,433;2994884,0.328541,17,328;3034177,0.350873,11,328;3055109,0.414146,17,433;3062253,0.366955,16,433;3067802,0.654443,16,328;3078394,0.39396,17,433;3113044,0.418947,13,433;3124521,0.298437,17,328;3140985,0.416685,17,433;3149859,0.208157,11,328;3170302,0.165513,1,433;3172674,0.266049,17,433;3191553,0.320116,13,328;3193687,0.203728,15,433;3205395,0.732853,8,328;3209793,0.356489,17,328;3225892,0.308187,17,328;3235932,0.117941,1,433;3237790,0.222674,0,433;3251531,0.41116,17,328;3261358,0.253794,8,328;3284305,0.556322,8,433;3323297,0.204451,11,433;3326293,0.288412,16,433;3339026,0.281676,1,433;3350666,0.404474,17,328;3354997,0.31661,17,433;3358591,0.577418,4,433;3361651,0.34295,10,328;3375885,0.669228,1,433;3400305,0.365895,1,328;3404378,0.305961,1,433;3406969,0.34107,8,433;3449346,0.275815,17,433;3464035,0.544378,3,433;3466653,0.317724,8,433;3479095,0.423285,16,433;3515916,0.22896,1,328;3520990,0.535566,16,433;3537859,0.533298,16,433;3541035,0.240531,17,328;3546453,0.315658,1,433;3566220,0.525706,11,328;3566423,0.561636,15,433;3574889,0.437177,13,433;3583679,0.610689,11,433;3594051,0.4471,8,433;3594297,0.575682,16,433;3602976,0.288115,17,328;3603640,0.224599,1,433;3605875,0.298137,0,433;3611533,0.489367,13,433;3615874,0.525749,17,433;3622083,0.364508,7,433;3660454,0.734459,8,433;3661445,0.326891,2,328;3664790,0.731658,16,433;3677485,0.546861,10,433;3701981,0.728441,8,433;3751903,0.605568,17,328;3752558,0.412086,1,328;3759114,0.319241,17,433;3762045,0.368112,17,433;3765659,0.30817,13,433;514354,0.286378,1,433;518706,0.624694,16,433;541710,0.083943,1,433;551655,0.346282,17,433;588630,0.326351,13,433;595751,0.442295,17,433;595902,0.23326,13,433;600941,0.399425,13,433;621703,0.196854,9,328;638480,0.278408,17,328;653412,0.2065,4,328;657848,0.552393,14,433;675827,0.392442,8,433;681064,0.32334,15,328;701462,0.331042,17,433;726202,0.362135,16,433;734798,0.287127,17,433;749174,0.428459,2,433;749888,0.300638,13,433;763591,0.368465,3,433;785604,0.367227,16,433;787641,0.245819,11,433;803016,0.101293,1,328;820001,0.381419,13,433;830519,0.719507,17,433;849247,0.377784,1,328;1203697,0.407427,17,433;1218231,0.378089,17,328;1218363,0.34422,16,328;1223478,0.246763,8,328;1229315,0.462171,17,433;1230634,0.512635,16,433;1251513,0.216898,14,433;1268970,0.629329,2,433;1272940,0.327612,13,328;1297420,0.703901,16,328;1303136,0.31169,16,433;1336116,0.662541,16,328;1338590,0.359758,1,433;1343775,0.268465,11,328;1370588,0.08049,9,433;343405,0.483469,10,433;345614,0.470419,13,433;355312,0.405159,17,433;363005,0.338697,13,328;377893,0.320993,1,328;388993,0.048066,17,433;391460,0.47893,14,433;416235,0.318207,17,328;438501,0.217983,17,433;439586,0.132864,9,328;452925,0.359664,16,328;457879,0.439052,1,433;471450,0.278547,1,328;175277,0.592382,8,328;179331,0.306174,14,433;196899,0.361968,1,433;226263,0.480585,16,433;243013,0.459398,17,328;262966,0.193455,11,433;283909,0.421552,16,328;290719,0.250296,1,433;291746,0.27908,16,433;303488,0.32165,17,433;312109,0.238952,11,433;329617,0.340455,16,433;337855,0.398151,13,328;867804,0.349631,16,328;868507,0.245964,17,328;880694,0.471576,8,433;893320,0.429336,17,433;910006,0.311786,1,433;913995,0.196086,4,328;926335,0.241554,17,433;926562,0.364139,16,433;938945,0.321029,12,433;943752,0.22406,15,433;991068,0.629084,16,433;992769,0.5033,17,433;1003584,0.34945,11,328;1008585,0.483842,16,328;1014601,0.428587,17,328;1386572,0.164424,17,328;1392033,0.333555,17,433;1420308,0.376204,16,433;1423847,0.322599,11,328;1432039,0.337374,11,328;1460555,0.086623,17,433;1472893,0.240985,17,433;1478355,0.512405,16,433;1517316,0.358759,8,433;1520427,0.346191,13,328;1538811,0.352255,15,328;1713590,0.378498,17,433;1716438,0.430549,3,433;1720684,0.235615,8,433;1763113,0.257876,8,433;1785312,0.375659,16,433;1810535,0.347348,8,328;1821359,0.447698,13,433;1843836,0.412686,17,433;1851634,0.281435,11,328;1862915,0.396414,17,433;1866031,0.633284,8,433;1868014,0.514743,7,433;1878059,0.254253,17,433;1879168,0.276969,17,433;1040220,0.22033,1,433;1058961,0.352985,0,433;1080137,0.31447,17,433;1098966,0.632682,8,328;1101357,0.585202,1,328;1139103,0.403359,17,433;1146925,0.261753,3,433;1169293,0.399678,10,433;1178553,0.362694,3,433;1195075,0.338301,1,433;1552306,0.280075,17,433;1591933,0.255417,11,328;1591987,0.204706,17,328;1593956,0.599593,17,328;1622342,0.259863,15,328;1623225,0.161422,1,433;1635298,0.468866,8,433;1638556,0.406135,11,328;1658417,0.291042,17,433;1660962,0.270871,11,433;1665673,0.215902,17,328;1671786,0.3774,14,328;1693618,0.73578,11,433;1699424,0.333113,11,328;1707651,0.3722,11,328;58512,0.228121,9,328;91385,0.399762,17,328;95144,0.487702,6,328;100320,0.329649,17,433;123895,0.849034,4,433;126744,0.395317,16,433;130863,0.322139,17,433;134622,0.552302,13,433;136142,0.410999,2,433;138504,0.291537,17,433;160528,0.218453,13,433;161136,0.603792,17,433;162590,0.429939,8,433
44014711	6852792,0.22894,1,1866;6967523,0.502853,1,1866;7162724,0.389662,15,1866;6345930,0.252245,1,1866;6353440,0.325337,7,1866;6419447,0.269637,17,1866;6433703,0.354504,1,1866;6486878,0.32291,17,1866;6683065,0.497802,18,1866;6698426,0.304991,17,1866;6751115,0.327961,4,1866;6607681,0.573405,14,1866;6314618,0.453631,1,1866;5871915,0.290205,13,1866;5887336,0.59283,4,1866;6159201,0.372944,1,1866;5698991,0.364479,14,1866;5727521,0.329857,1,1866;3948209,0.425511,4,1866;3954422,0.228365,17,1866;3973728,0.328442,17,1866;4218927,0.20395,17,1866;4447356,0.45758,1,1866;5197014,0.491567,16,1866;5277460,0.198019,13,1866;4632173,0.22207,17,1866;4781054,0.175863,11,1866;4495229,0.084682,9,1866;4850445,0.363122,14,1866;2111878,0.177432,13,1866;2387448,0.208425,4,1866;2970010,0.30829,10,1866;3312911,0.391717,4,1866;3365080,0.755834,8,1866;3395927,0.292015,18,1866;3548705,0.057378,4,1866;1758918,0.270929,14,1866;1823316,0.293884,2,1866;1221453,0.177531,17,1866;572893,0.53704,10,1866;680449,0.269757,1,1866;231708,0.155516,12,1866;1597516,0.819591,4,1866;1615957,0.253201,17,1866;96255,0.185349,9,1866;457581,0.165034,1,1866;686357,0.148297,9,1866
44220297	50863,0.768725,4,1589;73646,0.749163,4,1589;3934236,0.316425,13,1589
44654714	6263978,0.42532,18,1752;233249,0.328177,18,1752
44852992	1913552,0.238836,3,2974;1971028,0.483886,4,2974;2028408,0.257178,17,2974;2035412,0.194949,20,2974;2134404,0.386881,17,2974;2157692,0.70291,14,2974;2230566,0.20416,15,2974;2232245,0.274447,13,2974;2381253,0.297497,8,2974;2384942,0.177399,1,2974;2422244,0.234296,4,2974;2549336,0.300689,3,2974;2566606,0.142001,3,2974;2617385,0.492963,17,2974;2711706,0.447689,11,2974;2719275,0.541646,4,2974;2762599,0.400554,0,2974;2775324,0.47619,4,2974;2785942,0.182093,13,2974;2882879,0.350223,13,2974;2893845,0.23642,17,2974;2907742,0.411241,15,2974;2933596,0.67737,8,2974;3034796,0.392572,17,2974;3051982,0.461097,17,2974;3113150,0.376823,14,2974;3165357,0.482012,4,2974;3176587,0.124924,20,2974;3296840,0.30279,13,2974;3344836,0.307887,3,2974;3390950,0.370059,17,2974;3412328,0.272089,20,2974;3436863,0.252771,1,2974;3504724,0.273611,10,2974;3514219,0.330254,15,2974;3542569,0.332897,13,2974;3594494,0.379793,17,2974;3597948,0.798271,1,2974;3600788,0.229947,17,2974;3672929,0.37627,1,2974;3698177,0.1503,13,2974;3765292,0.367713,18,2974;1239472,0.148062,13,2974;1352327,0.448697,14,2974;895572,0.793575,4,2974;916385,0.206489,7,2974;925301,0.130983,17,2974;969904,0.153169,4,2974;1728831,0.699634,16,2974;1755327,0.294293,3,2974;1765235,0.215009,11,2974;1793157,0.713711,14,2974;1883346,0.209055,3,2974;536293,0.321979,13,2974;557084,0.19837,11,2974;573658,0.254305,8,2974;596081,0.461561,14,2974;597497,0.1592,13,2974;1476954,0.11776,13,2974;1499710,0.38669,2,2974;1041764,0.458398,15,2974;1050319,0.469392,1,2974;1123638,0.469865,3,2974;1142940,0.487259,3,2974;1195235,0.274365,7,2974;364279,0.332629,17,2974;412654,0.290731,17,2974;496904,0.714044,8,2974;1659648,0.398347,17,2974;1684797,0.355908,17,2974;1688271,0.286163,13,2974;74546,0.485,17,2974;94276,0.320217,14,2974;99303,0.336172,13,2974;159352,0.438162,3,2974;760207,0.318894,14,2974;783098,0.383381,14,2974;838744,0.451196,14,2974;856773,0.219784,13,2974;6221892,0.303279,17,2974;6251379,0.241884,17,2974;6275472,0.294443,1,2974;6852965,0.363144,3,2974;6890426,0.398933,20,2974;6927303,0.356553,4,2974;6939721,0.426512,13,2974;7253525,0.499077,17,2974;7267418,0.40969,17,2974;7288919,0.646175,8,2974;6693439,0.439147,17,2974;6699565,0.274118,0,2974;6795787,0.618831,1,2974;6832002,0.251278,3,2974;6849062,0.407503,13,2974;7072126,0.477479,17,2974;7081376,0.439498,13,2974;7122968,0.395031,4,2974;6516800,0.06768,20,2974;6546191,0.268038,1,2974;6557729,0.299748,17,2974;6590731,0.709863,8,2974;6614021,0.384905,3,2974;6649471,0.629652,14,2974;5726556,0.459124,17,2974;5826787,0.336641,15,2974;5874289,0.219552,3,2974;5979617,0.685551,16,2974;5980864,0.441604,17,2974;5995463,0.069648,13,2974;6036303,0.236144,20,2974;6144356,0.157897,13,2974;6150418,0.312425,13,2974;5000561,0.182926,1,2974;5055504,0.3587,20,2974;5080527,0.30929,10,2974;3954613,0.279386,18,2974;3969358,0.317631,13,2974;3971823,0.496934,15,2974;3997378,0.402245,17,2974;4001190,0.20951,1,2974;3836708,0.428549,17,2974;3839147,0.471191,15,2974;3841341,0.439122,15,2974;3861507,0.403638,20,2974;3932491,0.13362,13,2974;4893511,0.315055,17,2974;4900017,0.647577,8,2974;5175373,0.31514,1,2974;5217754,0.481721,1,2974;5229678,0.430622,3,2974;5255838,0.388102,8,2974;5263240,0.440851,17,2974;5297717,0.314769,1,2974;4641757,0.590752,13,2974;4641767,0.576697,13,2974;4686494,0.225319,7,2974;4698101,0.37462,17,2974;4701398,0.357682,3,2974;4711894,0.335061,14,2974;4783212,0.326229,20,2974;4785035,0.217326,20,2974;5388025,0.308304,17,2974;5416499,0.400583,1,2974;5426742,0.197388,1,2974;5473363,0.364334,20,2974;4287225,0.328761,9,2974;4119664,0.316149,17,2974;4124008,0.156101,9,2974;4147326,0.413083,13,2974;4155330,0.393921,14,2974;4265597,0.299021,14,2974;4474761,0.335485,17,2974;4483334,0.287422,17,2974;4573007,0.490826,15,2974;4616145,0.300784,11,2974
45061455	4458100,0.058236,1,1826;4469504,0.298582,1,1826;4486719,0.31619,17,1826;4491879,0.40245,13,1826;4533490,0.272503,16,1826;4565248,0.414584,17,1826;4566001,0.44256,11,1826;4581668,0.340275,1,1826;4617244,0.501605,7,1826;5331272,0.526064,8,1826;5341767,0.213755,4,1826;5344169,0.36106,17,1826;5370314,0.174047,13,1826;5372054,0.263939,16,1826;5378077,0.337057,16,1826;5379166,0.48698,2,1826;5394257,0.158304,11,1826;5436518,0.430011,2,1826;5438051,0.31417,13,1826;5455235,0.264613,4,1826;5458152,0.229534,17,1826;3942229,0.744916,1,1826;3964995,0.24376,17,1826;3967649,0.39298,17,1826;3968101,0.398219,8,1826;3969944,0.500925,11,1826;3971624,0.2773,16,1826;3977037,0.373823,17,1826;3999787,0.474151,7,1826;4008477,0.242701,16,1826;4009752,0.567372,8,1826;4024679,0.373444,9,1826;4024903,0.343542,17,1826;4026633,0.32927,11,1826;4041887,0.32516,16,1826;4071010,0.513359,17,1826;4076500,0.363828,8,1826;4086755,0.429162,17,1826;4096526,0.615818,11,1826;5481963,0.355729,17,1826;5486221,0.312339,11,1826;5515132,0.38938,17,1826;5515741,0.189598,6,1826;5518640,0.227585,15,1826;5528741,0.411227,16,1826;5530051,0.28781,14,1826;5542020,0.597498,1,1826;5571356,0.46558,11,1826;5579585,0.290584,11,1826;5582808,0.374301,17,1826;5587577,0.30874,1,1826;5589372,0.427974,3,1826;5591800,0.405998,17,1826;5624672,0.272303,17,1826;5637150,0.187044,1,1826;5641994,0.311864,16,1826;5652231,0.467629,15,1826;5154864,0.273302,1,1826;5163329,0.417253,17,1826;5167013,0.297046,1,1826;5200241,0.081443,9,1826;5223944,0.259824,15,1826;5238343,0.536319,10,1826;5290208,0.305209,16,1826;5290999,0.31755,3,1826;5296913,0.200654,16,1826;5301423,0.192261,17,1826;5309067,0.367227,1,1826;4799808,0.193186,13,1826;4814475,0.151638,1,1826;4824568,0.392126,13,1826;4827579,0.379989,9,1826;4842939,0.124564,17,1826;4848177,0.523509,10,1826;4851775,0.35712,17,1826;4886247,0.592656,17,1826;4893336,0.292737,1,1826;4904754,0.758985,11,1826;4905106,0.332364,13,1826;4941731,0.420558,13,1826;3770802,0.332454,14,1826;3783112,0.321804,1,1826;3795666,0.286325,17,1826;3796285,0.328899,14,1826;3840378,0.346921,17,1826;3840752,0.363684,13,1826;3847014,0.457537,13,1826;3859449,0.190053,9,1826;3899117,0.300008,1,1826;3918867,0.284668,13,1826;3932748,0.427166,13,1826;4314190,0.352876,18,1826;4328806,0.421906,17,1826;4329132,0.554835,11,1826;4364387,0.616487,16,1826;4369915,0.146996,17,1826;4372362,0.301764,4,1826;4385196,0.531929,17,1826;4401287,0.272994,8,1826;4405501,0.411016,3,1826;4432011,0.370082,16,1826;4435709,0.352911,11,1826;4445749,0.24171,1,1826;4446654,0.283679,3,1826;4449442,0.170416,7,1826;4638298,0.441418,17,1826;4640892,0.321923,3,1826;4666033,0.43247,17,1826;4674222,0.312946,17,1826;4694050,0.461834,17,1826;4713004,0.126516,13,1826;4760450,0.334699,11,1826;4761726,0.336296,16,1826;4770265,0.284142,17,1826;4793479,0.427644,16,1826;4124526,0.252435,17,1826;4134622,0.396743,13,1826;4146901,0.35698,16,1826;4152050,0.581863,17,1826;4173780,0.243446,13,1826;4188494,0.406241,17,1826;4206164,0.360855,17,1826;4225259,0.666668,8,1826;4237085,0.274789,1,1826;4246580,0.39714,1,1826;4268799,0.425339,13,1826;4272357,0.149302,11,1826;5000502,0.309166,11,1826;5015195,0.419679,13,1826;5016820,0.575232,16,1826;5028895,0.252364,11,1826;5032132,0.624511,16,1826;5039988,0.585947,9,1826;5044769,0.523328,16,1826;5045759,0.471801,17,1826;5063604,0.481627,17,1826;5068997,0.384305,1,1826;5102505,0.578375,8,1826;5110448,0.2733,16,1826;5114892,0.24587,17,1826;5118532,0.409657,16,1826;5120891,0.380926,1,1826;6539439,0.311712,16,1826;6601251,0.484775,1,1826;6634189,0.238784,9,1826;6637747,0.411773,16,1826;6670790,0.380185,3,1826;6677005,0.449605,17,1826;7030084,0.384834,14,1826;7062432,0.29372,3,1826;7068722,0.350848,16,1826;7095397,0.175751,3,1826;7105504,0.424526,17,1826;7117496,0.376129,16,1826;7117642,0.517174,16,1826;7169760,0.310966,16,1826;7179692,0.169093,17,1826;7189745,0.420046,6,1826;7192792,0.329414,17,1826;6864392,0.566119,3,1826;6893744,0.225579,11,1826;6900554,0.609848,17,1826;6906005,0.280305,1,1826;6929579,0.214576,1,1826;6944886,0.478716,17,1826;6972987,0.2568,11,1826;6979032,0.259078,16,1826;6990710,0.474177,17,1826;6682994,0.277323,13,1826;6712744,0.140931,13,1826;6754296,0.45054,13,1826;6761735,0.478847,17,1826;6793347,0.254125,1,1826;6807415,0.322029,17,1826;6830449,0.314131,11,1826;6837904,0.330604,17,1826;6851134,0.421629,17,1826;6169041,0.335598,1,1826;6180616,0.829647,11,1826;6182389,0.484656,8,1826;6200178,0.429439,17,1826;6245303,0.335888,17,1826;6258079,0.519014,1,1826;6261117,0.290635,14,1826;6281944,0.257517,16,1826;6311022,0.199421,11,1826;6313776,0.387513,17,1826;6026274,0.384214,17,1826;6068412,0.301751,11,1826;6070521,0.304684,15,1826;6079782,0.341047,17,1826;6101792,0.503254,14,1826;6118195,0.689693,16,1826;6152247,0.507185,17,1826;6157376,0.252066,9,1826;6163006,0.195192,11,1826;7208153,0.216896,9,1826;7237686,0.320218,17,1826;7239616,0.355719,13,1826;7256903,0.599996,16,1826;7270922,0.261135,13,1826;7288828,0.319398,17,1826;6340736,0.39645,17,1826;6346789,0.160846,13,1826;6365753,0.291964,14,1826;6371186,0.663719,11,1826;6448750,0.351269,13,1826;6454704,0.329422,17,1826;6468050,0.53807,16,1826;6495862,0.27885,1,1826;6496976,0.366954,16,1826;6497438,0.451314,9,1826;6498472,0.31971,1,1826;6505868,0.431659,17,1826;5672979,0.478463,6,1826;5678234,0.266874,17,1826;5694054,0.370545,13,1826;5754062,0.504265,17,1826;5775571,0.275723,16,1826;5783324,0.402074,1,1826;5801965,0.2606,1,1826;5832929,0.409732,17,1826;5838279,0.235564,17,1826;5845762,0.471009,15,1826;5889157,0.2275,4,1826;5896471,0.518609,16,1826;5903868,0.082492,17,1826;5920904,0.430993,17,1826;5922623,0.51804,11,1826;5924971,0.541969,1,1826;5936948,0.21681,1,1826;5966261,0.276123,1,1826;5976405,0.340132,17,1826;5978011,0.408492,13,1826;5986381,0.112936,1,1826;5988575,0.43788,17,1826;5990274,0.378166,11,1826;25329,0.191305,14,1826;27479,0.37504,17,1826;29905,0.277257,3,1826;40701,0.609224,16,1826;56158,0.31842,17,1826;64835,0.321574,1,1826;103265,0.271257,9,1826;127454,0.476811,17,1826;150265,0.308096,1,1826;157766,0.272252,4,1826;163677,0.378025,17,1826;1045521,0.369973,11,1826;1050821,0.287208,11,1826;1079302,0.450482,16,1826;1089846,0.320785,11,1826;1096825,0.299281,16,1826;1124341,0.173967,9,1826;1128348,0.418839,1,1826;1157506,0.477397,11,1826;1182538,0.666532,8,1826;1185421,0.268926,17,1826;1192915,0.383515,17,1826;1542717,0.346603,14,1826;1547867,0.374618,16,1826;1551038,0.451557,17,1826;1558769,0.163222,9,1826;1566769,0.335049,17,1826;1578763,0.286341,17,1826;1583717,0.42648,17,1826;1590174,0.296974,13,1826;1596330,0.211153,3,1826;1605202,0.462364,17,1826;1609052,0.213496,17,1826;1628020,0.433847,1,1826;1633365,0.560056,11,1826;1646846,0.276369,17,1826;1653919,0.454845,17,1826;1675669,0.72411,8,1826;1678846,0.377938,16,1826;1682798,0.524575,17,1826;1704041,0.467971,3,1826;687933,0.367103,11,1826;688511,0.50243,2,1826;697326,0.403387,14,1826;701022,0.42798,14,1826;707714,0.341236,16,1826;753279,0.349505,17,1826;771394,0.312844,17,1826;777294,0.362892,7,1826;784501,0.14049,13,1826;796261,0.38933,17,1826;811801,0.395134,3,1826;841428,0.32451,17,1826;855719,0.305048,1,1826;1217828,0.545016,16,1826;1229489,0.511613,17,1826;1238588,0.489207,4,1826;1242475,0.457758,1,1826;1252113,0.223632,13,1826;1256562,0.386736,1,1826;1279851,0.085735,16,1826;1297987,0.542532,1,1826;1301682,0.316789,16,1826;1311044,0.443201,2,1826;1339815,0.09734,11,1826;1364531,0.392776,2,1826;1364873,0.342285,17,1826;1366211,0.37331,1,1826;1375120,0.367549,11,1826;1377548,0.389171,16,1826;1384607,0.407712,13,1826;1386157,0.474963,11,1826;1414179,0.337582,9,1826;1419297,0.394977,13,1826;1470430,0.329405,13,1826;1535308,0.316537,17,1826;1536709,0.270756,17,1826;342141,0.352072,17,1826;363089,0.47216,8,1826;385618,0.335751,17,1826;407033,0.35494,13,1826;427201,0.426397,13,1826;429617,0.402213,14,1826;441571,0.35151,13,1826;441834,0.316218,1,1826;463749,0.181316,1,1826;486723,0.343825,16,1826;1719606,0.366248,1,1826;1740429,0.400124,17,1826;1744013,0.30799,16,1826;1756162,0.316601,17,1826;1773329,0.248934,9,1826;1794680,0.285562,16,1826;1797280,0.348122,13,1826;1801604,0.190926,13,1826;1809425,0.242536,14,1826;1812987,0.385047,4,1826;1828874,0.521811,17,1826;1836198,0.323433,16,1826;1845780,0.502123,17,1826;1864251,0.378876,17,1826;1866518,0.358929,8,1826;1870524,0.392916,3,1826;1872896,0.242629,17,1826;861119,0.303809,11,1826;876191,0.36096,17,1826;882468,0.268781,13,1826;894484,0.31063,16,1826;905433,0.431279,17,1826;907392,0.368045,16,1826;959132,0.395615,17,1826;965188,0.09982,17,1826;980873,0.271596,1,1826;985026,0.275831,16,1826;992265,0.258384,13,1826;995074,0.355759,16,1826;1015331,0.382388,12,1826;518091,0.439799,17,1826;519034,0.319792,18,1826;524162,0.407164,17,1826;632319,0.372055,9,1826;633103,0.259224,13,1826;633695,0.519165,14,1826;643101,0.509576,16,1826;656857,0.087938,11,1826;671222,0.311341,1,1826;671545,0.630014,8,1826;181030,0.203017,17,1826;199220,0.474101,17,1826;203901,0.329378,13,1826;206943,0.403195,17,1826;207101,0.243911,17,1826;212763,0.160377,16,1826;263313,0.29908,11,1826;275359,0.41572,14,1826;311931,0.290798,13,1826;329648,0.374509,17,1826;331768,0.482843,1,1826;338052,0.529544,14,1826;340461,0.34995,16,1826;1891015,0.43273,13,1826;1899117,0.403813,1,1826;1911519,0.238045,11,1826;1998018,0.617817,16,1826;2008829,0.191956,13,1826;2024855,0.31452,16,1826;2039944,0.378812,16,1826;2058896,0.156374,13,1826;2070560,0.180594,9,1826;2071344,0.175434,13,1826;2084918,0.3493,17,1826;2092758,0.167936,17,1826;2095117,0.397406,8,1826;2116502,0.3712,16,1826;2146656,0.448945,11,1826;2148047,0.367353,17,1826;2151281,0.425678,13,1826;2167055,0.24936,16,1826;2180812,0.220197,1,1826;2206340,0.303116,3,1826;2217312,0.29045,16,1826;2230974,0.23892,6,1826;2233966,0.378766,11,1826;2249005,0.323008,13,1826;2252493,0.453888,11,1826;2259201,0.82671,1,1826;2259216,0.333843,17,1826;2263955,0.434065,4,1826;2265554,0.41865,13,1826;2282194,0.501668,8,1826;2287660,0.118034,16,1826;2298392,0.367767,17,1826;2302346,0.494817,2,1826;2306261,0.365134,10,1826;2366337,0.572577,16,1826;2374025,0.043244,17,1826;2376533,0.543482,11,1826;2378819,0.109235,11,1826;2390934,0.495216,14,1826;2418368,0.446735,1,1826;2423068,0.371015,14,1826;2436921,0.342732,13,1826;2483804,0.44937,13,1826;2488835,0.231328,1,1826;2505131,0.33578,9,1826;2508443,0.432802,13,1826;2523481,0.319624,4,1826;2559617,0.450453,17,1826;2592073,0.367492,17,1826;2598731,0.334583,16,1826;2604515,0.492042,4,1826;2617651,0.216838,1,1826;2628294,0.339972,11,1826;2637127,0.393462,17,1826;2637929,0.453262,17,1826;2666985,0.424266,16,1826;2677296,0.371456,13,1826;2685345,0.467812,8,1826;2687136,0.459883,17,1826;2705967,0.390355,17,1826;2723016,0.436643,17,1826;2727644,0.45435,17,1826;2733511,0.199464,11,1826;2742002,0.506931,3,1826;2743179,0.266519,17,1826;2751436,0.389755,1,1826;2766265,0.330273,17,1826;2776776,0.446773,1,1826;2804143,0.645109,8,1826;2805211,0.55259,1,1826;2815238,0.25707,16,1826;2818425,0.607457,16,1826;2834443,0.440631,16,1826;2834610,0.457792,11,1826;2859484,0.207361,11,1826;2870155,0.316601,16,1826;2887091,0.624541,8,1826;2889814,0.364519,1,1826;2890451,0.387596,17,1826;2894356,0.382785,11,1826;2909241,0.372027,17,1826;2925651,0.56123,1,1826;2935901,0.316731,11,1826;2939870,0.185011,17,1826;2946936,0.578757,17,1826;2958379,0.298495,14,1826;2975526,0.326968,13,1826;3017924,0.278221,17,1826;3031733,0.409893,11,1826;3040995,0.380711,17,1826;3047309,0.296381,17,1826;3062015,0.350726,11,1826;3106563,0.401973,16,1826;3137807,0.29363,16,1826;3166856,0.40669,17,1826;3177956,0.548644,14,1826;3180308,0.258281,1,1826;3181658,0.423982,17,1826;3189075,0.55733,15,1826;3231362,0.222764,14,1826;3288402,0.28535,1,1826;3291349,0.566655,1,1826;3302871,0.191757,13,1826;3304614,0.372617,3,1826;3321121,0.467093,14,1826;3330538,0.209871,11,1826;3334955,0.737774,15,1826;3360496,0.225621,17,1826;3376697,0.313105,17,1826;3386820,0.420433,17,1826;3387405,0.36024,17,1826;3408306,0.360797,16,1826;3414353,0.410313,16,1826;3415153,0.4266,3,1826;3434802,0.456678,4,1826;3439066,0.323812,11,1826;3461355,0.27513,16,1826;3480994,0.191117,9,1826;3488922,0.225069,13,1826;3527978,0.337619,1,1826;3550054,0.355402,16,1826;3562539,0.268239,16,1826;3564948,0.451053,3,1826;3603622,0.456887,17,1826;3615048,0.153103,13,1826;3646597,0.23086,9,1826;3649759,0.279018,13,1826;3693145,0.469996,1,1826;3717791,0.199806,4,1826;3719538,0.361549,13,1826;3731235,0.205989,3,1826;3761364,0.288084,1,1826
45350971	5133929,0.392842,17,1240;4467288,0.422224,8,1240;4477806,0.345713,17,1240;4520120,0.431326,14,1240;4535890,0.23826,14,1240;4585142,0.490152,18,1240;4603000,0.428925,17,1240;4612387,0.288337,13,1240;4163178,0.405373,3,1240;4205296,0.364235,17,1240;4227263,0.413814,15,1240;4268917,0.54938,0,1240;4297901,0.694948,8,1240;4356808,0.169871,9,1240;4402815,0.580554,8,1240;5371701,0.100195,17,1240;5409031,0.274957,17,1240;5439321,0.325802,17,1240;5458636,0.194486,9,1240;4641996,0.411625,17,1240;4683935,0.335541,8,1240;4719894,0.352707,13,1240;3985096,0.345799,4,1240;4077057,0.277646,15,1240;4106006,0.263475,7,1240;5187052,0.136935,11,1240;5226449,0.188453,11,1240;5235951,0.39831,13,1240;5237410,0.310139,8,1240;5252783,0.227476,8,1240;5273791,0.288188,17,1240;5281862,0.273023,15,1240;4807448,0.368925,1,1240;4827510,0.71447,8,1240;4827719,0.344909,13,1240;4885702,0.225649,13,1240;4895328,0.435864,17,1240;4907893,0.568626,14,1240;4942698,0.430656,17,1240;3797061,0.297452,1,1240;3891067,0.150627,13,1240;6765268,0.403946,4,1240;6801801,0.40203,1,1240;6802099,0.085336,16,1240;6845235,0.216831,13,1240;5678885,0.471979,8,1240;5690071,0.401296,17,1240;5693649,0.442736,4,1240;5800534,0.277637,2,1240;5822730,0.485782,13,1240;6008043,0.378207,1,1240;6046307,0.329318,13,1240;6074346,0.232031,4,1240;6105149,0.288502,17,1240;6138348,0.460547,17,1240;6149882,0.490205,18,1240;6160948,0.384742,10,1240;5849197,0.673707,8,1240;5850554,0.511547,17,1240;5886448,0.613687,8,1240;5945444,0.353418,17,1240;6521029,0.697522,1,1240;6546303,0.335385,3,1240;6558110,0.419483,8,1240;6855615,0.418092,3,1240;6874470,0.365386,14,1240;6912042,0.337195,15,1240;6919497,0.447355,4,1240;6956617,0.453287,1,1240;6956833,0.291848,1,1240;6968380,0.285262,17,1240;7056455,0.331468,17,1240;7081798,0.581889,8,1240;7097256,0.454811,1,1240;7118672,0.310396,13,1240;7125128,0.628693,8,1240;7133241,0.467449,11,1240;6357961,0.390082,13,1240;6429662,0.422787,17,1240;6436792,0.705567,16,1240;6439971,0.380194,1,1240;6447800,0.232443,9,1240;6455731,0.133992,17,1240;6463792,0.429217,13,1240;5580399,0.306781,15,1240;5584426,0.470875,17,1240;7199066,0.374548,1,1240;7218159,0.319271,1,1240;7242539,0.287435,18,1240;6168468,0.355342,17,1240;6222033,0.310897,13,1240;6241692,0.409141,17,1240;6245013,0.338628,1,1240;6299018,0.272383,9,1240;6325111,0.651095,8,1240;6325782,0.37153,17,1240;348716,0.575971,4,1240;388182,0.494072,17,1240;428853,0.5802,16,1240;437211,0.263151,15,1240;451991,0.364533,17,1240;868228,0.547787,4,1240;898084,0.319628,17,1240;910071,0.346069,17,1240;925956,0.315876,9,1240;932940,0.381394,17,1240;938081,0.422044,4,1240;947969,0.514773,3,1240;983873,0.319689,3,1240;1005633,0.536879,14,1240;763926,0.679343,10,1240;778731,0.238872,1,1240;837723,0.640673,17,1240;838077,0.562695,16,1240;32687,0.441871,8,1240;63206,0.390027,15,1240;108101,0.269898,5,1240;132765,0.634621,8,1240;166310,0.488794,7,1240;1403148,0.534679,17,1240;1521482,0.277678,4,1240;1533551,0.288787,17,1240;1534877,0.715724,8,1240;1561543,0.811949,4,1240;1639862,0.276344,8,1240;1685311,0.255662,15,1240;1327392,0.30459,1,1240;1043238,0.323089,13,1240;1067850,0.148727,13,1240;1124489,0.108626,7,1240;1139044,0.240278,13,1240;1155948,0.393027,17,1240;1159142,0.314021,13,1240;1162917,0.474045,2,1240;189551,0.482928,3,1240;211382,0.31827,1,1240;276543,0.411427,11,1240;283941,0.363317,2,1240;514373,0.517221,4,1240;522000,0.39902,1,1240;612502,0.70923,11,1240;646083,0.309342,15,1240;681808,0.491662,13,1240;1728546,0.226544,13,1240;1757103,0.442552,3,1240;1763501,0.262015,1,1240;1910105,0.128943,1,1240;1925729,0.336141,17,1240;1938947,0.38518,1,1240;1950717,0.335975,13,1240;2044468,0.289253,17,1240;2064009,0.327523,4,1240;2095839,0.638925,17,1240;2120751,0.36554,1,1240;2121270,0.320621,1,1240;2152034,0.577967,14,1240;2272577,0.539161,8,1240;2312576,0.493565,20,1240;2404018,0.410835,13,1240;2429873,0.464531,16,1240;2437047,0.324004,13,1240;2454996,0.578346,10,1240;2524482,0.672226,15,1240;2613088,0.379267,17,1240;2630540,0.440357,15,1240;2648595,0.359667,3,1240;2654692,0.514956,8,1240;2711821,0.428476,17,1240;2738366,0.188383,15,1240;2754756,0.811581,4,1240;2815988,0.2035,13,1240;2879138,0.351136,15,1240;2938936,0.42445,14,1240;2964507,0.359002,13,1240;2966592,0.559622,6,1240;2974534,0.398165,15,1240;2985785,0.13426,17,1240;3027645,0.518853,4,1240;3045414,0.418244,18,1240;3068529,0.305403,13,1240;3076648,0.309205,11,1240;3100253,0.423745,2,1240;3208626,0.123019,17,1240;3264185,0.447606,1,1240;3298078,0.172296,13,1240;3316805,0.421385,17,1240;3341162,0.332307,17,1240;3368745,0.412218,17,1240;3446938,0.71758,8,1240;3463906,0.451028,17,1240;3520517,0.169731,13,1240;3543740,0.242823,4,1240;3560111,0.473092,17,1240;3569094,0.574844,8,1240;3601139,0.357153,1,1240;3635694,0.307795,9,1240;3722369,0.417336,15,1240
46953717	686235,0.451993,8,1709;726006,0.515362,8,1709;807221,0.282983,1,1709;827202,0.375978,4,1709;843580,0.304363,1,1709;82819,0.460967,2,1709;91001,0.371611,8,1709;92822,0.445309,17,1709;102239,0.205897,9,1709;576226,0.327269,4,1709;648280,0.434212,4,1709;1791853,0.331914,15,1709;1848579,0.504767,14,1709;1866903,0.413815,13,1709;360685,0.23421,13,1709;380685,0.4619,16,1709;398256,0.747553,8,1709;420802,0.397322,13,1709;450365,0.468984,4,1709;487335,0.332845,17,1709;964386,0.624658,15,1709;1005205,0.291005,17,1709;1378462,0.646871,8,1709;1493401,0.360501,0,1709;1534547,0.461915,13,1709;1119545,0.307977,1,1709;1180023,0.530355,4,1709;175310,0.42726,13,1709;208936,0.423334,20,1709;333814,0.301837,17,1709;1221589,0.433304,13,1709;1225580,0.453624,13,1709;1251407,0.335236,1,1709;1262082,0.429422,17,1709;1264341,0.403096,15,1709;1280386,0.373074,18,1709;1308219,0.349672,17,1709;1574402,0.310122,3,1709;1658055,0.331644,17,1709;1706618,0.706864,8,1709;1911376,0.30736,20,1709;2012771,0.20111,9,1709;2032466,0.534624,16,1709;2082545,0.358098,13,1709;2146612,0.73748,8,1709;2227433,0.530035,3,1709;2313475,0.434642,16,1709;2358963,0.451938,13,1709;2451261,0.45018,14,1709;2463143,0.338464,0,1709;2474818,0.412131,15,1709;2536979,0.668566,8,1709;2542703,0.448438,10,1709;2558772,0.600306,8,1709;2588333,0.26599,1,1709;2590876,0.400189,13,1709;2591379,0.368435,17,1709;2637103,0.455314,20,1709;2649044,0.265819,8,1709;2679970,0.488896,4,1709;2765856,0.649957,8,1709;2769301,0.432067,17,1709;2786729,0.268024,9,1709;2810777,0.330727,13,1709;2840254,0.295876,9,1709;2853250,0.349789,9,1709;2860122,0.251694,17,1709;2866477,0.375252,11,1709;2905805,0.110705,1,1709;2931753,0.164551,17,1709;2943415,0.569336,11,1709;3020807,0.730817,8,1709;3039027,0.258623,11,1709;3050659,0.320339,13,1709;3054278,0.347117,10,1709;3105528,0.437817,1,1709;3131184,0.149352,17,1709;3132843,0.244112,9,1709;3181101,0.468419,15,1709;3214679,0.232225,11,1709;3317211,0.590241,14,1709;3325216,0.143596,7,1709;3347680,0.314649,1,1709;3405833,0.347969,3,1709;3450032,0.373892,8,1709;3454188,0.30248,13,1709;3626713,0.253809,17,1709;3661252,0.206094,3,1709;3727055,0.244315,4,1709;3766840,0.256537,4,1709;5842081,0.315364,13,1709;5893568,0.635924,8,1709;6920917,0.203699,3,1709;6947638,0.242077,1,1709;6991723,0.207749,15,1709;6646304,0.342374,13,1709;6024407,0.356178,17,1709;6081444,0.365851,1,1709;6121146,0.488223,8,1709;6758886,0.371786,1,1709;6826700,0.448987,1,1709;6850860,0.371895,3,1709;6401642,0.394274,18,1709;6481842,0.269707,17,1709;7115303,0.259747,11,1709;5733337,0.3381,10,1709;5782487,0.4801,17,1709;6202724,0.160414,13,1709;6206293,0.479382,15,1709;6220879,0.46801,3,1709;6274452,0.365934,17,1709;6275804,0.300757,11,1709;7223057,0.207742,1,1709;7288334,0.270371,9,1709;3781332,0.34983,1,1709;5184696,0.411261,17,1709;5215393,0.258537,3,1709;4127073,0.347831,3,1709;4153715,0.30358,17,1709;4159680,0.14661,3,1709;4194357,0.447451,20,1709;4270709,0.400388,17,1709;5351235,0.357537,17,1709;5358399,0.282469,1,1709;5406599,0.370394,20,1709;5432613,0.300893,10,1709;4684131,0.255357,3,1709;4737079,0.449199,14,1709;4747268,0.414427,10,1709;4748490,0.427953,3,1709;4800387,0.674541,10,1709;4815814,0.50643,17,1709;4858098,0.442447,17,1709;4904973,0.598138,8,1709;4093056,0.456773,4,1709;4479100,0.337279,15,1709;4972350,0.346065,13,1709;5051586,0.239167,4,1709;4382123,0.629892,1,1709;5492231,0.30314,20,1709;5566808,0.331636,20,1709;5586932,0.337195,17,1709
47420547	4456385,0.617468,1,1826;4462043,0.404415,2,1826;4469180,0.362451,1,1826;4471202,0.307462,1,1826;4476439,0.313403,16,1826;4482177,0.136219,9,1826;4482871,0.335466,16,1826;4497497,0.384042,13,1826;4503556,0.405427,17,1826;4511140,0.287335,1,1826;4525159,0.57698,1,1826;4525445,0.492677,17,1826;4531195,0.707056,1,1826;4543985,0.284551,17,1826;4543998,0.289913,1,1826;4544746,0.417891,19,1826;4551826,0.227301,3,1826;4562321,0.318502,1,1826;4584738,0.215415,13,1826;4590692,0.335073,1,1826;4596062,0.391038,1,1826;4598092,0.584269,3,1826;4601829,0.445296,13,1826;4604039,0.436628,17,1826;4611062,0.246839,9,1826;4622014,0.269569,17,1826;4624230,0.317534,11,1826;4633244,0.599016,16,1826;4633320,0.480967,14,1826;4638516,0.352474,1,1826;4640148,0.375734,13,1826;4648924,0.25841,17,1826;4660180,0.295521,1,1826;4664771,0.473157,16,1826;4678562,0.422525,17,1826;4705358,0.451626,1,1826;4708413,0.268941,1,1826;4721031,0.250566,1,1826;4758868,0.507601,17,1826;4785347,0.25541,1,1826;4809998,0.421488,1,1826;4812036,0.348041,16,1826;4812088,0.311611,17,1826;4827759,0.409387,3,1826;4837926,0.415918,1,1826;4854247,0.288986,8,1826;4872630,0.486842,17,1826;4874973,0.414924,17,1826;4875732,0.374098,3,1826;4882219,0.237582,1,1826;4887437,0.221494,1,1826;4892097,0.527355,17,1826;4894387,0.407312,17,1826;4913937,0.397421,1,1826;4932419,0.596147,16,1826;4936257,0.633463,3,1826;4936504,0.131403,13,1826;4941050,0.416577,17,1826;4942684,0.304907,1,1826;4957180,0.414695,1,1826;4968677,0.216812,1,1826;4969826,0.284391,17,1826;4970088,0.32431,17,1826;4972619,0.288631,17,1826;4978837,0.263487,1,1826;4986118,0.3237,13,1826;4994417,0.567184,1,1826;5001999,0.567421,1,1826;5006057,0.193924,1,1826;5021040,0.24563,1,1826;5027262,0.271441,4,1826;5028991,0.45268,11,1826;5040194,0.398169,16,1826;5047832,0.269716,17,1826;5060453,0.040868,1,1826;5078332,0.471938,17,1826;5090654,0.260983,13,1826;5092346,0.372318,10,1826;5111297,0.413711,1,1826;5111712,0.36232,8,1826;5112637,0.372797,1,1826;5119402,0.88225,1,1826;5123855,0.144033,17,1826;5135231,0.258477,9,1826;5314197,0.362648,1,1826;5315135,0.153139,13,1826;5327535,0.369504,3,1826;5348398,0.645332,1,1826;5371800,0.362874,3,1826;5373062,0.462923,13,1826;5381144,0.107055,3,1826;5389678,0.266818,17,1826;5395563,0.38066,17,1826;5403893,0.3754,1,1826;5417685,0.338905,17,1826;5421834,0.494937,17,1826;5426816,0.1047,17,1826;5430067,0.584332,17,1826;5448241,0.053659,1,1826;5454629,0.21504,17,1826;5471496,0.228283,1,1826;5474572,0.378282,17,1826;5478717,0.24453,17,1826;3786235,0.43544,17,1826;3790058,0.329942,1,1826;3790620,0.359649,1,1826;3803705,0.331599,1,1826;3805505,0.206424,4,1826;3807744,0.428647,3,1826;3815888,0.426924,16,1826;3819230,0.265052,17,1826;3824249,0.440956,17,1826;3827477,0.364221,1,1826;3828399,0.649002,1,1826;3829379,0.340533,17,1826;3842459,0.462943,16,1826;3844756,0.451113,1,1826;3850990,0.339075,7,1826;3854818,0.452405,17,1826;3860832,0.519136,1,1826;3863851,0.373285,14,1826;3878918,0.444062,13,1826;3879752,0.232971,9,1826;3887330,0.090381,1,1826;3894106,0.491967,3,1826;3907112,0.319684,1,1826;3907324,0.36955,9,1826;3917746,0.445467,13,1826;3919280,0.451625,17,1826;3925929,0.488126,17,1826;3927174,0.190042,4,1826;3931824,0.289066,1,1826;3936225,0.548587,13,1826;3939063,0.616867,16,1826;3939628,0.337829,16,1826;4287201,0.274618,1,1826;4301868,0.519717,1,1826;4306235,0.428375,17,1826;4315203,0.310081,3,1826;4323253,0.218425,1,1826;4327003,0.354641,1,1826;4344398,0.360227,2,1826;4351353,0.364466,9,1826;4358766,0.502699,17,1826;4376761,0.391562,1,1826;4377004,0.202403,17,1826;4379532,0.730135,8,1826;4381321,0.164865,13,1826;4384638,0.459096,17,1826;4386418,0.449608,13,1826;4391632,0.406752,5,1826;4407261,0.386297,13,1826;4408765,0.102549,11,1826;4412092,0.483357,13,1826;4416366,0.398458,17,1826;4421140,0.283998,7,1826;4432829,0.425069,1,1826;4434085,0.322623,1,1826;3940893,0.356721,1,1826;3941754,0.588353,16,1826;3944274,0.339295,1,1826;3945343,0.248906,1,1826;3963614,0.385956,1,1826;3965848,0.305636,1,1826;3967319,0.411039,17,1826;3969887,0.372632,2,1826;3989497,0.218968,1,1826;3993051,0.457239,14,1826;4012450,0.08165,1,1826;4021525,0.705061,16,1826;4021582,0.284535,1,1826;4035097,0.581245,11,1826;4036354,0.204684,1,1826;4038545,0.639262,1,1826;4042537,0.479472,17,1826;4055339,0.401235,16,1826;4062914,0.0302,17,1826;4072926,0.289857,13,1826;4073553,0.486398,17,1826;4074016,0.405862,13,1826;4083436,0.584941,17,1826;4106574,0.415568,16,1826;5165724,0.675049,8,1826;5166290,0.674088,11,1826;5183097,0.113915,1,1826;5193745,0.253367,1,1826;5202399,0.278591,1,1826;5218753,0.328584,1,1826;5225675,0.631413,17,1826;5230468,0.342981,17,1826;5230731,0.333805,3,1826;5235606,0.286058,17,1826;5243376,0.291297,5,1826;5251273,0.358896,1,1826;5256857,0.400153,16,1826;5260125,0.264109,13,1826;5268289,0.303895,1,1826;5277481,0.512569,3,1826;5278617,0.333845,1,1826;5283958,0.219151,17,1826;5290863,0.720063,1,1826;5300916,0.425527,17,1826;5301017,0.326582,17,1826;5303389,0.418609,17,1826;4113223,0.407237,17,1826;4121703,0.520666,9,1826;4123049,0.478978,1,1826;4126867,0.266896,1,1826;4132944,0.355845,1,1826;4135738,0.326926,1,1826;4148030,0.478032,1,1826;4148116,0.414404,16,1826;4154227,0.328965,9,1826;4161520,0.381641,9,1826;4169396,0.526693,16,1826;4180732,0.438556,9,1826;4189746,0.354892,16,1826;4196078,0.39276,3,1826;4201182,0.301541,1,1826;4206512,0.267282,1,1826;4207010,0.258366,1,1826;4210703,0.449795,1,1826;4213480,0.307411,1,1826;4220264,0.391583,17,1826;4251612,0.550916,17,1826;4269492,0.277754,1,1826;4271698,0.45333,17,1826;5481779,0.394372,16,1826;5487924,0.415428,1,1826;5491875,0.194198,17,1826;5506660,0.438397,1,1826;5511018,0.222728,1,1826;5512491,0.245669,1,1826;5515065,0.135186,1,1826;5517397,0.304781,1,1826;5528190,0.344851,1,1826;5542423,0.311503,1,1826;5543206,0.317825,17,1826;5553239,0.33332,1,1826;5559332,0.089817,13,1826;5567509,0.078517,11,1826;5573593,0.102967,17,1826;5577522,0.323281,1,1826;5590534,0.306299,17,1826;5596692,0.387116,17,1826;5607690,0.161679,17,1826;5615588,0.277821,3,1826;5615857,0.368542,17,1826;5616524,0.78628,8,1826;5616716,0.37195,17,1826;5617398,0.36414,17,1826;5626718,0.352325,17,1826;5629045,0.463993,2,1826;5633000,0.262662,1,1826;5642592,0.636833,16,1826;6857541,0.432644,1,1826;6858584,0.644391,16,1826;6859816,0.618757,8,1826;6860126,0.337184,17,1826;6876309,0.028978,1,1826;6878603,0.374283,17,1826;6879417,0.361808,15,1826;6892884,0.394955,16,1826;6898985,0.482938,17,1826;6908354,0.260948,3,1826;6918410,0.314334,17,1826;6937395,0.594611,17,1826;6946632,0.441651,14,1826;6954150,0.300191,17,1392;6971201,0.469077,1,1826;6976898,0.107784,13,1826;6984683,0.139714,17,1826;6996971,0.567798,2,1826;6998745,0.38161,1,1826;6999777,0.494584,17,1826;7006247,0.183884,1,1826;7011947,0.829664,1,1826;6004611,0.367189,1,1826;6008152,0.256695,16,1826;6049092,0.331644,14,1826;6055925,0.385436,16,1826;6066839,0.454015,17,1826;6071412,0.288388,1,1826;6095631,0.423063,17,1826;6097188,0.45452,14,1826;6101467,0.282187,1,1826;6108742,0.470283,3,1826;6111450,0.662305,16,1826;6115031,0.373104,17,1826;6125012,0.348263,1,1826;6126415,0.358189,11,1826;6155819,0.195864,1,1826;6155920,0.260103,11,1826;6157246,0.317828,16,1826;6158184,0.416868,1,1826;6159149,0.376149,1,1826;6162539,0.283614,14,1826;6164424,0.151924,1,1826;5664232,0.195915,1,1826;5680751,0.384293,17,1826;5689411,0.276804,0,1826;5723871,0.407769,17,1826;5724335,0.237413,17,1826;5737892,0.435564,17,1826;5748822,0.288929,1,1826;5753323,0.382209,17,1826;5767007,0.579042,17,1826;5770062,0.279718,1,1826;5782760,0.097868,1,1826;5784183,0.518349,13,1826;5794328,0.537145,1,1826;5794741,0.166132,13,1826;5797346,0.35537,15,1826;5802719,0.437523,1,1826;5814184,0.347697,17,1826;5817185,0.327959,1,1826;5823365,0.359562,17,1826;6684911,0.483844,1,1826;6690255,0.385184,1,1826;6692097,0.45705,1,1826;6696341,0.478893,17,1826;6708046,0.432837,16,1826;6721258,0.216952,13,1826;6725641,0.72632,1,1826;6741767,0.011767,16,1826;6743640,0.513055,17,1826;6754388,0.5803,3,1826;6760073,0.548423,13,1826;6762604,0.365908,14,1826;6762899,0.382183,3,1826;6765069,0.507552,1,1826;6766952,0.297549,1,1826;6767438,0.286197,17,1826;6779874,0.474585,1,1826;6784680,0.251473,17,1826;6803464,0.25999,1,1826;6820369,0.4334,17,1826;6824532,0.457123,14,1826;6825144,0.342721,1,1826;6178681,0.500099,17,1826;6179299,0.491652,1,1826;6187809,0.520897,17,1826;6198465,0.399068,1,1826;6207326,0.690269,17,1826;6217008,0.384076,17,1826;6228768,0.373712,1,1826;6232263,0.369554,1,1826;6239207,0.64425,16,1826;6244948,0.436189,1,1826;6254657,0.331087,13,1826;6256574,0.410073,17,1826;6265238,0.564252,17,1826;6268306,0.421745,17,1826;6270617,0.401232,17,1826;6283764,0.597991,16,1826;6283821,0.390651,17,1826;6284409,0.07918,17,1826;6292391,0.46167,3,1826;6308080,0.225965,1,1826;6314741,0.168932,1,1826;6328027,0.124679,1,1826;7207730,0.349009,1,1826;7208753,0.404421,16,1826;7212348,0.712977,1,1826;7219063,0.28225,17,1826;7233208,0.432814,17,1826;7241056,0.303568,13,1826;7241592,0.158463,17,1826;7244178,0.178815,1,1826;7245163,0.234958,9,1826;7246702,0.269645,3,1826;7269298,0.563651,15,1826;7273461,0.219542,7,1826;7278722,0.388896,1,1826;7283214,0.303061,17,1826;7284002,0.377749,3,1826;7286516,0.129198,1,1826;6343377,0.470986,17,1826;6352512,0.265698,1,1826;6369072,0.345063,17,1826;6373217,0.467566,17,1826;6378661,0.426613,17,1826;6397630,0.333324,1,1826;6400166,0.424588,14,1826;6420478,0.298446,1,1826;6423999,0.240056,1,1826;6425526,0.48382,17,1826;6428584,0.187792,1,1826;6433570,0.366815,17,1826;6436061,0.172708,13,1826;6445103,0.515584,17,1826;6446009,0.424508,17,1826;6446349,0.443564,3,1826;6447522,0.388861,1,1826;6460458,0.209831,5,1826;6474442,0.283665,17,1826;6494813,0.703745,14,1826;6501683,0.34533,16,1826;6504569,0.585843,17,1826;7024787,0.522206,17,1826;7032548,0.371386,13,1826;7032557,0.501046,17,1826;7040488,0.360928,16,1826;7053743,0.380439,4,1826;7068611,0.227037,1,1826;7069166,0.569193,15,1826;7080046,0.108176,1,1826;7091562,0.376367,3,1826;7105959,0.365334,11,1826;7109970,0.331158,17,1826;7111328,0.481807,1,1826;7113015,0.583131,16,1826;7131022,0.434483,17,1826;7131606,0.246459,15,1826;7137703,0.067193,17,1826;7137890,0.569851,1,1826;7146267,0.517788,16,1826;7164678,0.32117,1,1826;7170498,0.135698,1,1826;7173515,0.394164,17,1826;7176370,0.385275,17,1826;7193633,0.138671,3,1826;6517831,0.408846,17,1826;6521693,0.327548,14,1826;6522932,0.596107,1,1826;6526925,0.48113,17,1826;6555423,0.358662,1,1826;6561953,0.590235,4,1826;6563287,0.425785,3,1826;6571877,0.432512,2,1826;6597672,0.831202,0,1826;6598560,0.386349,17,1826;6607048,0.409035,17,1826;6607365,0.257975,17,1826;6612786,0.592674,8,1826;6618329,0.345244,17,1826;6631347,0.470508,17,1826;6636281,0.007755,16,1826;6639299,0.367803,16,1826;6654932,0.301249,1,1826;6657302,0.361504,3,1826;6661797,0.190773,1,1826;5827985,0.523749,0,1826;5828185,0.409422,2,1826;5862883,0.544967,17,1826;5864182,0.195608,13,1826;5868225,0.475457,16,1826;5869378,0.387168,9,1826;5871403,0.194367,1,1826;5876869,0.320335,13,1826;5883389,0.364527,1,1826;5890311,0.205928,17,1826;5895359,0.653536,8,1826;5907893,0.484144,10,1826;5910281,0.213164,3,1826;5914641,0.492895,16,1826;5921714,0.491835,17,1826;5930270,0.45058,16,1826;5930501,0.405249,17,1826;5930811,0.434328,15,1826;5932775,0.453857,17,1826;5936297,0.46915,17,1826;5940642,0.247309,3,1826;5941337,0.281161,4,1826;5944438,0.434742,17,1826;5953472,0.249759,17,1826;5979259,0.413647,17,1826;5984511,0.242375,1,1826;5995709,0.502156,17,1826;1722002,0.433959,3,1826;1723374,0.436269,16,1826;1727978,0.280318,0,1826;1736225,0.473676,16,1826;1737228,0.203012,9,1826;1744260,0.223492,17,1826;1746511,0.390025,13,1826;1748590,0.469336,17,1826;1761430,0.245661,1,1826;1766292,0.434113,17,1826;1779553,0.420346,17,1826;1802763,0.653539,1,1826;1807112,0.373772,1,1826;1807771,0.331242,1,1826;1818051,0.639911,16,1826;1824504,0.249722,1,1826;1842454,0.296723,17,1826;1865154,0.350461,17,1826;1865299,0.276844,1,1826;347336,0.314829,1,1826;363627,0.48757,13,1826;363916,0.384082,3,1826;378849,0.288538,1,1826;380701,0.451695,13,1826;393631,0.244621,1,1826;409778,0.308598,7,1826;426448,0.497074,2,1826;428374,0.572312,3,1826;430537,0.248246,1,1826;441374,0.369906,1,1826;442848,0.338248,17,1826;445352,0.22679,1,1826;446281,0.250567,1,1826;453655,0.49081,2,1826;465828,0.004576,1,1826;499767,0.435831,17,1826;508938,0.1331,1,1826;1374886,0.209606,1,1826;1380200,0.552081,3,1826;1381709,0.315432,1,1826;1392603,0.49634,13,1826;1394049,0.355609,17,1826;1404186,0.33542,13,1826;1406325,0.251049,17,1826;1409518,0.575697,1,1826;1416161,0.131901,3,1826;1416292,0.279627,1,1826;1423739,0.470944,1,1826;1428521,0.641585,8,1826;1428638,0.366787,16,1826;1432358,0.434341,17,1826;1434121,0.313949,13,1826;1438882,0.195059,13,1826;1439034,0.596812,17,1826;1450241,0.316912,17,1826;1456641,0.254578,9,1826;1457228,0.28954,13,1826;1461505,0.332823,13,1826;1462651,0.645692,8,1826;1466785,0.275414,4,1826;1481808,0.447162,17,1826;1492978,0.286816,1,1826;1502760,0.397454,16,1826;1506379,0.257433,3,1826;1512411,0.402378,3,1826;1522558,0.328467,13,1826;1536943,0.370849,17,1826;1060307,0.222691,1,1826;1067377,0.441781,17,1826;1081217,0.137628,13,1826;1096690,0.467794,2,1826;1107410,0.464539,17,1826;1112174,0.747603,1,1826;1117595,0.33003,1,1826;1119416,0.679824,16,1826;1138229,0.452027,1,1826;1139029,0.350789,1,1826;1141051,0.185835,17,1826;1141711,0.468354,13,1826;1156733,0.466018,13,1826;1160470,0.640654,8,1826;1166327,0.447413,13,1826;1167453,0.317842,13,1826;1174762,0.717465,4,1826;1183291,0.258755,7,1826;1186780,0.380927,3,1826;1198189,0.52891,0,1826;173740,0.446134,1,1826;175561,0.289974,17,1826;185003,0.495171,16,1826;190967,0.440716,17,1826;196004,0.320417,3,1826;199090,0.160599,3,1826;207023,0.261161,11,1826;207241,0.409628,1,1826;208031,0.216757,1,1826;223569,0.504678,16,1826;231384,0.209487,1,1826;249305,0.328315,1,1826;253603,0.302397,3,1826;256247,0.438194,14,1826;270089,0.280445,1,1826;277914,0.357191,1,1826;292597,0.318293,1,1826;294757,0.80399,1,1826;301651,0.395574,13,1826;303233,0.436019,0,1826;304648,0.295937,9,1826;328009,0.884985,4,1826;331058,0.416479,1,1826;334602,0.485865,17,1826;686894,0.539212,16,1826;696114,0.446618,17,1826;711218,0.258829,17,1826;713383,0.435171,17,1826;728147,0.390624,17,1826;737082,0.13697,1,1826;737858,0.363216,16,1826;748140,0.318219,9,1826;753744,0.155349,13,1826;767855,0.413865,17,1826;769984,0.53647,3,1826;770231,0.345487,15,1826;811864,0.230253,17,1826;814586,0.121779,9,1826;815443,0.445505,1,1826;817904,0.410965,1,1826;819482,0.221453,1,1826;833110,0.176994,0,1826;833438,0.467445,3,1826;842625,0.432101,17,1826;851839,0.007971,16,1826;1547311,0.634504,16,1826;1554936,0.280336,13,1826;1557009,0.590881,13,1826;1567524,0.282225,17,1826;1573189,0.414669,1,1826;1573584,0.229629,4,1826;1603457,0.229397,1,1826;1606335,0.283539,16,1826;1619081,0.398138,1,1826;1624976,0.286741,13,1826;1628373,0.512797,17,1826;1637946,0.347444,3,1826;1642719,0.341628,1,1826;1646896,0.332941,13,1826;1649280,0.24815,16,1826;1663994,0.151058,1,1826;1664719,0.168188,13,1826;1667205,0.273661,7,1826;1688856,0.365577,17,1826;1696390,0.363015,4,1826;1712999,0.350242,1,1826;859988,0.309323,3,1826;862287,0.239785,13,1826;880254,0.595938,4,1826;888887,0.43669,17,1826;891447,0.07432,1,1826;895711,0.343451,10,1826;900238,0.311569,17,1826;903658,0.440383,1,1826;905394,0.417657,1,1826;905729,0.386926,1,1826;906195,0.735581,15,1826;908107,0.195853,17,1826;916281,0.285391,1,1826;921452,0.290997,17,1826;934689,0.281104,0,1826;936755,0.687703,16,1826;940253,0.609283,11,1826;945582,0.223675,17,1826;945601,0.347186,14,1826;957345,0.356451,3,1826;987572,0.406625,7,1826;998325,0.375721,2,1826;1001090,0.328921,14,1826;1012957,0.407859,17,1826;1014277,0.357899,17,1826;1024552,0.547247,13,1826;1027535,0.384319,1,1826;1028269,0.474014,2,1826;1959,0.307619,3,1826;6030,0.426528,10,1826;26037,0.292181,1,1826;26364,0.280152,17,1826;33574,0.151364,13,1826;47972,0.265135,13,1826;48600,0.273948,17,1826;50091,0.384748,13,1826;59277,0.235477,1,1826;82670,0.279894,8,1826;84062,0.216146,9,1826;91692,0.169143,1,1826;105004,0.405227,17,1826;106861,0.169944,13,1826;110872,0.388214,16,1826;114607,0.602771,1,1826;139524,0.390014,1,1826;146815,0.314474,1,1826;157985,0.313445,17,1826;159856,0.20965,1,1826;517972,0.372025,14,1826;536384,0.164995,1,1826;554644,0.43977,17,1826;559210,0.446501,17,1826;570417,0.215747,17,1826;571942,0.299225,1,1826;577681,0.30686,1,1826;578650,0.135746,1,1826;582463,0.326902,17,1826;590928,0.398158,8,1826;593161,0.344586,19,1826;603448,0.441676,17,1826;605535,0.298029,3,1826;607622,0.383067,1,1826;616576,0.14865,13,1826;617245,0.221061,13,1826;617627,0.368622,3,1826;623631,0.217456,3,1826;625496,0.798408,1,1826;627365,0.272674,1,1826;635625,0.243602,17,1826;636211,0.203964,1,1826;642077,0.759018,1,1826;647240,0.532957,17,1826;648169,0.217712,1,1826;650175,0.332359,7,1826;657089,0.425854,15,1826;663650,0.194099,17,1826;667586,0.274447,1,1826;672087,0.164251,13,1826;673990,0.221934,0,1826;674052,0.391379,17,1826;674532,0.32967,16,1826;678876,0.355599,16,1826;685607,0.443022,16,1826;1200342,0.415615,1,1826;1201118,0.139413,1,1826;1209642,0.643802,17,1826;1211061,0.45679,1,1826;1212823,0.469996,2,1826;1215075,0.333217,1,1826;1232997,0.519763,17,1826;1236271,0.264389,16,1826;1236432,0.163266,1,1826;1244487,0.42671,17,1826;1265110,0.185262,1,1826;1266550,0.840988,15,1826;1274421,0.476368,17,1826;1292901,0.210724,1,1826;1295861,0.272851,17,1826;1305744,0.564909,1,1826;1306051,0.392281,10,1826;1307128,0.358361,1,1826;1317224,0.496928,17,1826;1337581,0.228468,7,1826;1344225,0.638525,16,1826;1347578,0.172779,1,1826;1371199,0.519369,13,1826;1371778,0.626817,17,1826;1892139,0.353229,10,1826;1903710,0.383225,3,1826;1906936,0.495229,2,1826;1911296,0.572109,17,1826;1911643,0.267216,1,1826;1915201,0.238429,1,1826;1917851,0.35252,13,1826;1931674,0.204243,1,1826;1932168,0.581662,17,1826;1940335,0.359962,1,1826;1948829,0.451561,17,1826;1951704,0.5806,15,1826;1961823,0.464546,17,1826;1963171,0.456237,13,1826;1993558,0.623659,3,1826;1999906,0.45837,16,1826;2016336,0.257926,9,1826;2017509,0.323565,17,1826;2028222,0.446246,1,1826;2030513,0.07684,13,1826;2042721,0.380375,1,1826;2044497,0.720332,1,1826;2047162,0.496176,1,1826;2068830,0.414524,17,1826;2069011,0.446947,5,1826;2071540,0.523113,16,1826;2073134,0.31081,1,1826;2097665,0.485014,17,1826;2102107,0.380589,11,1826;2102354,0.365598,17,1826;2104532,0.252662,1,1826;2114152,0.441089,17,1826;2120217,0.422254,1,1826;2125508,0.200674,1,1826;2131206,0.564821,3,1826;2138783,0.153575,11,1826;2139114,0.417592,1,1826;2139907,0.611594,16,1826;2141112,0.406221,16,1826;2141421,0.19085,17,1826;2151864,0.344781,17,1826;2153634,0.206534,3,1826;2190682,0.187141,1,1826;2190934,0.447317,17,1826;2198964,0.43278,17,1826;2199108,0.500539,1,1826;2199706,0.420244,17,1826;2215048,0.426006,17,1826;2219778,0.406526,1,1826;2223862,0.431193,16,1826;2233070,0.632715,8,1826;2236144,0.369422,16,1826;2246900,0.730704,8,1826;2259260,0.303745,1,1826;2262956,0.432731,17,1826;2286367,0.550981,8,1826;2295537,0.412551,3,1826;2295871,0.492026,17,1826;2301272,0.476815,16,1826;2302581,0.310198,10,1826;2312264,0.207608,1,1826;2314230,0.496987,13,1826;2315000,0.585015,17,1826;2322788,0.353621,3,1826;2323948,0.339497,4,1826;2326506,0.564217,8,1826;2333096,0.306527,17,1826;2336117,0.387031,10,1826;2341896,0.279917,1,1826;2348807,0.252959,1,1826;2350341,0.35565,14,1826;2352992,0.457354,16,1826;2360061,0.190583,1,1826;2363506,0.258876,1,1826;2370413,0.310098,17,1826;2374194,0.261961,13,1826;2375047,0.38723,1,1826;2395343,0.297981,1,1826;2406212,0.627638,1,1826;2408453,0.391973,1,1826;2414829,0.365746,16,1826;2420519,0.249637,3,1826;2430814,0.334919,1,1826;2438467,0.22892,1,1826;2452745,0.227694,1,1826;2453480,0.216086,13,1826;2462473,0.430884,2,1826;2471408,0.201977,16,1826;2486592,0.262865,1,1826;2513070,0.330929,11,1826;2514698,0.517255,14,1826;2518128,0.306858,3,1826;2524974,0.211456,1,1826;2526919,0.370597,7,1826;2530897,0.54564,17,1826;2535411,0.085846,1,1826;2545660,0.493441,17,1826;2554123,0.664956,13,1826;2555409,0.394342,11,1826;2563386,0.491593,17,1826;2565880,0.529849,4,1826;2568462,0.295199,1,1826;2573324,0.445165,17,1826;2582489,0.360357,1,1826;2588271,0.430305,1,1826;2592932,0.354335,3,1826;2598284,0.362711,1,1826;2599116,0.425594,17,1826;2605683,0.126551,17,1826;2607082,0.34965,4,1826;2631000,0.25908,13,1826;2634453,0.634178,2,1826;2638502,0.442084,16,1826;2677936,0.333432,1,1826;2688659,0.455468,1,1826;2704553,0.2789,1,1826;2705460,0.222688,1,1826;2721911,0.643872,3,1826;2730584,0.11431,1,1826;2743271,0.211142,17,1826;2743800,0.119939,1,1826;2746089,0.25233,11,1826;2747799,0.230229,17,1826;2753713,0.462142,16,1826;2785956,0.155197,1,1826;2815216,0.502136,1,1826;2816744,0.150177,1,1826;2817535,0.500156,17,1826;2823494,0.308943,17,1826;2831099,0.498474,1,1826;2832250,0.403335,16,1826;2840946,0.30719,1,1826;2843773,0.41698,14,1826;2844293,0.420803,4,1826;2845496,0.498457,1,1826;2852226,0.389711,1,1826;2862550,0.201485,9,1826;2877577,0.265178,17,1826;2882172,0.268341,17,1826;2883403,0.275801,1,1826;2887196,0.204822,1,1826;2890588,0.630696,3,1826;2895513,0.48325,3,1826;2897067,0.289362,1,1826;2914736,0.460163,7,1826;2926369,0.284539,1,1826;2932469,0.277092,17,1826;2936640,0.443054,17,1826;2941743,0.190349,17,1826;2941926,0.382532,17,1826;2945522,0.341535,17,1826;2980710,0.447919,1,1826;2987464,0.499184,2,1826;2989467,0.246863,17,1826;2990695,0.2071,1,1826;3008373,0.525443,17,1826;3017379,0.307588,13,1826;3021757,0.20134,1,1826;3037037,0.608098,17,1826;3042733,0.228482,17,1826;3043938,0.428653,16,1826;3058649,0.374393,17,1826;3061945,0.538687,11,1826;3067010,0.329496,17,1826;3078360,0.385909,17,1826;3088660,0.014276,17,1826;3090161,0.449936,17,1826;3091284,0.534079,17,1826;3101929,0.194106,1,1826;3110025,0.216677,4,1826;3127566,0.210157,1,1826;3129335,0.593522,17,1826;3135459,0.354976,17,1826;3138217,0.335136,16,1826;3138474,0.309714,3,1826;3148929,0.49377,1,1826;3150114,0.564421,10,1826;3151028,0.430675,6,1826;3159676,0.211828,1,1826;3181799,0.39872,13,1826;3182657,0.419102,17,1826;3185205,0.288133,17,1826;3190014,0.247869,1,1826;3192925,0.253487,9,1826;3197542,0.186853,13,1826;3208589,0.390946,3,1826;3222612,0.461206,17,1826;3223734,0.268385,10,1826;3232248,0.310309,16,1826;3235715,0.71415,14,1826;3254096,0.418636,17,1826;3261162,0.413998,17,1826;3261805,0.329995,1,1826;3278371,0.289922,17,1826;3283352,0.140696,13,1826;3288028,0.422969,17,1826;3290112,0.404537,3,1826;3331171,0.514939,8,1826;3339254,0.260472,3,1826;3346193,0.391829,1,1826;3347414,0.247853,3,1826;3351060,0.304003,10,1826;3352018,0.287404,17,1826;3355814,0.166824,1,1826;3356526,0.386108,17,1826;3391536,0.486801,10,1826;3392330,0.390461,11,1826;3397645,0.188654,3,1826;3414030,0.73741,1,1826;3421627,0.666046,8,1826;3439864,0.086621,1,1826;3445011,0.371391,17,1826;3461598,0.272955,1,1826;3480311,0.461269,17,1826;3480503,0.410753,17,1826;3481239,0.429839,17,1826;3482973,0.717251,3,1826;3489817,0.381569,17,1826;3490121,0.448814,3,1826;3498354,0.595634,8,1826;3512659,0.347827,3,1826;3524657,0.246502,1,1826;3545470,0.593109,17,1826;3547464,0.415537,17,1826;3547843,0.256841,17,1826;3548261,0.312007,1,1826;3555747,0.37022,17,1826;3585317,0.23287,4,1826;3585474,0.495134,17,1826;3586799,0.603337,1,1826;3592019,0.188023,13,1826;3597498,0.378819,1,1826;3600736,0.306395,11,1826;3602067,0.125169,13,1826;3612768,0.423601,2,1826;3612869,0.185523,1,1826;3613673,0.651328,11,1826;3623717,0.303918,19,1826;3625116,0.279437,1,1826;3626254,0.550523,10,1826;3651386,0.269127,7,1826;3654600,0.320107,16,1826;3668821,0.330042,14,1826;3672102,0.182807,17,1826;3672283,0.605697,3,1826;3676345,0.640834,13,1826;3677618,0.296793,17,1826;3687962,0.21279,1,1826;3691449,0.726031,10,1826;3695183,0.329281,3,1826;3705119,0.369633,1,1826;3705337,0.370412,1,1826;3708312,0.405099,17,1826;3710707,0.571455,16,1826;3712266,0.550216,17,1826;3716488,0.315269,1,1826;3720935,0.424473,1,1826;3751625,0.225685,1,1826;3762470,0.369217,3,1826;3764177,0.24728,13,1826;3766060,0.306799,3,1826
47587313	5543753,0.668872,4,1709;4276094,0.316214,5,1709;1279020,0.218831,15,1709;1471924,0.642214,4,1709;1525267,0.471233,5,1709;1149247,0.567464,4,1709
47898073	6228272,0.441116,1,3111;6251741,0.369649,13,3111;6306806,0.381612,14,3111;6852836,0.212662,7,3111;6879307,0.291783,1,3111;6880734,0.277377,3,3111;7001448,0.393501,13,3111;7004041,0.322772,13,3111;5653934,0.215767,13,3111;5656194,0.277394,15,3111;5658835,0.327537,9,3111;5659327,0.221735,17,3111;5689484,0.387006,1,3111;5698536,0.45971,1,3111;5724775,0.367594,11,3111;5788191,0.232563,1,3111;7046625,0.390191,1,3111;7051607,0.584584,8,3111;7116978,0.453039,17,3111;7189687,0.41509,1,3111;6480668,0.280086,9,3111;6063467,0.301755,1,3111;6065490,0.215633,17,3111;6078232,0.300599,1,3111;6145750,0.218864,20,3111;6156166,0.258079,4,3111;6527338,0.760659,1,3111;6553293,0.253056,1,3111;6609216,0.337082,1,3111;6761738,0.351444,13,3111;6780973,0.111859,4,3111;6798898,0.245806,1,3111;6805160,0.238374,17,3111;3757950,0.233452,17,3111;3764611,0.262215,5,3111;4550421,0.425907,7,3111;5045460,0.380882,1,3111;5066459,0.305587,17,3111;5081073,0.394066,1,3111;5094573,0.489141,1,3111;5112266,0.312459,3,3111;3986472,0.292802,14,3111;4029521,0.149231,1,3111;4050580,0.409347,1,3111;4095334,0.417057,4,3111;4100244,0.359994,18,3111;5535556,0.151374,17,3111;5538160,0.323582,17,3111;5608783,0.362842,4,3111;5620504,0.321895,1,3111;4668399,0.304338,1,3111;4734875,0.797859,8,3111;3802653,0.217036,17,3111;3932473,0.745002,16,3111;3934409,0.436313,1,3111;4290249,0.49731,20,3111;4335430,0.36197,17,3111;4436418,0.498475,15,3111;4443982,0.311895,1,3111;4810475,0.264165,13,3111;4871603,0.365115,1,3111;4875990,0.270503,4,3111;4877195,0.334491,4,3111;4954556,0.258032,3,3111;4247671,0.149321,1,3111;5439967,0.25125,9,3111;5458837,0.246711,1,3111;5473782,0.19141,1,3111;5216239,0.318016,7,3111;5284542,0.321212,1,3111;5291729,0.713374,8,3111;1904330,0.237478,3,3111;1935000,0.215859,13,3111;1953668,0.353607,1,3111;1982631,0.20475,1,3111;1988935,0.421207,15,3111;1999081,0.394823,13,3111;2147174,0.722516,8,3111;2165314,0.325633,3,3111;2180337,0.393513,1,3111;2266150,0.470089,1,3111;2298883,0.642018,8,3111;2350772,0.070458,20,3111;2446639,0.260843,1,3111;2578902,0.494191,1,3111;2634999,0.553431,4,3111;2785638,0.296616,1,3111;2872773,0.414102,1,3111;2957198,0.436816,13,3111;2958124,0.213122,20,3111;3004199,0.386705,1,3111;3052961,0.293948,13,3111;3143724,0.309427,17,3111;3160435,0.45207,13,3111;3291643,0.354526,1,3111;3331117,0.417707,1,3111;3415980,0.304043,1,3111;3469474,0.305406,1,3111;3538546,0.407115,1,3111;3592439,0.487112,1,3111;1081224,0.309988,16,3111;1118044,0.512355,1,3111;1140948,0.319966,3,3111;1183075,0.474396,13,3111;73479,0.398883,1,3111;175199,0.229925,14,3111;184211,0.427224,1,3111;218290,0.316162,13,3111;297511,0.452108,2,3111;306554,0.372971,14,3111;317813,0.334686,13,3111;1402320,0.344177,3,3111;1415506,0.541936,14,3111;1433200,0.221282,1,3111;1471614,0.29558,17,3111;1498207,0.293355,1,3111;1713415,0.222976,9,3111;1713824,0.280772,11,3111;1758781,0.584797,8,3111;1869807,0.415239,3,3111;532042,0.42778,18,3111;539304,0.367217,1,3111;609523,0.171612,17,3111;482344,0.328449,13,3111;699501,0.452532,1,3111;850406,0.276832,1,3111;1592134,0.364541,20,3111;1636480,0.372706,14,3111;1647320,0.421765,1,3111;1669865,0.303174,2,3111;891230,0.27851,4,3111;924237,0.298897,1,3111;983422,0.006821,1,3111;1023322,0.470617,13,3111
48231151	5663068,0.507628,14,2974;5667268,0.412081,12,2974;5669629,0.366847,17,2974;5688505,0.467617,13,2974;5698351,0.270807,11,2974;5730415,0.272041,17,2974;5789392,0.598457,11,2974;6722307,0.313999,11,2974;6737290,0.237505,17,2974;6772780,0.308883,11,2974;6790175,0.519522,16,2974;6825000,0.463094,11,2974;6832740,0.480202,17,2974;6835107,0.478622,17,2974;6841386,0.436562,1,2974;6847691,0.344508,11,2974;7249700,0.342244,18,2974;7253305,0.582248,11,2974;6099681,0.425097,8,2974;6099995,0.255146,16,2974;6134817,0.627006,16,2974;6152877,0.505178,14,2974;6862525,0.460316,1,2974;6883201,0.50662,17,2974;6883702,0.236662,13,2974;6898628,0.401569,3,2974;6917132,0.287066,17,2974;6940474,0.322302,15,2974;6952228,0.66697,14,2974;6985626,0.380377,4,2974;7000976,0.093297,1,2974;7004328,0.363201,13,2974;7013281,0.587185,4,2974;6413297,0.142668,11,2974;6417600,0.594323,11,2974;6429509,0.435643,16,2974;6442754,0.808854,14,2974;6493609,0.385729,13,2974;6500794,0.288032,3,2974;6505891,0.427177,13,2974;6514027,0.22444,8,2974;6557523,0.638558,11,2974;6619041,0.357594,1,2974;6630198,0.271958,4,2974;6650532,0.543201,16,2974;6655865,0.270473,15,2974;6656404,0.490056,16,2974;6665976,0.399791,17,2974;6673437,0.659247,16,2974;6674788,0.312939,11,2974;5826026,0.231654,17,2974;5865682,0.216011,17,2974;5883188,0.501371,17,2974;5886872,0.45734,16,2974;5912650,0.439512,14,2974;5919366,0.646337,11,2974;5925591,0.682096,15,2974;7120176,0.272365,0,2974;6260726,0.41807,17,2974;6277093,0.495925,16,2974;6310437,0.711079,8,2974;3779898,0.515736,14,2974;3872430,0.180722,17,2974;3937603,0.506421,8,2974;4366765,0.601672,8,2974;4369186,0.466136,8,2974;4375109,0.317066,17,2974;4384291,0.481105,16,2974;4443831,0.410937,17,2974;5157828,0.432312,11,2974;5190123,0.541211,14,2974;5194110,0.347924,8,2974;5207144,0.354728,1,2974;5217241,0.300262,13,2974;5222512,0.097306,11,2974;5238662,0.438011,0,2974;5283105,0.614948,11,2974;4997236,0.43153,14,2974;5039578,0.262078,14,2974;5041016,0.30236,17,2974;5052297,0.34877,1,2974;5053195,0.407501,15,2974;5076019,0.312587,8,2974;5076320,0.367118,16,2974;5115740,0.425233,18,2974;4798445,0.287561,4,2974;4799882,0.479891,17,2974;4804345,0.430186,8,2974;4837913,0.45368,17,2974;4837975,0.207027,1,2974;4850140,0.362719,18,2974;4856905,0.352111,17,2974;4859658,0.635458,14,2974;4884336,0.500644,16,2974;4892653,0.301515,3,2974;4898720,0.235449,3,2974;4900004,0.482025,8,2974;4959769,0.639238,11,2974;4123219,0.382396,17,2974;4214302,0.23423,3,2974;4235418,0.266061,8,2974;3952572,0.444827,18,2974;3968417,0.409145,8,2974;3994666,0.590346,8,2974;4042477,0.312081,6,2974;4076477,0.223994,17,2974;4087119,0.356567,1,2974;4500560,0.316478,1,2974;4541272,0.460633,15,2974;4597110,0.190369,11,2974;4607293,0.397853,9,2974;4618641,0.283338,5,2974;4627454,0.44667,13,2974;4660842,0.656051,8,2974;4684608,0.246361,17,2974;4686352,0.314441,17,2974;4709533,0.327069,11,2974;4715037,0.505989,1,2974;4725390,0.206767,17,2974;4736519,0.216064,1,2974;4781538,0.285785,17,2974;4791028,0.355644,17,2974;5502693,0.316979,13,2974;5563436,0.615102,14,2974;5575509,0.296761,8,2974;5641062,0.323716,8,2974;5314912,0.248654,13,2974;5369806,0.46909,3,2974;5385495,0.353149,18,2974;5396756,0.392824,7,2974;5457956,0.441426,2,2974;5476763,0.3343,17,2974;1408788,0.283407,17,2974;1416028,0.306819,11,2974;1418181,0.378742,11,2974;1477164,0.409101,11,2974;1493675,0.406583,13,203;1497143,0.139006,13,2974;1512493,0.382145,17,2974;1520438,0.528586,6,2974;1525045,0.301247,17,2974;1528089,0.353709,16,2974;1558087,0.226266,13,2974;1562858,0.297078,11,2974;1579910,0.362032,13,2974;1587142,0.252115,17,2974;1669938,0.246483,17,2974;1201110,0.364614,17,2974;1289914,0.343341,10,2974;1297465,0.37943,17,2974;1307663,0.320254,4,2974;1318956,0.372578,6,2974;1343276,0.484779,17,2974;1083067,0.227536,7,2974;1104409,0.479947,2,2974;1107071,0.709228,8,2974;1107869,0.217059,17,2974;1131420,0.39098,17,2974;1154674,0.388298,8,2974;1182864,0.284353,16,2974;1190946,0.363285,8,2974;564634,0.422248,17,2974;580461,0.363102,10,2974;591074,0.295277,8,2974;604080,0.191707,11,2974;676935,0.281184,17,2974;725764,0.236987,7,2974;726703,0.28704,4,2974;739856,0.389892,11,2974;753342,0.417544,14,2974;789083,0.639588,16,2974;851203,0.719398,8,2974;354037,0.357332,17,2974;360551,0.406403,17,2974;382355,0.766907,16,2974;449604,0.29833,3,2974;477061,0.364679,1,2974;512077,0.301208,8,2974;1718952,0.061319,17,2974;1734266,0.289214,9,2974;1780000,0.281874,17,2974;1872002,0.274467,11,2974;1876329,0.25842,17,2974;897562,0.249486,13,2974;907182,0.463057,17,2974;917472,0.518106,17,2974;940740,0.246364,17,2974;991834,0.336899,1,2974;1025320,0.365326,17,2974;236198,0.333238,17,2974;239020,0.615701,8,2974;258564,0.588217,4,2974;279812,0.197944,11,2974;301485,0.216339,1,2974;304222,0.335713,13,2974;340889,0.576529,8,2974;50683,0.335127,17,2974;61119,0.833613,4,2974;93649,0.346789,10,2974;143986,0.188112,1,2974;1918822,0.343502,11,2974;1927419,0.511696,11,2974;1939906,0.4915,2,2974;1940006,0.287258,17,2974;1968636,0.249384,17,2974;1971635,0.253567,12,2974;1979711,0.310797,11,2974;1983128,0.304925,17,2974;2049025,0.374696,4,2974;2136258,0.658781,8,2974;2139325,0.502495,10,2974;2143188,0.39779,0,2974;2168007,0.712443,14,2974;2281316,0.825718,11,2974;2317286,0.276865,1,2974;2319121,0.488407,14,2974;2440915,0.534756,8,2974;2445204,0.196196,11,2974;2482874,0.322497,18,2974;2524674,0.508361,1,2974;2552184,0.68662,11,2974;2557510,0.411479,10,2974;2590014,0.334416,11,2974;2674561,0.671699,16,2974;2700393,0.445223,13,2974;2741466,0.355647,11,2974;2870316,0.429258,17,2974;2929720,0.449552,17,2974;2946459,0.367153,4,2974;2967211,0.52518,14,2974;2973852,0.234108,2,2974;2988266,0.309803,11,2974;3026703,0.448479,16,2974;3033457,0.196165,3,2974;3053490,0.720804,8,2974;3054760,0.376672,1,2974;3059996,0.445753,16,2974;3069967,0.273781,11,2974;3098907,0.33456,11,2974;3132529,0.251156,14,2974;3172432,0.196172,8,2974;3183463,0.288055,1,2974;3184936,0.368965,4,2974;3219266,0.639516,8,2974;3221020,0.358713,17,2974;3232771,0.31607,11,2974;3238729,0.441219,14,2974;3238878,0.502741,18,2974;3287298,0.641442,8,2974;3316137,0.381803,11,2974;3328799,0.618375,14,2974;3337830,0.420518,7,2974;3390281,0.371648,15,2974;3410785,0.59917,16,2974;3414195,0.332731,14,2974;3415603,0.521912,11,2974;3498885,0.277348,8,2974;3545783,0.442261,17,2974;3646575,0.382441,13,2974;3651641,0.635489,8,2974;3654820,0.399717,1,2974;3677850,0.44168,17,2974;3709690,0.316108,12,2974;3710528,0.278141,16,2974;3735835,0.423359,13,2974;3761388,0.290787,15,2974;3765207,0.266406,2,2974
49027645	1140814,0.507133,18,898;789695,0.472584,18,898;832714,0.364804,18,898;1972324,0.374545,12,898;2251196,0.214489,13,898;4545460,0.37995,4,898;5472514,0.301343,18,898;4629153,0.306693,18,898;4754296,0.312119,18,898;5073995,0.31068,4,898;4256836,0.329125,18,898;3980995,0.335517,15,898;5575390,0.543952,18,898;5872303,0.41198,18,898;6507930,0.242242,13,898;5662527,0.270819,18,898
49066261	1886003,0.31517,13,1121;1886206,0.315146,1,1121;1891156,0.359791,1,1121;1895087,0.252307,17,1121;1907675,0.351815,18,203;1910945,0.634661,17,203;1925530,0.414955,13,1121;1927562,0.463808,10,203;1980303,0.207356,1,203;1982575,0.442391,8,1121;1982883,0.262604,1,203;1994435,0.375243,16,203;1998360,0.443025,13,203;2010048,0.116475,9,203;2012636,0.473234,17,1121;2024143,0.287427,1,203;2034931,0.435328,17,203;2043274,0.608756,16,203;2046382,0.265497,1,203;2052787,0.111706,12,1121;2053704,0.326057,1,203;2060101,0.297896,0,1121;2066660,0.341075,17,203;2102586,0.718944,10,1121;2114716,0.433614,6,203;2115412,0.25418,17,1121;2125374,0.063791,12,1121;2132447,0.266742,17,203;2133834,0.61124,16,203;2136211,0.335196,15,203;2137741,0.208493,3,1121;2138618,0.386908,17,203;2147136,0.185945,4,203;2156095,0.183808,3,203;2171014,0.096434,1,203;2171601,0.370653,1,203;2198433,0.367973,3,203;2200874,0.453714,1,1121;2220727,0.296664,13,1121;2220933,0.230327,13,203;2227379,0.456947,17,203;2243452,0.273067,13,203;2266838,0.308145,4,203;2276925,0.239454,17,1121;2278775,0.270486,16,203;2282760,0.320182,8,203;2286974,0.230588,17,1121;2289019,0.517838,16,203;2290402,0.225522,17,203;2292196,0.674654,16,203;2306000,0.28218,1,203;2313663,0.550639,17,203;2319619,0.484226,17,1121;2320812,0.188232,1,203;2335829,0.211101,17,203;2385353,0.127877,17,1121;2385493,0.603582,1,203;2387235,0.432039,17,203;2387502,0.270203,2,203;2393432,0.160117,13,203;2402007,0.189808,1,203;2408790,0.2352,12,1121;2420938,0.482091,16,203;2435300,0.27415,3,203;2441206,0.421449,1,203;2466649,0.626178,3,203;2468891,0.454881,1,203;2473158,0.419442,17,203;2478039,0.357146,17,203;2478810,0.374079,16,203;2481091,0.406965,16,203;2491835,0.030843,1,203;2501137,0.256827,1,203;2501501,0.136515,13,203;2511617,0.125263,1,203;2550775,0.285916,1,203;2553759,0.647088,3,203;2556060,0.192466,1,203;2565957,0.4524,17,1121;2566069,0.641824,1,203;2573380,0.297217,20,203;2585919,0.65367,3,203;2588169,0.345733,3,203;2598092,0.365113,1,1121;2601706,0.370011,9,203;2613377,0.241238,17,203;2622056,0.390942,17,1121;2655335,0.126505,13,203;2656510,0.198847,1,1121;2661102,0.611109,15,203;2662845,0.598613,17,203;2667054,0.215581,5,203;2687771,0.36909,15,203;2695137,0.216065,3,203;2700872,0.349974,17,1121;2707713,0.833991,4,1121;2729886,0.470973,2,203;2731450,0.391842,16,203;2732273,0.355588,17,1121;2734646,0.423677,8,1121;2737835,0.27443,1,203;2747273,0.271896,16,203;2753386,0.354182,13,1121;2823314,0.510558,8,1121;2828558,0.124015,1,203;2829647,0.31275,17,203;2837606,0.247313,19,203;2847134,0.352279,14,203;2849555,0.547564,11,1121;2862975,0.497341,1,1121;2863503,0.470948,17,203;2875770,0.369214,1,203;2877913,0.351703,9,203;2887433,0.331157,12,203;2890795,0.21572,17,203;2896782,0.308673,1,203;2897920,0.38669,17,203;2898369,0.264008,13,203;2904496,0.330427,1,203;2905040,0.326172,1,203;2912109,0.25765,13,203;2916645,0.518626,16,203;2917507,0.300579,3,203;2920419,0.384816,15,203;2932960,0.434892,17,1121;2939830,0.534676,1,203;2956819,0.182358,1,203;2974306,0.683488,16,1121;2982643,0.455175,16,203;2997079,0.316941,17,203;2998623,0.177462,1,203;3002389,0.341153,15,203;3007440,0.542181,10,203;3007749,0.265151,14,203;3009386,0.367971,1,203;3012539,0.605582,1,203;3013095,0.467456,1,203;3013424,0.284978,10,1121;3016070,0.150806,9,203;3021928,0.281913,17,203;3023901,0.310585,15,203;3025422,0.078996,1,203;3031484,0.389193,3,203;3033411,0.497855,17,203;3038819,0.092075,1,203;3043984,0.742794,11,203;3044042,0.249381,17,203;3046993,0.217458,1,203;3048265,0.619008,17,1121;3050052,0.217822,14,203;3055764,0.437464,17,203;3058215,0.383326,17,203;3076973,0.361896,17,1121;3078293,0.577154,8,1121;3080675,0.363753,18,203;3080936,0.445314,17,1121;3089273,0.406623,17,1121;3090030,0.44865,17,1121;3092547,0.664806,8,203;3130674,0.668715,13,1121;3151875,0.629084,16,203;3154709,0.319932,13,203;3163717,0.668394,16,203;3164019,0.309662,1,203;3169510,0.135273,1,203;3175894,0.271953,1,203;3183341,0.276563,1,203;3187930,0.38105,1,203;3190448,0.426273,17,203;3197035,0.317364,17,203;3205230,0.685486,16,203;3211153,0.341991,17,1121;3225633,0.202333,1,203;3235444,0.578025,1,1121;3236907,0.474473,8,203;3251392,0.652004,3,203;3253810,0.293343,4,1121;3255405,0.170717,4,1121;3259204,0.750341,16,1121;3259737,0.532256,17,1121;3266150,0.288237,17,203;3270522,0.582654,4,1121;3301386,0.634146,4,1121;3322619,0.690567,14,1121;3335036,0.613986,16,203;3335269,0.516397,1,203;3336200,0.426253,17,1121;3341070,0.022061,1,203;3350922,0.547017,8,203;3353156,0.24087,1,203;3362063,0.221303,7,203;3367189,0.584656,11,203;3374750,0.213766,17,203;3376610,0.146612,1,203;3387490,0.195018,9,203;3388463,0.392579,4,203;3391120,0.419544,10,203;3400237,0.425884,17,1121;3406662,0.337957,17,1121;3412632,0.241337,17,1121;3425840,0.222737,1,203;3427044,0.424308,1,1121;3432180,0.206719,13,203;3432371,0.222315,15,203;3438395,0.324908,17,1121;3449670,0.476321,17,1121;3452876,0.330167,1,203;3453110,0.55918,3,1121;3455853,0.381327,10,203;3467345,0.366622,17,1121;3486756,0.751924,1,203;3502104,0.095537,1,203;3502489,0.366021,1,203;3502546,0.519591,17,203;3532785,0.47471,1,1121;3547058,0.3472,10,203;3554615,0.499407,4,203;3557046,0.253849,15,1121;3559525,0.33117,1,203;3567305,0.447311,2,203;3567745,0.323972,15,203;3576593,0.519842,17,203;3589842,0.254073,17,203;3591396,0.176812,1,203;3603761,0.480481,17,203;3610123,0.528951,17,1121;3618879,0.391549,1,1121;3621570,0.628608,16,1121;3623183,0.136683,17,1121;3628905,0.28719,17,1121;3636900,0.23345,17,203;3637136,0.237998,13,203;3644089,0.220353,17,203;3648618,0.382277,17,203;3649874,0.260488,1,203;3656343,0.623456,16,203;3692278,0.633292,8,203;3700743,0.152467,17,203;3704600,0.4563,17,203;3716287,0.432122,3,203;3719394,0.358904,14,203;3719993,0.545954,17,203;3723491,0.319572,16,203;3728894,0.35698,16,203;3737193,0.307087,3,203;3739010,0.748689,8,1121;3740292,0.566997,17,203;3740739,0.207864,17,203;3746530,0.688203,16,203;3767198,0.322587,17,1121;394,0.382025,13,203;850,0.487286,3,203;8009,0.401922,11,203;13627,0.250195,4,203;26109,0.443821,17,203;39665,0.508387,16,203;43708,0.211563,15,203;50209,0.509915,17,203;58715,0.473679,7,203;60406,0.35893,17,203;74488,0.4011,15,203;82095,0.181852,1,203;89590,0.404101,17,203;100874,0.296164,17,203;130446,0.392749,13,203;141406,0.350639,17,203;164451,0.289752,1,1121;168564,0.484498,13,203;686114,0.178552,17,203;686635,0.219844,17,203;687535,0.230301,13,203;698436,0.529675,8,203;725047,0.391656,1,203;731317,0.182939,3,203;735746,0.662766,8,203;741418,0.561401,17,203;750894,0.259564,1,203;773065,0.650149,8,203;776236,0.424436,3,1121;783798,0.334696,1,203;786336,0.374965,13,203;796925,0.383917,1,1121;823810,0.312465,1,203;830099,0.424455,13,1121;834643,0.278355,16,203;840534,0.434521,1,203;849906,0.260185,13,1121;854573,0.347361,16,203;854678,0.583734,16,203;868249,0.245751,9,203;887511,0.448635,17,203;894279,0.376509,1,203;894445,0.378235,13,203;898590,0.332487,14,1121;903111,0.370246,1,1121;905386,0.162371,13,203;907763,0.360417,13,203;922240,0.326368,3,203;931422,0.396072,17,203;943683,0.389047,17,203;948996,0.408685,17,203;952281,0.84788,0,1121;954252,0.44427,1,203;958543,0.267003,13,203;961223,0.679337,16,203;963002,0.263421,17,203;963763,0.097146,1,203;966830,0.540467,16,203;972998,0.137742,13,203;980350,0.520041,17,203;981881,0.400916,17,1121;986762,0.517942,17,203;989337,0.503282,8,203;997308,0.714181,8,203;998092,0.452285,17,203;999040,0.434242,17,203;1001840,0.419283,1,203;1003566,0.329331,3,203;1021681,0.319829,1,203;1021967,0.68924,16,203;1026816,0.306198,12,203;1026867,0.332664,1,203;515551,0.663022,1,203;520571,0.675462,8,203;521424,0.380283,17,1121;526079,0.22256,17,203;526135,0.805778,8,203;540866,0.319849,17,203;542502,0.171559,13,203;547590,0.323498,1,203;559162,0.497033,11,203;564246,0.458176,1,1121;573446,0.483596,17,203;580618,0.381892,13,203;582612,0.341978,17,203;597947,0.560733,17,203;600699,0.273069,8,203;607099,0.47088,17,203;616296,0.598948,11,1121;627030,0.563751,8,203;642676,0.130649,1,203;644337,0.521447,1,203;661228,0.202469,17,203;662820,0.340968,17,203;684550,0.323235,9,203;1718002,0.076586,1,203;1733893,0.44524,17,203;1735216,0.245777,13,203;1752463,0.38155,15,203;1754915,0.449278,1,203;1781031,0.284448,9,203;1803808,0.326791,1,203;1827949,0.518589,16,203;1833108,0.436675,1,1121;1849407,0.478029,17,203;1853827,0.74216,8,203;1854808,0.093222,13,203;1856917,0.333646,13,1121;1861685,0.369857,17,1121;1869471,0.728981,16,1121;1880019,0.254742,17,203;1201464,0.505451,2,203;1204466,0.407409,17,203;1209471,0.276046,8,203;1212325,0.273129,1,203;1227520,0.34992,17,203;1233088,0.172349,1,203;1241287,0.460137,1,203;1247725,0.488142,1,203;1264535,0.366923,13,1121;1268489,0.307257,13,203;1276606,0.359421,17,203;1303070,0.503775,16,203;1311025,0.289139,1,203;1321458,0.399264,17,1121;1332296,0.419055,16,203;1341997,0.544205,17,203;1342578,0.190127,1,203;1346437,0.503081,13,1121;1348918,0.382665,8,203;1351869,0.364164,1,203;1357139,0.279125,1,203;1367325,0.582164,16,203;1392319,0.356584,17,203;1397764,0.350642,3,203;1399326,0.737497,10,1121;1406989,0.438306,17,203;1417883,0.762554,8,203;1420536,0.487436,2,203;1434333,0.757966,8,203;1441767,0.212794,17,1121;1451466,0.132904,1,203;1459436,0.322551,17,1121;1462551,0.190973,11,203;1470767,0.270155,14,203;1479366,0.607434,14,203;1491522,0.355622,3,203;1492811,0.385709,1,203;1493138,0.162025,1,203;1505574,0.244542,13,203;1514342,0.354944,1,1121;1523211,0.251354,9,203;1524027,0.47314,8,1121;186303,0.35309,12,203;193383,0.240004,5,1121;204223,0.346632,2,203;215267,0.477546,3,203;231544,0.269482,1,203;236815,0.745354,4,203;237626,0.384583,15,1121;240471,0.539135,8,203;241727,0.285616,1,1121;249157,0.482671,17,203;257389,0.12913,11,203;259213,0.544513,1,203;277741,0.326997,8,203;283353,0.16422,13,1121;284015,0.355481,1,1121;310338,0.310797,1,203;314350,0.674797,16,203;320942,0.066375,3,1121;325135,0.605952,16,203;329581,0.511273,16,203;337435,0.323078,17,1121;338204,0.515166,17,203;341254,0.538279,17,203;1033694,0.366237,17,203;1058352,0.640335,14,203;1060529,0.200686,13,203;1078209,0.408041,13,203;1080349,0.485567,17,1121;1082610,0.566398,16,203;1083824,0.398256,4,203;1100152,0.349608,1,1121;1103283,0.259291,13,203;1109968,0.486012,2,203;1125223,0.634631,1,1121;1135064,0.129878,16,203;1137054,0.28369,17,203;1145490,0.340266,1,203;1170579,0.262612,8,203;1171940,0.268742,17,203;1181022,0.336272,17,203;1181628,0.694275,8,203;1558374,0.447495,8,203;1570779,0.407666,17,203;1571418,0.321773,1,203;1578053,0.43204,16,203;1584660,0.195721,17,1121;1585978,0.251295,20,203;1595638,0.434224,4,203;1603924,0.220491,13,1121;1637058,0.166744,13,203;1645042,0.479898,13,203;1690998,0.327025,4,1121;1705562,0.675506,11,203;1709855,0.468721,1,203;1711558,0.799654,1,203;342404,0.295596,4,203;355814,0.266675,18,1121;360321,0.209027,1,1121;419743,0.148546,1,203;444629,0.252903,1,203;456383,0.295247,1,203;465404,0.718029,8,203;471416,0.271234,12,203;496048,0.535356,17,203;500190,0.22795,1,203;500812,0.330991,9,203;501086,0.209714,1,203;504958,0.586409,17,203;6513316,0.403586,17,1121;6517654,0.462236,17,203;6545196,0.405116,18,203;6547391,0.452715,17,203;6549939,0.253811,1,203;6551660,0.356438,17,203;6557302,0.360676,4,203;6559363,0.201857,8,1121;6573160,0.493741,16,203;6574775,0.281293,12,203;6577150,0.147257,1,203;6586715,0.655088,1,1121;6611932,0.140167,13,203;6612497,0.420998,17,203;6618591,0.42014,14,203;6620757,0.337852,1,203;6622651,0.600406,8,1121;6630307,0.059255,1,203;6636605,0.348694,1,1121;6652372,0.417193,3,203;6653257,0.362501,17,203;6653850,0.629295,13,203;6656767,0.411911,1,203;6660561,0.331585,13,203;6669509,0.152962,1,203;6671651,0.402644,17,203;6677512,0.409885,17,203;5655423,0.300199,1,203;5659394,0.22834,1,1121;5661944,0.577834,13,1121;5668200,0.343825,1,203;5670931,0.391742,3,203;5673581,0.133248,17,203;5677058,0.207284,17,203;5696383,0.489799,3,203;5715525,0.127957,17,203;5717680,0.497032,10,203;5718865,0.408663,17,203;5739809,0.404274,8,1121;5755031,0.339935,10,203;5760890,0.424571,17,203;5765986,0.026657,1,203;5769032,0.397266,14,203;5769306,0.35253,4,203;5794833,0.120311,17,1121;5799125,0.15367,1,203;5816032,0.30877,11,203;5820124,0.35561,5,203;6688999,0.322677,7,203;6694569,0.233226,1,203;6699996,0.600319,17,203;6703619,0.36449,11,203;6706952,0.739844,8,203;6708712,0.272283,2,203;6709745,0.432659,15,1121;6712753,0.327026,17,203;6715691,0.4163,16,203;6721299,0.640378,16,203;6729046,0.556559,15,203;6729290,0.639911,3,203;6733909,0.262349,3,203;6736789,0.552474,16,203;6739345,0.312334,1,203;6745727,0.524978,17,203;6757743,0.160076,13,203;6759688,0.405088,13,203;6767588,0.522606,8,203;6767589,0.084981,1,203;6773451,0.241997,1,1121;6784985,0.504257,10,203;6799277,0.404345,17,1121;6800179,0.675876,16,203;6813687,0.434066,17,203;6825743,0.364956,1,203;6829925,0.441687,17,203;6835143,0.230601,13,203;6837596,0.159058,9,203;6840383,0.448552,8,203;6850725,0.636902,8,203;6852917,0.363146,15,203;6858968,0.549118,16,203;6867894,0.357758,1,1121;6875394,0.322014,17,203;6878030,0.335074,12,203;6891286,0.187609,1,203;6904445,0.362534,17,203;6906794,0.246833,3,203;6907138,0.147036,1,203;6914409,0.631556,8,203;6915359,0.318837,1,203;6919532,0.27101,1,1121;6927874,0.252449,17,203;6929884,0.324574,17,203;6933862,0.725261,11,203;6935072,0.454382,16,203;6941257,0.33706,17,203;6943853,0.327414,7,203;6945220,0.492955,17,1121;6952492,0.326295,1,203;6965427,0.465048,14,1121;6988060,0.339221,8,203;6992494,0.357487,16,203;7000291,0.623586,16,203;7002742,0.436824,17,1121;7003237,0.401352,17,203;7021003,0.24905,17,203;6339842,0.145534,1,203;6343741,0.466734,7,203;6349395,0.154741,13,203;6361380,0.240854,1,203;6361582,0.337153,17,203;6361699,0.700361,8,203;6363210,0.600194,17,203;6367378,0.292115,13,1121;6370846,0.244756,13,203;6380943,0.508283,17,203;6381940,0.657328,16,203;6389097,0.407052,8,203;6410042,0.269273,13,203;6424911,0.335761,13,203;6425673,0.252432,1,203;6432093,0.147107,1,1121;6436242,0.35852,17,1121;6440383,0.168,17,1121;6441315,0.256617,13,203;6444875,0.261137,4,203;6447415,0.246538,9,203;6457748,0.141907,13,203;6475725,0.29409,1,203;6478033,0.639813,8,203;6500167,0.4186,16,203;6184999,0.353499,3,1121;6190422,0.332877,3,203;6202851,0.33783,18,203;6209295,0.329915,20,1121;6214192,0.295836,3,203;6214559,0.367544,17,203;6234740,0.304004,1,203;6238434,0.660799,16,203;6242585,0.244733,8,1121;6249002,0.175328,17,203;6249189,0.602971,11,203;6249343,0.267489,1,203;6270418,0.536593,3,203;6271401,0.092086,1,203;6274658,0.45238,17,203;6276875,0.205637,1,203;6277099,0.246696,1,203;6286583,0.203346,17,203;6293951,0.494096,20,203;6321521,0.392704,15,203;6323828,0.4261,12,203;5833308,0.460248,17,1121;5840455,0.352765,18,203;5844280,0.495535,16,203;5845267,0.647896,16,203;5854612,0.614732,3,203;5861414,0.493135,1,1121;5862988,0.587316,3,203;5866195,0.422696,13,203;5866683,0.405062,3,203;5869368,0.387335,1,203;5887426,0.329984,3,203;5889082,0.32641,12,1121;5895083,0.428806,1,203;5901422,0.20872,11,203;5906626,0.43591,17,203;5909671,0.40577,4,203;5917997,0.289168,14,203;5918404,0.68181,11,203;5919745,0.305357,17,203;5931525,0.371981,15,1121;5934123,0.522176,1,203;5935617,0.119884,16,203;5949185,0.082268,1,1121;5953420,0.407594,13,203;5955162,0.641407,8,203;5955467,0.397693,17,1121;5971160,0.38872,13,203;5983338,0.431541,18,203;5993428,0.186405,17,203;7198543,0.333841,1,203;7202300,0.168324,13,203;7202550,0.2033,1,203;7202722,0.312101,15,203;7219525,0.119713,13,203;7231631,0.443249,1,203;7232266,0.385767,17,203;7246768,0.819429,8,203;7249716,0.202236,1,1121;7250030,0.330359,17,203;7257613,0.404368,13,1121;7270599,0.185438,1,1121;7279864,0.555821,17,1121;7286789,0.370534,4,203;5997461,0.44564,8,203;5998226,0.732695,8,1121;5998254,0.499033,17,1121;6005258,0.196669,1,203;6018754,0.335633,18,203;6019237,0.191489,1,203;6020345,0.665676,8,203;6027755,0.289858,1,203;6028396,0.424662,16,203;6034355,0.26102,9,203;6037259,0.477289,17,1121;6039513,0.245553,17,203;6039856,0.394945,17,203;6043002,0.284993,1,203;6056307,0.337861,17,1121;6061525,0.236561,3,203;6073536,0.349536,1,203;6095984,0.502647,1,203;6096647,0.233279,4,203;6119818,0.666184,16,1121;6132309,0.218967,3,203;6132479,0.325431,11,203;6135236,0.242206,3,203;6136766,0.538744,1,1121;6138991,0.421189,17,203;6146023,0.15182,9,203;6146067,0.27286,1,203;6166108,0.661623,8,1121;7027141,0.439651,17,1121;7041228,0.17798,16,203;7043806,0.222567,4,203;7043822,0.383092,17,203;7046083,0.631358,8,203;7055634,0.256778,5,203;7058410,0.345579,16,203;7075106,0.447817,10,203;7086093,0.229477,17,203;7096979,0.403931,2,1121;7097715,0.487028,17,203;7109540,0.232865,17,203;7118013,0.38286,4,203;7125745,0.267763,11,1121;7131386,0.14373,9,203;7139517,0.211785,17,203;7140159,0.163727,13,203;7146486,0.286703,1,203;7155687,0.401069,17,203;7160365,0.325169,17,203;7164439,0.457581,4,203;5495505,0.179279,17,203;5496360,0.369951,1,203;5507606,0.542751,15,1121;5511288,0.330415,17,1121;5520193,0.432198,4,203;5524557,0.53803,8,1121;5543472,0.13049,1,203;5543540,0.37798,3,1121;5546864,0.426585,10,203;5552463,0.158619,7,203;5556707,0.468623,16,203;5559818,0.69579,8,1121;5573231,0.455388,13,203;5579863,0.46788,17,203;5609710,0.327426,16,203;5610068,0.16829,13,203;5626029,0.557143,8,203;5629767,0.154068,17,203;5632214,0.400674,16,203;5637771,0.282798,17,1121;5639030,0.419191,1,203;5640728,0.451373,13,1121;5646259,0.403339,17,203;5651229,0.582081,20,1121;5155065,0.359287,17,203;5175548,0.414944,16,203;5176636,0.130553,3,203;5177791,0.369929,13,1121;5179148,0.435664,9,203;5180776,0.389393,14,1121;5181844,0.282084,13,203;5186650,0.369402,13,203;5186808,0.383289,13,203;5189163,0.263382,17,203;5212998,0.500471,17,203;5228254,0.331806,18,1121;5232029,0.435496,17,203;5232129,0.473686,17,203;5241446,0.327737,13,1121;5242460,0.254397,17,203;5244578,0.300331,7,203;5247159,0.20017,16,203;5250724,0.369543,13,203;5259283,0.362347,1,203;5262574,0.42152,11,203;5263663,0.537031,8,203;5267709,0.276275,1,203;5274531,0.463239,9,203;5281550,0.319632,1,1121;5281570,0.545711,17,1121;5283734,0.396685,18,1121;5295562,0.364974,3,203;5297667,0.502764,17,203;4976688,0.343454,13,1121;4978025,0.408564,17,203;4981666,0.320105,13,1121;4984234,0.28726,1,203;5011779,0.569288,11,1121;5021263,0.288761,7,1121;5022029,0.285263,1,1121;5027042,0.587388,7,203;5042971,0.354267,3,203;5043325,0.399901,16,203;5046797,0.831998,1,203;5062082,0.163936,1,203;5080197,0.077346,13,203;5082427,0.274616,17,1121;5089624,0.777178,8,203;5093783,0.483289,17,203;5096404,0.555894,4,203;5103598,0.664781,17,203;5120299,0.257186,17,203;5121498,0.790146,16,203;5122639,0.323311,1,203;4802767,0.40061,1,1121;4807207,0.337892,1,203;4810117,0.360275,7,203;4825905,0.277551,17,203;4828948,0.459068,17,203;4836156,0.308548,17,203;4886263,0.503003,16,203;4893864,0.319344,17,1121;4909032,0.348978,1,203;4909070,0.23947,1,203;4916633,0.668285,16,203;4925592,0.391731,16,203;4930687,0.195964,1,203;4949780,0.486016,1,1121;4949804,0.567678,17,203;4962074,0.592339,8,203;4285737,0.272264,3,1121;4285888,0.540177,8,203;4300191,0.440978,1,203;4300468,0.23117,1,203;4305076,0.281091,9,203;4307270,0.288669,17,1121;4307725,0.223385,1,203;4311481,0.166349,1,203;4320137,0.450978,8,203;4322050,0.382594,3,203;4323750,0.758276,1,203;4325015,0.39556,17,1121;4327764,0.162324,13,203;4329406,0.267784,16,203;4330304,0.206533,1,203;4334388,0.450127,16,203;4347249,0.288719,1,203;4354496,0.218239,1,203;4389893,0.359567,17,203;4398580,0.612306,17,203;4414884,0.182033,1,203;4419327,0.403139,8,203;4427094,0.559218,1,203;4445208,0.063386,17,1121;4446185,0.147238,7,203;4117685,0.340091,15,203;4122198,0.288902,3,203;4128518,0.501941,1,203;4140547,0.364692,13,1121;4144607,0.38528,17,203;4151692,0.519742,4,203;4152359,0.477398,17,203;4159225,0.178364,1,203;4160679,0.183582,1,1121;4176149,0.4373,17,203;4190776,0.207772,11,203;4194515,0.192148,1,1121;4194796,0.423887,14,1121;4195667,0.511558,16,203;4203794,0.604882,8,203;4216215,0.365359,2,1121;4223972,0.580508,1,203;4228243,0.366806,17,203;4230873,0.29451,1,1121;4232720,0.639618,16,203;4234684,0.112517,4,203;4245968,0.424948,17,203;4261235,0.332171,17,1121;4280725,0.371121,14,203;3786075,0.267887,1,203;3818977,0.584442,3,203;3827803,0.210052,17,1121;3831924,0.306,1,1121;3843929,0.682302,16,203;3845346,0.337571,17,203;3846040,0.288587,17,1121;3848277,0.768434,1,203;3849660,0.501119,17,203;3867269,0.62231,16,203;3868420,0.187676,1,203;3877502,0.325244,1,203;3882551,0.350137,1,203;3887508,0.374489,1,203;3905763,0.721725,0,1121;3914714,0.370941,18,1121;3919252,0.347116,18,203;3932936,0.370314,17,1121;3935563,0.328467,1,1121;3936454,0.326027,9,1121;5312214,0.310611,10,203;5313996,0.353862,18,203;5316289,0.293806,13,1121;5321023,0.248756,17,203;5323377,0.401131,17,203;5339838,0.24967,3,203;5340288,0.409373,1,203;5348314,0.649311,16,203;5355994,0.321486,10,203;5358794,0.243287,13,203;5358916,0.171093,1,1121;5363594,0.320612,17,203;5366341,0.629679,8,203;5369190,0.339184,4,203;5378381,0.439858,16,203;5383410,0.413094,17,203;5391227,0.422212,16,203;5391914,0.371204,18,1121;5392227,0.507371,3,203;5398385,0.381062,17,203;5405204,0.368501,16,203;5406468,0.690733,16,203;5412613,0.581249,13,203;5415371,0.388733,17,203;5420248,0.415341,16,203;5420653,0.163777,1,203;5423374,0.412796,17,203;5425579,0.628718,8,203;5426245,0.417438,18,203;5428524,0.413333,16,203;5429199,0.262264,12,1121;5442122,0.34352,1,203;5446736,0.433734,13,203;5450638,0.282715,6,203;5451897,0.145764,17,1121;5451899,0.402119,15,203;5454828,0.32043,17,203;5459258,0.270255,3,203;5470272,0.314778,1,203;5475079,0.219133,16,203;5481226,0.399919,4,203;4475624,0.253208,17,203;4488586,0.448905,4,203;4497339,0.396114,14,1121;4501757,0.77484,8,1121;4526528,0.320813,17,203;4534515,0.390231,17,1121;4535977,0.585092,16,203;4541942,0.501602,13,1121;4542892,0.690334,8,203;4558021,0.480254,7,203;4558089,0.566674,4,203;4571207,0.323188,16,203;4573039,0.319702,13,203;4575241,0.723808,1,203;4591759,0.341107,11,1121;4595691,0.276051,16,203;4612588,0.355713,8,203;4615188,0.350535,12,203;4620453,0.457021,8,1121;3942265,0.370725,13,1121;3944492,0.506776,10,203;3945164,0.692591,8,203;3952564,0.399517,17,1121;3954346,0.360768,2,203;3960930,0.439661,17,1121;3963700,0.457894,17,1121;3972250,0.33226,18,1121;3973187,0.795495,15,203;3973825,0.67789,8,1121;3977399,0.395982,1,203;3981410,0.316388,17,1121;3990844,0.321714,15,203;4022799,0.398232,17,203;4025088,0.344744,16,203;4027452,0.190111,1,203;4036503,0.314621,8,1121;4041356,0.774606,1,203;4056625,0.162601,9,203;4059124,0.201325,1,203;4077048,0.544741,2,203;4080892,0.432383,17,203;4085586,0.285213,8,1121;4101598,0.459323,16,203;4102251,0.406553,17,1121;4106159,0.339661,1,203;4108651,0.065603,1,203;4643907,0.396394,17,203;4649509,0.312444,17,1121;4653892,0.761809,1,203;4654451,0.307312,1,203;4657616,0.614495,17,1121;4660791,0.126267,17,203;4665717,0.145065,1,203;4681240,0.107733,1,203;4694449,0.511741,17,203;4697709,0.411464,17,203;4703134,0.359299,18,203;4722825,0.629493,16,1121;4733046,0.381784,17,1121;4756935,0.288172,1,203;4759523,0.66332,16,203;4764447,0.497341,16,203;4769748,0.324037,17,1121;4775426,0.303672,17,203;4775932,0.296842,17,203;4777959,0.399163,1,203;4788127,0.482044,16,203;4797099,0.38858,3,203
49247828	2578473,0.164316,13,2774;3690071,0.295284,1,2774;3767324,0.441166,8,2774;817678,0.441254,8,2774;1228215,0.445823,8,2774;1521864,0.311178,18,2774;503781,0.155361,17,2774;6758418,0.617986,4,2774;6789665,0.71838,4,2774;6843388,0.541767,8,2774;6233032,0.264763,16,2774;6356302,0.258028,18,2774;6357618,0.212206,17,2774;6446734,0.118474,1,2774;5245822,0.264866,18,2774;4294000,0.23843,16,2774;4600981,0.596097,4,2774;5021374,0.480224,14,2774;4634856,0.221735,18,2774;4729866,0.219918,1,2774;3923822,0.151517,17,2774
49548357	4536489,0.248615,0,1443;4032558,0.194232,1,1443;4155257,0.284398,18,1443;4176178,0.429362,18,1443;4280976,0.398695,20,1443;4713741,0.416086,18,1443;4744344,0.301477,18,1443;4758044,0.225871,1,1443;3798007,0.451196,1,1443;3879996,0.364935,18,1443;4416975,0.302997,1,1443;4855457,0.3686,20,1443;4874946,0.208247,8,1443;4916951,0.456847,18,1443;4976045,0.271871,18,1443;5001201,0.274167,18,1443;5106132,0.345508,18,1443;5125058,0.311576,1,1443;6560985,0.372512,18,1443;5590388,0.341667,3,1443;5610392,0.312413,18,1443;5956836,0.315532,18,1443;6388526,0.280544,13,1443;6465911,0.369621,18,1443;6890201,0.263716,13,1443;6930380,0.333204,18,1443;6988900,0.278747,1,1443;7195556,0.464085,1,1443;6074729,0.371537,18,1443;1541925,0.22871,18,1443;598905,0.194883,1,1443;683769,0.407173,18,1443;1781763,0.39139,18,1443;420610,0.391935,4,1443;456580,0.413443,18,1443;915478,0.297759,18,1443;688299,0.362271,18,1443;794814,0.428348,18,1443;1037594,0.246867,18,1443;1581443,0.344117,18,1443;1615697,0.363924,18,1443;79473,0.323948,16,1443;93402,0.443555,4,1443;2083715,0.33424,1,1443;2143167,0.344695,18,1443;2166798,0.148338,16,1443;2207472,0.450523,18,1443;2220001,0.306352,18,1443;2224932,0.252212,18,1443;2264669,0.076329,1,1443;2400385,0.156032,1,1443;2507534,0.291544,8,1443;2712844,0.329886,18,1443;3162094,0.319491,18,1443;3367729,0.20916,1,1443;3468215,0.309232,18,1443;3543567,0.427387,3,1443;3680714,0.23288,18,1443;3736496,0.260345,1,1443
49680994	719231,0.240243,18,720;1767459,0.279048,18,720;1883597,0.491394,14,720;442788,0.132995,18,720;453342,0.40586,3,720;491202,0.083334,16,720;505701,0.099119,1,720;511761,0.30954,1,720;1418206,0.253862,18,720;1511266,0.141993,18,720;299958,0.271941,20,720;336090,0.451771,18,720;1553118,0.412695,18,720;1598085,0.170149,1,720;1599715,0.053221,1,720;1605097,0.358868,2,720;1636394,0.054825,16,720;1642382,0.418818,8,720;1304,0.19266,13,720;10879,0.318382,18,720;19404,0.349532,4,720;39505,0.403941,13,720;165972,0.198924,1,720;167792,0.331075,3,720;1257763,0.260427,16,720;1371441,0.542511,8,720;884819,0.307397,16,720;979455,0.275286,13,720;984676,0.088283,1,720;1015522,0.117951,1,720;532307,0.126717,16,720;539436,0.136823,1,720;582427,0.497355,1,720;596046,0.390773,16,720;621727,0.545159,13,720;641092,0.123226,1,720;644029,0.256595,8,720;1166632,0.280276,13,720;1894819,0.189338,18,720;1908462,0.175559,13,720;1968684,0.249473,18,720;2003919,0.61717,1,720;2006042,0.586011,14,720;2121262,0.643978,1,720;2251245,0.181091,1,720;2424475,0.338159,16,720;2441466,0.306119,1,720;2546839,0.260471,11,720;2567103,0.555296,1,720;2606480,0.214744,13,720;2668878,0.328607,8,720;2675328,0.19082,20,720;2796823,0.107876,17,720;2912352,0.327854,8,720;3056013,0.213744,20,720;3082241,0.369243,1,720;3187391,0.352766,18,720;3209347,0.197095,1,720;3210418,0.154607,11,720;3211176,0.172315,13,720;3308378,0.202036,14,720;3312945,0.288079,15,720;3373512,0.253668,1,720;3450255,0.362604,18,720;3469497,0.253845,1,720;3502781,0.232947,17,720;3658856,0.232711,18,720;3687560,0.225328,18,720;3692499,0.351582,4,720;3705536,0.268391,13,720;3721011,0.189068,1,720;3736310,0.260747,18,720;3748143,0.35804,1,720;6882838,0.254348,3,720;7005205,0.371355,16,720;7007512,0.213309,17,720;7014588,0.339443,3,720;5898870,0.210867,20,720;5945335,0.393762,17,720;6529419,0.510793,1,720;6538605,0.209243,15,720;6615705,0.205347,15,720;6628901,0.267028,18,720;7231309,0.398483,13,720;7249534,0.308793,16,720;6056859,0.147158,18,720;6138897,0.350113,10,720;6347769,0.248802,1,720;6436169,0.346143,13,720;6440823,0.228026,8,720;6772793,0.282278,1,720;6176768,0.249454,17,720;6257315,0.272032,20,720;6268951,0.299475,1,720;6308495,0.263427,1,720;6332691,0.221804,13,720;5736702,0.120329,16,720;5748163,0.184111,1,720;4892818,0.204239,1,720;4917756,0.261972,18,720;4929337,0.198145,20,720;4509041,0.194151,17,720;4517154,0.452885,13,720;4524410,0.266548,18,720;4593264,0.056695,1,720;4609660,0.542448,14,720;4619337,0.140502,18,720;3950477,0.462834,8,720;4014432,0.246445,11,720;4017356,0.363682,16,720;4026438,0.390484,13,720;4031198,0.260801,8,720;4046116,0.198997,11,720;4068937,0.193788,17,720;4075406,0.205475,17,720;5140106,0.253134,18,720;5338555,0.403019,18,720;5371395,0.309675,18,720;5451351,0.360217,13,720;5462938,0.226061,15,720;4734890,0.63418,10,720;4740080,0.211707,7,720;4781314,0.282194,16,720;3861705,0.219867,20,720;3907730,0.36661,18,720;5537904,0.386083,8,720;5581851,0.105641,17,720;5602972,0.234934,16,720;4142802,0.483767,4,720;4416552,0.328245,16,720
51000269	1051831,0.08196,15,540;1084351,0.800292,4,540;1133019,0.316146,17,540;1143440,0.207631,3,540;196894,0.429387,1,540;314426,0.401325,16,540;1845192,0.398816,15,540;918157,0.228525,1,540;959458,0.142568,3,540;989210,0.125451,13,540;380581,0.293704,1,540;420194,0.391397,4,540;846741,0.358343,3,540;853560,0.472552,0,540;23894,0.269554,17,540;53300,0.387077,16,540;1223740,0.312108,17,540;1274156,0.336066,13,540;1345220,0.116878,17,540;564478,0.365115,16,540;575830,0.255046,1,540;2339595,0.185046,1,540;2449816,0.305531,13,540;3011336,0.323612,14,540;3039541,0.335371,0,540;3081453,0.402802,13,540;3106014,0.20328,17,540;3368150,0.635572,8,540;3415915,0.190923,15,540;3504073,0.171029,17,540;3509966,0.343547,16,540;3556004,0.265643,15,540;3661081,0.104731,17,540;5608348,0.23482,4,540;7020791,0.326219,4,540;6346991,0.674747,8,540;6431766,0.358575,17,540;6315220,0.375567,1,540;5675398,0.327216,2,540;7257741,0.316429,1,540;6002128,0.330219,19,540;6166645,0.242258,17,540;5921467,0.595697,4,540;5961973,0.693897,4,540;5971047,0.649101,8,540;7194264,0.293442,9,540;7195531,0.18004,3,540;4231367,0.413879,17,540;3929351,0.426086,4,540;5256170,0.190368,17,540;5282033,0.327795,1,540;4689110,0.384245,14,540;4426094,0.577959,16,540;5392217,0.732758,8,540;5400611,0.646779,8,540;5475409,0.604954,4,540;4606668,0.178188,17,540
51120818	6134985,0.711446,4,2422;4280864,0.712229,4,2422;2715392,0.320644,15,2422
51416841	1891588,0.342401,11,1856;1941916,0.194755,11,1856;2003260,0.333383,12,1856;2060543,0.446755,2,1856;2114588,0.608686,16,1856;2121257,0.212364,1,1856;2148528,0.429824,10,1856;2240484,0.248659,17,1856;2252127,0.457148,8,1856;2272103,0.527056,14,1856;2277694,0.478449,3,1856;2304790,0.565444,3,1856;2348085,0.499213,3,1856;2412021,0.254149,16,1856;2412188,0.638645,8,1856;2467892,0.277338,7,1856;2534325,0.60607,16,1856;2583586,0.368707,1,1856;2615294,0.543313,8,1856;2618269,0.286703,9,1856;2618565,0.136097,17,1856;2645248,0.315884,15,1856;2697210,0.366631,1,1856;2752608,0.468695,13,1856;2757047,0.449477,17,1856;2791001,0.579842,16,1856;2795989,0.678288,16,1856;2852119,0.546381,14,1856;2860115,0.647746,7,1856;2878127,0.599039,16,1856;2910773,0.235379,3,1856;2959116,0.574033,13,1856;2991648,0.286084,8,1856;3018300,0.673439,8,1856;3023282,0.316563,16,1856;3033970,0.425746,2,1856;3049676,0.270889,2,1856;3054221,0.440719,17,1856;3077889,0.485414,11,1856;3079167,0.351514,15,1856;3093528,0.492816,17,1856;3124552,0.185886,17,1856;3168000,0.363919,8,1856;3220288,0.530918,17,1856;3263958,0.49568,8,1856;3281228,0.478834,10,1856;3400801,0.504082,2,1856;3407146,0.517118,13,1856;3411988,0.478657,2,1856;3431142,0.32817,15,1856;3465504,0.19792,1,1856;3530377,0.364953,15,1856;3585716,0.403125,7,1856;3651180,0.429876,3,1856;3662710,0.36192,18,1856;3663521,0.524321,14,1856;3728630,0.640406,8,1856;3762002,0.364332,17,1856;536588,0.417988,14,1856;569073,0.462401,17,1856;594213,0.290112,1,1856;651516,0.534437,8,1856;658648,0.493313,10,1856;1397091,0.523477,13,1856;1222703,0.419376,8,1856;1224816,0.411186,18,1856;1224862,0.269726,17,1856;1245608,0.333128,8,1856;1339642,0.363942,16,1856;1093571,0.671815,8,1856;1118107,0.574239,11,1856;1124142,0.344978,14,1856;1127421,0.476646,10,1856;1162283,0.274253,15,1856;205603,0.160958,17,1856;218392,0.485027,16,1856;240136,0.017644,13,1856;252792,0.519308,8,1856;296023,0.658406,8,1856;298729,0.445527,4,1856;1557504,0.296361,11,1856;1561091,0.256627,13,1856;1594522,0.364583,8,1856;1600055,0.136143,13,1856;14948,0.312896,1,1856;28065,0.378281,15,1856;31135,0.2443,17,1856;85716,0.334467,8,1856;125615,0.36321,15,1856;126961,0.554302,8,1856;146355,0.568314,8,1856;1729270,0.651023,16,1856;1773779,0.583799,8,1856;1779217,0.395907,7,1856;1813403,0.219719,4,1856;1849733,0.33685,7,1856;353219,0.348935,14,1856;405649,0.22667,17,1856;421751,0.462031,17,1856;881427,0.552605,8,1856;908186,0.301753,11,1856;916606,0.521568,16,1856;940373,0.530765,8,1856;990461,0.605978,8,1856;1018511,0.553153,8,1856;711985,0.449719,17,1856;718215,0.483673,8,1856;791156,0.541016,8,1856;828447,0.394601,16,1856;6715336,0.495677,17,1856;6730555,0.413822,17,1856;6743898,0.46393,8,1856;6776294,0.424496,8,1856;6366270,0.546895,8,1856;6385042,0.25468,7,1856;6390834,0.359184,17,1856;6435040,0.437165,3,1856;6438422,0.347809,8,1856;6456341,0.264069,17,1856;6462857,0.306289,1,1856;6002748,0.549037,8,1856;6030477,0.374754,17,1856;6050922,0.249708,11,1856;6057284,0.372011,8,1856;6109771,0.618416,8,1856;6113369,0.609967,8,1856;6859469,0.402563,15,1856;6860562,0.290335,17,1856;6865502,0.607937,8,1856;6915343,0.482008,17,1856;6929021,0.441989,15,1856;6972504,0.361343,17,1856;6989770,0.467585,8,1856;6996182,0.470208,8,1856;6185503,0.355068,18,1856;6222485,0.215107,3,1856;6253719,0.407348,1,1856;6318458,0.496685,8,1856;6321414,0.181963,13,1856;6549331,0.635786,8,1856;6574196,0.447515,17,1856;6576346,0.343797,17,1856;6652108,0.55497,8,1856;5709172,0.348979,14,1856;5823638,0.438696,2,1856;7116356,0.447018,2,1856;7142291,0.511858,3,1856;7144311,0.523678,8,1856;7160424,0.372736,1,1856;5829763,0.400546,1,1856;5906718,0.269447,7,1856;5910030,0.417363,17,1856;5922318,0.442879,1,1856;5927227,0.352411,10,1856;7246536,0.55676,8,1856;5140535,0.578368,10,1856;5193597,0.319978,15,1856;5216153,0.354399,3,1856;5222209,0.448091,17,1856;5239032,0.680544,8,1856;5278931,0.434888,15,1856;4671167,0.369655,17,1856;4722028,0.3688,13,1856;4775613,0.223444,4,1856;4797379,0.371699,16,1856;4131761,0.698974,8,1856;4176289,0.545915,8,1856;4242378,0.524753,8,1856;4255180,0.586442,7,1856;3866842,0.323003,17,1856;3929718,0.333323,16,1856;3936430,0.306708,17,1856;5350614,0.307921,20,1856;5357175,0.42519,17,1856;5392883,0.669804,8,1856;5427654,0.430811,3,1856;5436564,0.320409,3,1856;5446735,0.534434,8,1856;5474189,0.265835,16,1856;4290462,0.519518,8,1856;4296604,0.385628,17,1856;4324693,0.560791,8,1856;4381282,0.411485,1,1856;4448125,0.346835,16,1856;3945765,0.36338,16,1856;3976233,0.419639,16,1856;3983374,0.623677,8,1856;3999435,0.655256,8,1856;4457651,0.495361,3,1856;4479456,0.365714,17,1856;4490059,0.495333,17,1856;4499053,0.280142,13,1856;4516289,0.28863,8,1856;4540125,0.4057,15,1856;4564024,0.250361,16,1856;4596405,0.506884,15,1856;4874471,0.382488,17,1856;4881440,0.326208,17,1856;4937952,0.284653,1,1856;4958693,0.370475,17,1856;4983749,0.620671,8,1856;5065330,0.540577,8,1856;5102564,0.327936,16,1856;5110000,0.327976,1,1856;5117772,0.424136,1,1856;5127967,0.198558,1,1856;5135247,0.297437,17,1856;5512137,0.387655,1,1856;5521707,0.415303,17,1856;5541886,0.439374,1,1856;5548713,0.248365,5,1856;5579256,0.545202,2,1856;5606102,0.444062,6,1856;5630443,0.35311,17,1856;5640185,0.459876,8,1856
51657559	2263933,0.340822,15,2260
52156753	6415892,0.326874,13,174;5866780,0.264881,11,174;5907504,0.340253,20,174;5758557,0.260469,15,174;6695685,0.251087,17,174;6701056,0.330123,8,174;7129932,0.699919,8,174;6037131,0.279122,1,174;7207356,0.355524,8,174;7236225,0.421421,4,174;7285079,0.651934,8,174;3829542,0.25028,1,174;3885530,0.684483,8,174;4120373,0.382662,18,174;5497273,0.2654,18,174;5645228,0.381312,13,174;4472139,0.351849,20,174;4561880,0.134747,11,174;5195838,0.079448,9,174;5240631,0.294295,13,174;4344619,0.31813,15,174;1721905,0.324295,1,174;1723527,0.22473,13,174;1817175,0.366185,8,174;1859457,0.281186,1,174;1864115,0.177064,13,174;71276,0.309737,10,174;1498323,0.415315,0,174;1581436,0.451706,4,174;345750,0.359692,3,174;503895,0.4002,15,174;508648,0.256925,20,174;1085804,0.354782,1,174;1129947,0.497837,8,174;1144522,0.339839,14,174;1022284,0.474423,15,174;1250436,0.166625,1,174;762942,0.461626,16,174;1889101,0.307249,13,174;1925072,0.396194,20,174;1934558,0.252701,1,174;2071738,0.474832,8,174;2214474,0.206331,11,174;2357373,0.241953,1,174;2949055,0.611378,8,174;3049536,0.127272,17,174;3100860,0.369075,8,174;3176988,0.450584,18,174;3309141,0.28719,13,174;3427662,0.375136,0,174;3439362,0.688961,8,174;3564698,0.235567,17,174
